"","representative","taxID","taxon","rank","score","kingdom","phylum","class","order","family","genus","species"
"1","ASV1",80720,"Gadus macrocephalus","species",NA,"Metazoa","Chordata","Actinopteri","Gadiformes","Gadidae","Gadus","Gadus macrocephalus"
"2","ASV2",41871,"Acipenser fulvescens","species",NA,"Metazoa","Chordata","Actinopteri","Acipenseriformes","Acipenseridae","Acipenser","Acipenser fulvescens"
"3","ASV3",72067,"Sebastes crameri","species",NA,"Metazoa","Chordata","Actinopteri","Perciformes","Sebastidae","Sebastes","Sebastes crameri"
"4","ASV4",8017,"Oncorhynchus gorbuscha","species",NA,"Metazoa","Chordata","Actinopteri","Salmoniformes","Salmonidae","Oncorhynchus","Oncorhynchus gorbuscha"
"5","ASV5",84620,"Ammodytes","genus",NA,"Metazoa","Chordata","Actinopteri","Uranoscopiformes","Ammodytidae","Ammodytes",""
"6","ASV6",72449,"Hexagrammos","genus",NA,"Metazoa","Chordata","Actinopteri","Perciformes","Hexagrammidae","Hexagrammos",""
"7","ASV7",30724,"Clupea pallasii","species",NA,"Metazoa","Chordata","Actinopteri","Clupeiformes","Clupeidae","Clupea","Clupea pallasii"
"8","ASV8",283367,"Pholis laeta","species",NA,"Metazoa","Chordata","Actinopteri","Perciformes","Pholidae","Pholis","Pholis laeta"
"9","ASV9",8048,"Gadus","genus",NA,"Metazoa","Chordata","Actinopteri","Gadiformes","Gadidae","Gadus",""
"10","ASV10",1042646,"Gadus chalcogrammus","species",NA,"Metazoa","Chordata","Actinopteri","Gadiformes","Gadidae","Gadus","Gadus chalcogrammus"
"11","ASV11",274741,"Hexagrammos decagrammus","species",NA,"Metazoa","Chordata","Actinopteri","Perciformes","Hexagrammidae","Hexagrammos","Hexagrammos decagrammus"
"12","ASV12",34820,"Sebastes","genus",NA,"Metazoa","Chordata","Actinopteri","Perciformes","Sebastidae","Sebastes",""
"13","ASV13",320622,"Anoplarchus","genus",NA,"Metazoa","Chordata","Actinopteri","Perciformes","Stichaeidae","Anoplarchus",""
"14","ASV14",8257,"Limanda","genus",NA,"Metazoa","Chordata","Actinopteri","Pleuronectiformes","Pleuronectidae","Limanda",""
"15","ASV15",433390,"Hemilepidotus hemilepidotus","species",NA,"Metazoa","Chordata","Actinopteri","Perciformes","Cottidae","Hemilepidotus","Hemilepidotus hemilepidotus"
"16","ASV16",209541,"Trichodon trichodon","species",NA,"Metazoa","Chordata","Actinopteri","Perciformes","Trichodontidae","Trichodon","Trichodon trichodon"
"17","ASV17",283031,"Xiphister mucosus","species",NA,"Metazoa","Chordata","Actinopteri","Perciformes","Stichaeidae","Xiphister","Xiphister mucosus"
"18","ASV18",8095,"Myoxocephalus","genus",NA,"Metazoa","Chordata","Actinopteri","Perciformes","Cottidae","Myoxocephalus",""
"19","ASV19",30960,"Mallotus villosus","species",NA,"Metazoa","Chordata","Actinopteri","Osmeriformes","Salangidae","Mallotus","Mallotus villosus"
"20","ASV20",428033,"Atheresthes","genus",NA,"Metazoa","Chordata","Actinopteri","Pleuronectiformes","Pleuronectidae","Atheresthes",""
"21","ASV21",80720,"Gadus macrocephalus","species",NA,"Metazoa","Chordata","Actinopteri","Gadiformes","Gadidae","Gadus","Gadus macrocephalus"
"22","ASV22",8256,"Pleuronectidae","family",NA,"Metazoa","Chordata","Actinopteri","Pleuronectiformes","Pleuronectidae","",""
"23","ASV23",8039,"Salvelinus malma","species",NA,"Metazoa","Chordata","Actinopteri","Salmoniformes","Salmonidae","Salvelinus","Salvelinus malma"
"24","ASV24",428036,"Lumpenus sagitta","species",NA,"Metazoa","Chordata","Actinopteri","Perciformes","Stichaeidae","Lumpenus","Lumpenus sagitta"
"25","ASV25",8016,"Oncorhynchus","genus",NA,"Metazoa","Chordata","Actinopteri","Salmoniformes","Salmonidae","Oncorhynchus",""
"26","ASV26",8016,"Oncorhynchus","genus",NA,"Metazoa","Chordata","Actinopteri","Salmoniformes","Salmonidae","Oncorhynchus",""
"27","ASV27",320617,"Enophrys bison","species",NA,"Metazoa","Chordata","Actinopteri","Perciformes","Cottidae","Enophrys","Enophrys bison"
"28","ASV28",186623,"Actinopteri","class",1,"Metazoa","Chordata","Actinopteri","","","",""
"29","ASV29",195622,"Lepidopsetta","genus",NA,"Metazoa","Chordata","Actinopteri","Pleuronectiformes","Pleuronectidae","Lepidopsetta",""
"30","ASV30",8095,"Myoxocephalus","genus",NA,"Metazoa","Chordata","Actinopteri","Perciformes","Cottidae","Myoxocephalus",""
"31","ASV31",328409,"Oligocottus","genus",NA,"Metazoa","Chordata","Actinopteri","Perciformes","Cottidae","Oligocottus",""
"32","ASV32",274807,"Bathymaster","genus",NA,"Metazoa","Chordata","Actinopteri","Perciformes","Bathymasteridae","Bathymaster",""
"33","ASV33",8266,"Hippoglossus","genus",NA,"Metazoa","Chordata","Actinopteri","Pleuronectiformes","Pleuronectidae","Hippoglossus",""
"34","ASV34",8018,"Oncorhynchus keta","species",NA,"Metazoa","Chordata","Actinopteri","Salmoniformes","Salmonidae","Oncorhynchus","Oncorhynchus keta"
"35","ASV35",8092,"Cottidae","family",NA,"Metazoa","Chordata","Actinopteri","Perciformes","Cottidae","",""
"36","ASV36",8016,"Oncorhynchus","genus",NA,"Metazoa","Chordata","Actinopteri","Salmoniformes","Salmonidae","Oncorhynchus",""
"37","ASV37",186623,"Actinopteri","class",1,"Metazoa","Chordata","Actinopteri","","","",""
"38","ASV38",57779,"Apodichthys flavidus","species",NA,"Metazoa","Chordata","Actinopteri","Perciformes","Pholidae","Apodichthys","Apodichthys flavidus"
"39","ASV39",274758,"Artedius fenestralis","species",NA,"Metazoa","Chordata","Actinopteri","Perciformes","Cottidae","Artedius","Artedius fenestralis"
"40","ASV40",8016,"Oncorhynchus","genus",NA,"Metazoa","Chordata","Actinopteri","Salmoniformes","Salmonidae","Oncorhynchus",""
"41","ASV41",186623,"Actinopteri","class",1,"Metazoa","Chordata","Actinopteri","","","",""
"42","ASV42",8019,"Oncorhynchus kisutch","species",NA,"Metazoa","Chordata","Actinopteri","Salmoniformes","Salmonidae","Oncorhynchus","Oncorhynchus kisutch"
"43","ASV43",214925,"Leptocottus armatus","species",NA,"Metazoa","Chordata","Actinopteri","Perciformes","Cottidae","Leptocottus","Leptocottus armatus"
"44","ASV44",72450,"Hexagrammos otakii","species",NA,"Metazoa","Chordata","Actinopteri","Perciformes","Hexagrammidae","Hexagrammos","Hexagrammos otakii"
"45","ASV45",433399,"Artedius harringtoni","species",NA,"Metazoa","Chordata","Actinopteri","Perciformes","Cottidae","Artedius","Artedius harringtoni"
"46","ASV46",300346,"Hypomesus pretiosus","species",NA,"Metazoa","Chordata","Actinopteri","Osmeriformes","Osmeridae","Hypomesus","Hypomesus pretiosus"
"47","ASV47",186623,"Actinopteri","class",1,"Metazoa","Chordata","Actinopteri","","","",""
"48","ASV48",459045,"Clinocottus acuticeps","species",NA,"Metazoa","Chordata","Actinopteri","Perciformes","Cottidae","Clinocottus","Clinocottus acuticeps"
"49","ASV49",72449,"Hexagrammos","genus",NA,"Metazoa","Chordata","Actinopteri","Perciformes","Hexagrammidae","Hexagrammos",""
"50","ASV50",320590,"Zaprora silenus","species",NA,"Metazoa","Chordata","Actinopteri","Perciformes","Zaproridae","Zaprora","Zaprora silenus"
"51","ASV51",8256,"Pleuronectidae","family",NA,"Metazoa","Chordata","Actinopteri","Pleuronectiformes","Pleuronectidae","",""
"52","ASV52",186623,"Actinopteri","class",1,"Metazoa","Chordata","Actinopteri","","","",""
"53","ASV53",8045,"Gadidae","family",NA,"Metazoa","Chordata","Actinopteri","Gadiformes","Gadidae","",""
"54","ASV54",80721,"Microgadus proximus","species",NA,"Metazoa","Chordata","Actinopteri","Gadiformes","Gadidae","Microgadus","Microgadus proximus"
"55","ASV55",8048,"Gadus","genus",NA,"Metazoa","Chordata","Actinopteri","Gadiformes","Gadidae","Gadus",""
"56","ASV56",186623,"Actinopteri","class",1,"Metazoa","Chordata","Actinopteri","","","",""
"57","ASV57",980336,"Lumpenus fabricii","species",NA,"Metazoa","Chordata","Actinopteri","Perciformes","Stichaeidae","Lumpenus","Lumpenus fabricii"
"58","ASV58",8048,"Gadus","genus",NA,"Metazoa","Chordata","Actinopteri","Gadiformes","Gadidae","Gadus",""
"59","ASV59",195622,"Lepidopsetta","genus",NA,"Metazoa","Chordata","Actinopteri","Pleuronectiformes","Pleuronectidae","Lepidopsetta",""
"60","ASV60",8048,"Gadus","genus",NA,"Metazoa","Chordata","Actinopteri","Gadiformes","Gadidae","Gadus",""
"61","ASV61",186623,"Actinopteri","class",1,"Metazoa","Chordata","Actinopteri","","","",""
"62","ASV62",8045,"Gadidae","family",NA,"Metazoa","Chordata","Actinopteri","Gadiformes","Gadidae","",""
"63","ASV63",8045,"Gadidae","family",NA,"Metazoa","Chordata","Actinopteri","Gadiformes","Gadidae","",""
"64","ASV64",8045,"Gadidae","family",NA,"Metazoa","Chordata","Actinopteri","Gadiformes","Gadidae","",""
"65","ASV65",74940,"Oncorhynchus tshawytscha","species",NA,"Metazoa","Chordata","Actinopteri","Salmoniformes","Salmonidae","Oncorhynchus","Oncorhynchus tshawytscha"
"66","ASV66",44932,"Boreogadus saida","species",NA,"Metazoa","Chordata","Actinopteri","Gadiformes","Gadidae","Boreogadus","Boreogadus saida"
"67","ASV67",274705,"Sebastinae","subfamily",NA,"Metazoa","Chordata","Actinopteri","Perciformes","Sebastidae","",""
"68","ASV68",186623,"Actinopteri","class",1,"Metazoa","Chordata","Actinopteri","","","",""
"69","ASV69",186623,"Actinopteri","class",1,"Metazoa","Chordata","Actinopteri","","","",""
"70","ASV70",34820,"Sebastes","genus",NA,"Metazoa","Chordata","Actinopteri","Perciformes","Sebastidae","Sebastes",""
"71","ASV71",319775,"Citharichthys stigmaeus","species",NA,"Metazoa","Chordata","Actinopteri","Pleuronectiformes","Paralichthyidae","Citharichthys","Citharichthys stigmaeus"
"72","ASV72",240152,"Aulorhynchus flavidus","species",NA,"Metazoa","Chordata","Actinopteri","Perciformes","Aulorhynchidae","Aulorhynchus","Aulorhynchus flavidus"
"73","ASV73",8045,"Gadidae","family",NA,"Metazoa","Chordata","Actinopteri","Gadiformes","Gadidae","",""
"74","ASV74",186623,"Actinopteri","class",1,"Metazoa","Chordata","Actinopteri","","","",""
"75","ASV75",72449,"Hexagrammos","genus",NA,"Metazoa","Chordata","Actinopteri","Perciformes","Hexagrammidae","Hexagrammos",""
"76","ASV76",72449,"Hexagrammos","genus",NA,"Metazoa","Chordata","Actinopteri","Perciformes","Hexagrammidae","Hexagrammos",""
"77","ASV77",8016,"Oncorhynchus","genus",NA,"Metazoa","Chordata","Actinopteri","Salmoniformes","Salmonidae","Oncorhynchus",""
"78","ASV78",186623,"Actinopteri","class",1,"Metazoa","Chordata","Actinopteri","","","",""
"79","ASV79",186623,"Actinopteri","class",1,"Metazoa","Chordata","Actinopteri","","","",""
"80","ASV80",8048,"Gadus","genus",NA,"Metazoa","Chordata","Actinopteri","Gadiformes","Gadidae","Gadus",""
"81","ASV81",186623,"Actinopteri","class",1,"Metazoa","Chordata","Actinopteri","","","",""
"82","ASV82",8048,"Gadus","genus",NA,"Metazoa","Chordata","Actinopteri","Gadiformes","Gadidae","Gadus",""
"83","ASV83",8016,"Oncorhynchus","genus",NA,"Metazoa","Chordata","Actinopteri","Salmoniformes","Salmonidae","Oncorhynchus",""
"84","ASV84",8048,"Gadus","genus",NA,"Metazoa","Chordata","Actinopteri","Gadiformes","Gadidae","Gadus",""
"85","ASV85",9606,"Homo sapiens","species",NA,"Metazoa","Chordata","Mammalia","Primates","Hominidae","Homo","Homo sapiens"
"86","ASV86",8048,"Gadus","genus",NA,"Metazoa","Chordata","Actinopteri","Gadiformes","Gadidae","Gadus",""
"87","ASV87",186623,"Actinopteri","class",1,"Metazoa","Chordata","Actinopteri","","","",""
"88","ASV88",8048,"Gadus","genus",NA,"Metazoa","Chordata","Actinopteri","Gadiformes","Gadidae","Gadus",""
"89","ASV89",186623,"Actinopteri","class",1,"Metazoa","Chordata","Actinopteri","","","",""
"90","ASV90",186623,"Actinopteri","class",1,"Metazoa","Chordata","Actinopteri","","","",""
"91","ASV91",8045,"Gadidae","family",NA,"Metazoa","Chordata","Actinopteri","Gadiformes","Gadidae","",""
"92","ASV92",8048,"Gadus","genus",NA,"Metazoa","Chordata","Actinopteri","Gadiformes","Gadidae","Gadus",""
"93","ASV93",239743,"Myoxocephalus stelleri","species",NA,"Metazoa","Chordata","Actinopteri","Perciformes","Cottidae","Myoxocephalus","Myoxocephalus stelleri"
"94","ASV94",1,"root","no rank",1,"","","","","","",""
"95","ASV95",186623,"Actinopteri","class",1,"Metazoa","Chordata","Actinopteri","","","",""
"96","ASV96",186623,"Actinopteri","class",1,"Metazoa","Chordata","Actinopteri","","","",""
"97","ASV97",8016,"Oncorhynchus","genus",NA,"Metazoa","Chordata","Actinopteri","Salmoniformes","Salmonidae","Oncorhynchus",""
"98","ASV98",30892,"Stichaeidae","family",NA,"Metazoa","Chordata","Actinopteri","Perciformes","Stichaeidae","",""
"99","ASV99",8048,"Gadus","genus",NA,"Metazoa","Chordata","Actinopteri","Gadiformes","Gadidae","Gadus",""
"100","ASV100",8048,"Gadus","genus",NA,"Metazoa","Chordata","Actinopteri","Gadiformes","Gadidae","Gadus",""
"101","ASV101",8048,"Gadus","genus",NA,"Metazoa","Chordata","Actinopteri","Gadiformes","Gadidae","Gadus",""
"102","ASV102",8048,"Gadus","genus",NA,"Metazoa","Chordata","Actinopteri","Gadiformes","Gadidae","Gadus",""
"103","ASV103",980325,"Blepsias bilobus","species",NA,"Metazoa","Chordata","Actinopteri","Perciformes","Agonidae","Blepsias","Blepsias bilobus"
"104","ASV104",186623,"Actinopteri","class",1,"Metazoa","Chordata","Actinopteri","","","",""
"105","ASV105",8048,"Gadus","genus",NA,"Metazoa","Chordata","Actinopteri","Gadiformes","Gadidae","Gadus",""
"106","ASV106",186623,"Actinopteri","class",1,"Metazoa","Chordata","Actinopteri","","","",""
"107","ASV107",8016,"Oncorhynchus","genus",NA,"Metazoa","Chordata","Actinopteri","Salmoniformes","Salmonidae","Oncorhynchus",""
"108","ASV108",186623,"Actinopteri","class",1,"Metazoa","Chordata","Actinopteri","","","",""
"109","ASV109",8256,"Pleuronectidae","family",NA,"Metazoa","Chordata","Actinopteri","Pleuronectiformes","Pleuronectidae","",""
"110","ASV110",8016,"Oncorhynchus","genus",NA,"Metazoa","Chordata","Actinopteri","Salmoniformes","Salmonidae","Oncorhynchus",""
"111","ASV111",186623,"Actinopteri","class",1,"Metazoa","Chordata","Actinopteri","","","",""
"112","ASV112",30892,"Stichaeidae","family",NA,"Metazoa","Chordata","Actinopteri","Perciformes","Stichaeidae","",""
"113","ASV113",229290,"Anoplopoma fimbria","species",NA,"Metazoa","Chordata","Actinopteri","Perciformes","Anoplopomatidae","Anoplopoma","Anoplopoma fimbria"
"114","ASV114",186623,"Actinopteri","class",1,"Metazoa","Chordata","Actinopteri","","","",""
"115","ASV115",186623,"Actinopteri","class",1,"Metazoa","Chordata","Actinopteri","","","",""
"116","ASV116",186623,"Actinopteri","class",1,"Metazoa","Chordata","Actinopteri","","","",""
"117","ASV117",186623,"Actinopteri","class",1,"Metazoa","Chordata","Actinopteri","","","",""
"118","ASV118",72449,"Hexagrammos","genus",NA,"Metazoa","Chordata","Actinopteri","Perciformes","Hexagrammidae","Hexagrammos",""
"119","ASV119",8016,"Oncorhynchus","genus",NA,"Metazoa","Chordata","Actinopteri","Salmoniformes","Salmonidae","Oncorhynchus",""
"120","ASV120",69293,"Gasterosteus aculeatus","species",NA,"Metazoa","Chordata","Actinopteri","Perciformes","Gasterosteidae","Gasterosteus","Gasterosteus aculeatus"
"121","ASV121",186623,"Actinopteri","class",1,"Metazoa","Chordata","Actinopteri","","","",""
"122","ASV122",186623,"Actinopteri","class",1,"Metazoa","Chordata","Actinopteri","","","",""
"123","ASV123",8045,"Gadidae","family",NA,"Metazoa","Chordata","Actinopteri","Gadiformes","Gadidae","",""
"124","ASV124",186623,"Actinopteri","class",1,"Metazoa","Chordata","Actinopteri","","","",""
"125","ASV125",8045,"Gadidae","family",NA,"Metazoa","Chordata","Actinopteri","Gadiformes","Gadidae","",""
"126","ASV126",8048,"Gadus","genus",NA,"Metazoa","Chordata","Actinopteri","Gadiformes","Gadidae","Gadus",""
"127","ASV127",1562383,"Polypera greeni","species",NA,"Metazoa","Chordata","Actinopteri","Perciformes","Liparidae","Polypera","Polypera greeni"
"128","ASV128",186623,"Actinopteri","class",1,"Metazoa","Chordata","Actinopteri","","","",""
"129","ASV129",8095,"Myoxocephalus","genus",NA,"Metazoa","Chordata","Actinopteri","Perciformes","Cottidae","Myoxocephalus",""
"130","ASV130",186623,"Actinopteri","class",1,"Metazoa","Chordata","Actinopteri","","","",""
"131","ASV131",72449,"Hexagrammos","genus",NA,"Metazoa","Chordata","Actinopteri","Perciformes","Hexagrammidae","Hexagrammos",""
"132","ASV132",72073,"Sebastes entomelas","species",NA,"Metazoa","Chordata","Actinopteri","Perciformes","Sebastidae","Sebastes","Sebastes entomelas"
"133","ASV133",186623,"Actinopteri","class",1,"Metazoa","Chordata","Actinopteri","","","",""
"134","ASV134",186623,"Actinopteri","class",1,"Metazoa","Chordata","Actinopteri","","","",""
"135","ASV135",186623,"Actinopteri","class",1,"Metazoa","Chordata","Actinopteri","","","",""
"136","ASV136",186623,"Actinopteri","class",1,"Metazoa","Chordata","Actinopteri","","","",""
"137","ASV137",8256,"Pleuronectidae","family",NA,"Metazoa","Chordata","Actinopteri","Pleuronectiformes","Pleuronectidae","",""
"138","ASV138",8016,"Oncorhynchus","genus",NA,"Metazoa","Chordata","Actinopteri","Salmoniformes","Salmonidae","Oncorhynchus",""
"139","ASV139",186623,"Actinopteri","class",1,"Metazoa","Chordata","Actinopteri","","","",""
"140","ASV140",186623,"Actinopteri","class",1,"Metazoa","Chordata","Actinopteri","","","",""
"141","ASV141",186623,"Actinopteri","class",1,"Metazoa","Chordata","Actinopteri","","","",""
"142","ASV142",1,"root","no rank",1,"","","","","","",""
"143","ASV143",8016,"Oncorhynchus","genus",NA,"Metazoa","Chordata","Actinopteri","Salmoniformes","Salmonidae","Oncorhynchus",""
"144","ASV144",8048,"Gadus","genus",NA,"Metazoa","Chordata","Actinopteri","Gadiformes","Gadidae","Gadus",""
"145","ASV145",186623,"Actinopteri","class",1,"Metazoa","Chordata","Actinopteri","","","",""
"146","ASV146",186623,"Actinopteri","class",1,"Metazoa","Chordata","Actinopteri","","","",""
"147","ASV147",186623,"Actinopteri","class",1,"Metazoa","Chordata","Actinopteri","","","",""
"148","ASV148",186623,"Actinopteri","class",1,"Metazoa","Chordata","Actinopteri","","","",""
"149","ASV149",186623,"Actinopteri","class",1,"Metazoa","Chordata","Actinopteri","","","",""
"150","ASV150",186623,"Actinopteri","class",1,"Metazoa","Chordata","Actinopteri","","","",""
"151","ASV151",8045,"Gadidae","family",NA,"Metazoa","Chordata","Actinopteri","Gadiformes","Gadidae","",""
"152","ASV152",1,"root","no rank",1,"","","","","","",""
"153","ASV153",186623,"Actinopteri","class",1,"Metazoa","Chordata","Actinopteri","","","",""
"154","ASV154",186623,"Actinopteri","class",1,"Metazoa","Chordata","Actinopteri","","","",""
"155","ASV155",30892,"Stichaeidae","family",NA,"Metazoa","Chordata","Actinopteri","Perciformes","Stichaeidae","",""
"156","ASV156",186623,"Actinopteri","class",1,"Metazoa","Chordata","Actinopteri","","","",""
"157","ASV157",186623,"Actinopteri","class",1,"Metazoa","Chordata","Actinopteri","","","",""
"158","ASV158",72449,"Hexagrammos","genus",NA,"Metazoa","Chordata","Actinopteri","Perciformes","Hexagrammidae","Hexagrammos",""
"159","ASV159",186623,"Actinopteri","class",1,"Metazoa","Chordata","Actinopteri","","","",""
"160","ASV160",8109,"Sebastolobus","genus",NA,"Metazoa","Chordata","Actinopteri","Perciformes","Sebastidae","Sebastolobus",""
"161","ASV161",1,"root","no rank",1,"","","","","","",""
"162","ASV162",8016,"Oncorhynchus","genus",NA,"Metazoa","Chordata","Actinopteri","Salmoniformes","Salmonidae","Oncorhynchus",""
"163","ASV163",186623,"Actinopteri","class",1,"Metazoa","Chordata","Actinopteri","","","",""
"164","ASV164",8048,"Gadus","genus",NA,"Metazoa","Chordata","Actinopteri","Gadiformes","Gadidae","Gadus",""
"165","ASV165",186623,"Actinopteri","class",1,"Metazoa","Chordata","Actinopteri","","","",""
"166","ASV166",8048,"Gadus","genus",NA,"Metazoa","Chordata","Actinopteri","Gadiformes","Gadidae","Gadus",""
"167","ASV167",8016,"Oncorhynchus","genus",NA,"Metazoa","Chordata","Actinopteri","Salmoniformes","Salmonidae","Oncorhynchus",""
"168","ASV168",186623,"Actinopteri","class",1,"Metazoa","Chordata","Actinopteri","","","",""
"169","ASV169",186623,"Actinopteri","class",1,"Metazoa","Chordata","Actinopteri","","","",""
"170","ASV170",8256,"Pleuronectidae","family",NA,"Metazoa","Chordata","Actinopteri","Pleuronectiformes","Pleuronectidae","",""
"171","ASV171",72449,"Hexagrammos","genus",NA,"Metazoa","Chordata","Actinopteri","Perciformes","Hexagrammidae","Hexagrammos",""
"172","ASV172",186623,"Actinopteri","class",1,"Metazoa","Chordata","Actinopteri","","","",""
"173","ASV173",186623,"Actinopteri","class",1,"Metazoa","Chordata","Actinopteri","","","",""
"174","ASV174",186623,"Actinopteri","class",1,"Metazoa","Chordata","Actinopteri","","","",""
"175","ASV175",8256,"Pleuronectidae","family",NA,"Metazoa","Chordata","Actinopteri","Pleuronectiformes","Pleuronectidae","",""
"176","ASV176",30892,"Stichaeidae","family",NA,"Metazoa","Chordata","Actinopteri","Perciformes","Stichaeidae","",""
"177","ASV177",186623,"Actinopteri","class",1,"Metazoa","Chordata","Actinopteri","","","",""
"178","ASV178",186623,"Actinopteri","class",1,"Metazoa","Chordata","Actinopteri","","","",""
"179","ASV179",186623,"Actinopteri","class",1,"Metazoa","Chordata","Actinopteri","","","",""
"180","ASV180",8048,"Gadus","genus",NA,"Metazoa","Chordata","Actinopteri","Gadiformes","Gadidae","Gadus",""
"181","ASV181",186623,"Actinopteri","class",1,"Metazoa","Chordata","Actinopteri","","","",""
"182","ASV182",186623,"Actinopteri","class",1,"Metazoa","Chordata","Actinopteri","","","",""
"183","ASV183",8256,"Pleuronectidae","family",NA,"Metazoa","Chordata","Actinopteri","Pleuronectiformes","Pleuronectidae","",""
"184","ASV184",274705,"Sebastinae","subfamily",NA,"Metazoa","Chordata","Actinopteri","Perciformes","Sebastidae","",""
"185","ASV185",186623,"Actinopteri","class",1,"Metazoa","Chordata","Actinopteri","","","",""
"186","ASV186",186623,"Actinopteri","class",1,"Metazoa","Chordata","Actinopteri","","","",""
"187","ASV187",8048,"Gadus","genus",NA,"Metazoa","Chordata","Actinopteri","Gadiformes","Gadidae","Gadus",""
"188","ASV188",8048,"Gadus","genus",NA,"Metazoa","Chordata","Actinopteri","Gadiformes","Gadidae","Gadus",""
"189","ASV189",186623,"Actinopteri","class",1,"Metazoa","Chordata","Actinopteri","","","",""
"190","ASV190",186623,"Actinopteri","class",1,"Metazoa","Chordata","Actinopteri","","","",""
"191","ASV191",8048,"Gadus","genus",NA,"Metazoa","Chordata","Actinopteri","Gadiformes","Gadidae","Gadus",""
"192","ASV192",186623,"Actinopteri","class",1,"Metazoa","Chordata","Actinopteri","","","",""
"193","ASV193",186623,"Actinopteri","class",1,"Metazoa","Chordata","Actinopteri","","","",""
"194","ASV194",8048,"Gadus","genus",NA,"Metazoa","Chordata","Actinopteri","Gadiformes","Gadidae","Gadus",""
"195","ASV195",8016,"Oncorhynchus","genus",NA,"Metazoa","Chordata","Actinopteri","Salmoniformes","Salmonidae","Oncorhynchus",""
"196","ASV196",30892,"Stichaeidae","family",NA,"Metazoa","Chordata","Actinopteri","Perciformes","Stichaeidae","",""
"197","ASV197",8256,"Pleuronectidae","family",NA,"Metazoa","Chordata","Actinopteri","Pleuronectiformes","Pleuronectidae","",""
"198","ASV198",186623,"Actinopteri","class",1,"Metazoa","Chordata","Actinopteri","","","",""
"199","ASV199",72449,"Hexagrammos","genus",NA,"Metazoa","Chordata","Actinopteri","Perciformes","Hexagrammidae","Hexagrammos",""
"200","ASV200",186623,"Actinopteri","class",1,"Metazoa","Chordata","Actinopteri","","","",""
"201","ASV201",8016,"Oncorhynchus","genus",NA,"Metazoa","Chordata","Actinopteri","Salmoniformes","Salmonidae","Oncorhynchus",""
"202","ASV202",8048,"Gadus","genus",NA,"Metazoa","Chordata","Actinopteri","Gadiformes","Gadidae","Gadus",""
"203","ASV203",186623,"Actinopteri","class",1,"Metazoa","Chordata","Actinopteri","","","",""
"204","ASV204",8048,"Gadus","genus",NA,"Metazoa","Chordata","Actinopteri","Gadiformes","Gadidae","Gadus",""
"205","ASV205",186623,"Actinopteri","class",1,"Metazoa","Chordata","Actinopteri","","","",""
"206","ASV206",8048,"Gadus","genus",NA,"Metazoa","Chordata","Actinopteri","Gadiformes","Gadidae","Gadus",""
"207","ASV207",8016,"Oncorhynchus","genus",NA,"Metazoa","Chordata","Actinopteri","Salmoniformes","Salmonidae","Oncorhynchus",""
"208","ASV208",186623,"Actinopteri","class",1,"Metazoa","Chordata","Actinopteri","","","",""
"209","ASV209",186623,"Actinopteri","class",1,"Metazoa","Chordata","Actinopteri","","","",""
"210","ASV210",186623,"Actinopteri","class",1,"Metazoa","Chordata","Actinopteri","","","",""
"211","ASV211",186623,"Actinopteri","class",1,"Metazoa","Chordata","Actinopteri","","","",""
"212","ASV212",72449,"Hexagrammos","genus",NA,"Metazoa","Chordata","Actinopteri","Perciformes","Hexagrammidae","Hexagrammos",""
"213","ASV213",8016,"Oncorhynchus","genus",NA,"Metazoa","Chordata","Actinopteri","Salmoniformes","Salmonidae","Oncorhynchus",""
"214","ASV214",186623,"Actinopteri","class",1,"Metazoa","Chordata","Actinopteri","","","",""
"215","ASV215",186623,"Actinopteri","class",1,"Metazoa","Chordata","Actinopteri","","","",""
"216","ASV216",181459,"Aptocyclus ventricosus","species",NA,"Metazoa","Chordata","Actinopteri","Perciformes","Cyclopteridae","Aptocyclus","Aptocyclus ventricosus"
"217","ASV217",8045,"Gadidae","family",NA,"Metazoa","Chordata","Actinopteri","Gadiformes","Gadidae","",""
"218","ASV218",186623,"Actinopteri","class",1,"Metazoa","Chordata","Actinopteri","","","",""
"219","ASV219",72449,"Hexagrammos","genus",NA,"Metazoa","Chordata","Actinopteri","Perciformes","Hexagrammidae","Hexagrammos",""
"220","ASV220",8016,"Oncorhynchus","genus",NA,"Metazoa","Chordata","Actinopteri","Salmoniformes","Salmonidae","Oncorhynchus",""
"221","ASV221",186623,"Actinopteri","class",1,"Metazoa","Chordata","Actinopteri","","","",""
"222","ASV222",320618,"Liparis florae","species",NA,"Metazoa","Chordata","Actinopteri","Perciformes","Liparidae","Liparis","Liparis florae"
"223","ASV223",8045,"Gadidae","family",NA,"Metazoa","Chordata","Actinopteri","Gadiformes","Gadidae","",""
"224","ASV224",186623,"Actinopteri","class",1,"Metazoa","Chordata","Actinopteri","","","",""
"225","ASV225",186623,"Actinopteri","class",1,"Metazoa","Chordata","Actinopteri","","","",""
"226","ASV226",186623,"Actinopteri","class",1,"Metazoa","Chordata","Actinopteri","","","",""
"227","ASV227",186623,"Actinopteri","class",1,"Metazoa","Chordata","Actinopteri","","","",""
"228","ASV228",186623,"Actinopteri","class",1,"Metazoa","Chordata","Actinopteri","","","",""
"229","ASV229",186623,"Actinopteri","class",1,"Metazoa","Chordata","Actinopteri","","","",""
"230","ASV230",186623,"Actinopteri","class",1,"Metazoa","Chordata","Actinopteri","","","",""
"231","ASV231",37346,"Batrachocottus baicalensis","species",NA,"Metazoa","Chordata","Actinopteri","Perciformes","Cottidae","Batrachocottus","Batrachocottus baicalensis"
"232","ASV232",186623,"Actinopteri","class",1,"Metazoa","Chordata","Actinopteri","","","",""
"233","ASV233",186623,"Actinopteri","class",1,"Metazoa","Chordata","Actinopteri","","","",""
"234","ASV234",186623,"Actinopteri","class",1,"Metazoa","Chordata","Actinopteri","","","",""
"235","ASV235",186623,"Actinopteri","class",1,"Metazoa","Chordata","Actinopteri","","","",""
"236","ASV236",186623,"Actinopteri","class",1,"Metazoa","Chordata","Actinopteri","","","",""
"237","ASV237",186623,"Actinopteri","class",1,"Metazoa","Chordata","Actinopteri","","","",""
"238","ASV238",8045,"Gadidae","family",NA,"Metazoa","Chordata","Actinopteri","Gadiformes","Gadidae","",""
"239","ASV239",8095,"Myoxocephalus","genus",NA,"Metazoa","Chordata","Actinopteri","Perciformes","Cottidae","Myoxocephalus",""
"240","ASV240",8016,"Oncorhynchus","genus",NA,"Metazoa","Chordata","Actinopteri","Salmoniformes","Salmonidae","Oncorhynchus",""
"241","ASV241",1,"root","no rank",1,"","","","","","",""
"242","ASV242",186623,"Actinopteri","class",1,"Metazoa","Chordata","Actinopteri","","","",""
"243","ASV243",186623,"Actinopteri","class",1,"Metazoa","Chordata","Actinopteri","","","",""
"244","ASV244",186623,"Actinopteri","class",1,"Metazoa","Chordata","Actinopteri","","","",""
"245","ASV245",8048,"Gadus","genus",NA,"Metazoa","Chordata","Actinopteri","Gadiformes","Gadidae","Gadus",""
"246","ASV246",8016,"Oncorhynchus","genus",NA,"Metazoa","Chordata","Actinopteri","Salmoniformes","Salmonidae","Oncorhynchus",""
"247","ASV247",72449,"Hexagrammos","genus",NA,"Metazoa","Chordata","Actinopteri","Perciformes","Hexagrammidae","Hexagrammos",""
"248","ASV248",186623,"Actinopteri","class",1,"Metazoa","Chordata","Actinopteri","","","",""
"249","ASV249",1,"root","no rank",1,"","","","","","",""
"250","ASV250",8048,"Gadus","genus",NA,"Metazoa","Chordata","Actinopteri","Gadiformes","Gadidae","Gadus",""
"251","ASV251",8016,"Oncorhynchus","genus",NA,"Metazoa","Chordata","Actinopteri","Salmoniformes","Salmonidae","Oncorhynchus",""
"252","ASV252",8016,"Oncorhynchus","genus",NA,"Metazoa","Chordata","Actinopteri","Salmoniformes","Salmonidae","Oncorhynchus",""
"253","ASV253",186623,"Actinopteri","class",1,"Metazoa","Chordata","Actinopteri","","","",""
"254","ASV254",186623,"Actinopteri","class",1,"Metazoa","Chordata","Actinopteri","","","",""
"255","ASV255",186623,"Actinopteri","class",1,"Metazoa","Chordata","Actinopteri","","","",""
"256","ASV256",8048,"Gadus","genus",NA,"Metazoa","Chordata","Actinopteri","Gadiformes","Gadidae","Gadus",""
"257","ASV257",186623,"Actinopteri","class",1,"Metazoa","Chordata","Actinopteri","","","",""
"258","ASV258",186623,"Actinopteri","class",1,"Metazoa","Chordata","Actinopteri","","","",""
"259","ASV259",8045,"Gadidae","family",NA,"Metazoa","Chordata","Actinopteri","Gadiformes","Gadidae","",""
"260","ASV260",8048,"Gadus","genus",NA,"Metazoa","Chordata","Actinopteri","Gadiformes","Gadidae","Gadus",""
"261","ASV261",8256,"Pleuronectidae","family",NA,"Metazoa","Chordata","Actinopteri","Pleuronectiformes","Pleuronectidae","",""
"262","ASV262",1738904,"Phytichthys chirus","species",NA,"Metazoa","Chordata","Actinopteri","Perciformes","Stichaeidae","Phytichthys","Phytichthys chirus"
"263","ASV263",192376,"Hexagrammos agrammus","species",NA,"Metazoa","Chordata","Actinopteri","Perciformes","Hexagrammidae","Hexagrammos","Hexagrammos agrammus"
"264","ASV264",186623,"Actinopteri","class",1,"Metazoa","Chordata","Actinopteri","","","",""
"265","ASV265",186623,"Actinopteri","class",1,"Metazoa","Chordata","Actinopteri","","","",""
"266","ASV266",186623,"Actinopteri","class",1,"Metazoa","Chordata","Actinopteri","","","",""
"267","ASV267",186623,"Actinopteri","class",1,"Metazoa","Chordata","Actinopteri","","","",""
"268","ASV268",8095,"Myoxocephalus","genus",NA,"Metazoa","Chordata","Actinopteri","Perciformes","Cottidae","Myoxocephalus",""
"269","ASV269",186623,"Actinopteri","class",1,"Metazoa","Chordata","Actinopteri","","","",""
"270","ASV270",8045,"Gadidae","family",NA,"Metazoa","Chordata","Actinopteri","Gadiformes","Gadidae","",""
"271","ASV271",186623,"Actinopteri","class",1,"Metazoa","Chordata","Actinopteri","","","",""
"272","ASV272",72449,"Hexagrammos","genus",NA,"Metazoa","Chordata","Actinopteri","Perciformes","Hexagrammidae","Hexagrammos",""
"273","ASV273",8048,"Gadus","genus",NA,"Metazoa","Chordata","Actinopteri","Gadiformes","Gadidae","Gadus",""
"274","ASV274",186623,"Actinopteri","class",1,"Metazoa","Chordata","Actinopteri","","","",""
"275","ASV275",186623,"Actinopteri","class",1,"Metazoa","Chordata","Actinopteri","","","",""
"276","ASV276",186623,"Actinopteri","class",1,"Metazoa","Chordata","Actinopteri","","","",""
"277","ASV277",8045,"Gadidae","family",NA,"Metazoa","Chordata","Actinopteri","Gadiformes","Gadidae","",""
"278","ASV278",72449,"Hexagrammos","genus",NA,"Metazoa","Chordata","Actinopteri","Perciformes","Hexagrammidae","Hexagrammos",""
"279","ASV279",186623,"Actinopteri","class",1,"Metazoa","Chordata","Actinopteri","","","",""
"280","ASV280",8016,"Oncorhynchus","genus",NA,"Metazoa","Chordata","Actinopteri","Salmoniformes","Salmonidae","Oncorhynchus",""
"281","ASV281",72449,"Hexagrammos","genus",NA,"Metazoa","Chordata","Actinopteri","Perciformes","Hexagrammidae","Hexagrammos",""
"282","ASV282",186623,"Actinopteri","class",1,"Metazoa","Chordata","Actinopteri","","","",""
"283","ASV283",186623,"Actinopteri","class",1,"Metazoa","Chordata","Actinopteri","","","",""
"284","ASV284",8048,"Gadus","genus",NA,"Metazoa","Chordata","Actinopteri","Gadiformes","Gadidae","Gadus",""
"285","ASV285",186623,"Actinopteri","class",1,"Metazoa","Chordata","Actinopteri","","","",""
"286","ASV286",186623,"Actinopteri","class",1,"Metazoa","Chordata","Actinopteri","","","",""
"287","ASV287",8256,"Pleuronectidae","family",NA,"Metazoa","Chordata","Actinopteri","Pleuronectiformes","Pleuronectidae","",""
"288","ASV288",186623,"Actinopteri","class",1,"Metazoa","Chordata","Actinopteri","","","",""
"289","ASV289",8048,"Gadus","genus",NA,"Metazoa","Chordata","Actinopteri","Gadiformes","Gadidae","Gadus",""
"290","ASV290",186623,"Actinopteri","class",1,"Metazoa","Chordata","Actinopteri","","","",""
"291","ASV291",186623,"Actinopteri","class",1,"Metazoa","Chordata","Actinopteri","","","",""
"292","ASV292",186623,"Actinopteri","class",1,"Metazoa","Chordata","Actinopteri","","","",""
"293","ASV293",72449,"Hexagrammos","genus",NA,"Metazoa","Chordata","Actinopteri","Perciformes","Hexagrammidae","Hexagrammos",""
"294","ASV294",186623,"Actinopteri","class",1,"Metazoa","Chordata","Actinopteri","","","",""
"295","ASV295",8048,"Gadus","genus",NA,"Metazoa","Chordata","Actinopteri","Gadiformes","Gadidae","Gadus",""
"296","ASV296",1,"root","no rank",1,"","","","","","",""
"297","ASV297",186623,"Actinopteri","class",1,"Metazoa","Chordata","Actinopteri","","","",""
"298","ASV298",72449,"Hexagrammos","genus",NA,"Metazoa","Chordata","Actinopteri","Perciformes","Hexagrammidae","Hexagrammos",""
"299","ASV299",8045,"Gadidae","family",NA,"Metazoa","Chordata","Actinopteri","Gadiformes","Gadidae","",""
"300","ASV300",8048,"Gadus","genus",NA,"Metazoa","Chordata","Actinopteri","Gadiformes","Gadidae","Gadus",""
"301","ASV301",186623,"Actinopteri","class",1,"Metazoa","Chordata","Actinopteri","","","",""
"302","ASV302",72449,"Hexagrammos","genus",NA,"Metazoa","Chordata","Actinopteri","Perciformes","Hexagrammidae","Hexagrammos",""
"303","ASV303",186623,"Actinopteri","class",1,"Metazoa","Chordata","Actinopteri","","","",""
"304","ASV304",186623,"Actinopteri","class",1,"Metazoa","Chordata","Actinopteri","","","",""
"305","ASV305",186623,"Actinopteri","class",1,"Metazoa","Chordata","Actinopteri","","","",""
"306","ASV306",72449,"Hexagrammos","genus",NA,"Metazoa","Chordata","Actinopteri","Perciformes","Hexagrammidae","Hexagrammos",""
"307","ASV307",72449,"Hexagrammos","genus",NA,"Metazoa","Chordata","Actinopteri","Perciformes","Hexagrammidae","Hexagrammos",""
"308","ASV308",72449,"Hexagrammos","genus",NA,"Metazoa","Chordata","Actinopteri","Perciformes","Hexagrammidae","Hexagrammos",""
"309","ASV309",8033,"Salvelinus","genus",NA,"Metazoa","Chordata","Actinopteri","Salmoniformes","Salmonidae","Salvelinus",""
"310","ASV310",186623,"Actinopteri","class",1,"Metazoa","Chordata","Actinopteri","","","",""
"311","ASV311",8016,"Oncorhynchus","genus",NA,"Metazoa","Chordata","Actinopteri","Salmoniformes","Salmonidae","Oncorhynchus",""
"312","ASV312",186623,"Actinopteri","class",1,"Metazoa","Chordata","Actinopteri","","","",""
"313","ASV313",186623,"Actinopteri","class",1,"Metazoa","Chordata","Actinopteri","","","",""
"314","ASV314",8048,"Gadus","genus",NA,"Metazoa","Chordata","Actinopteri","Gadiformes","Gadidae","Gadus",""
"315","ASV315",1,"root","no rank",1,"","","","","","",""
"316","ASV316",186623,"Actinopteri","class",1,"Metazoa","Chordata","Actinopteri","","","",""
"317","ASV317",1,"root","no rank",1,"","","","","","",""
"318","ASV318",1,"root","no rank",1,"","","","","","",""
"319","ASV319",186623,"Actinopteri","class",1,"Metazoa","Chordata","Actinopteri","","","",""
"320","ASV320",186623,"Actinopteri","class",1,"Metazoa","Chordata","Actinopteri","","","",""
"321","ASV321",186623,"Actinopteri","class",1,"Metazoa","Chordata","Actinopteri","","","",""
"322","ASV322",72449,"Hexagrammos","genus",NA,"Metazoa","Chordata","Actinopteri","Perciformes","Hexagrammidae","Hexagrammos",""
"323","ASV323",186623,"Actinopteri","class",1,"Metazoa","Chordata","Actinopteri","","","",""
"324","ASV324",72449,"Hexagrammos","genus",NA,"Metazoa","Chordata","Actinopteri","Perciformes","Hexagrammidae","Hexagrammos",""
"325","ASV325",186623,"Actinopteri","class",1,"Metazoa","Chordata","Actinopteri","","","",""
"326","ASV326",186623,"Actinopteri","class",1,"Metazoa","Chordata","Actinopteri","","","",""
"327","ASV327",428032,"Nautichthys oculofasciatus","species",NA,"Metazoa","Chordata","Actinopteri","Perciformes","Agonidae","Nautichthys","Nautichthys oculofasciatus"
"328","ASV328",186623,"Actinopteri","class",1,"Metazoa","Chordata","Actinopteri","","","",""
"329","ASV329",8045,"Gadidae","family",NA,"Metazoa","Chordata","Actinopteri","Gadiformes","Gadidae","",""
"330","ASV330",72449,"Hexagrammos","genus",NA,"Metazoa","Chordata","Actinopteri","Perciformes","Hexagrammidae","Hexagrammos",""
"331","ASV331",186623,"Actinopteri","class",1,"Metazoa","Chordata","Actinopteri","","","",""
"332","ASV332",8048,"Gadus","genus",NA,"Metazoa","Chordata","Actinopteri","Gadiformes","Gadidae","Gadus",""
"333","ASV333",72449,"Hexagrammos","genus",NA,"Metazoa","Chordata","Actinopteri","Perciformes","Hexagrammidae","Hexagrammos",""
"334","ASV334",72449,"Hexagrammos","genus",NA,"Metazoa","Chordata","Actinopteri","Perciformes","Hexagrammidae","Hexagrammos",""
"335","ASV335",72449,"Hexagrammos","genus",NA,"Metazoa","Chordata","Actinopteri","Perciformes","Hexagrammidae","Hexagrammos",""
"336","ASV336",186623,"Actinopteri","class",1,"Metazoa","Chordata","Actinopteri","","","",""
"337","ASV337",1,"root","no rank",1,"","","","","","",""
"338","ASV338",8016,"Oncorhynchus","genus",NA,"Metazoa","Chordata","Actinopteri","Salmoniformes","Salmonidae","Oncorhynchus",""
"339","ASV339",186623,"Actinopteri","class",1,"Metazoa","Chordata","Actinopteri","","","",""
"340","ASV340",72449,"Hexagrammos","genus",NA,"Metazoa","Chordata","Actinopteri","Perciformes","Hexagrammidae","Hexagrammos",""
"341","ASV341",186623,"Actinopteri","class",1,"Metazoa","Chordata","Actinopteri","","","",""
"342","ASV342",8256,"Pleuronectidae","family",NA,"Metazoa","Chordata","Actinopteri","Pleuronectiformes","Pleuronectidae","",""
"343","ASV343",186623,"Actinopteri","class",1,"Metazoa","Chordata","Actinopteri","","","",""
"344","ASV344",186623,"Actinopteri","class",1,"Metazoa","Chordata","Actinopteri","","","",""
"345","ASV345",8048,"Gadus","genus",NA,"Metazoa","Chordata","Actinopteri","Gadiformes","Gadidae","Gadus",""
"346","ASV346",8256,"Pleuronectidae","family",NA,"Metazoa","Chordata","Actinopteri","Pleuronectiformes","Pleuronectidae","",""
"347","ASV347",186623,"Actinopteri","class",1,"Metazoa","Chordata","Actinopteri","","","",""
"348","ASV348",186623,"Actinopteri","class",1,"Metazoa","Chordata","Actinopteri","","","",""
"349","ASV349",186623,"Actinopteri","class",1,"Metazoa","Chordata","Actinopteri","","","",""
"350","ASV350",274705,"Sebastinae","subfamily",NA,"Metazoa","Chordata","Actinopteri","Perciformes","Sebastidae","",""
"351","ASV351",186623,"Actinopteri","class",1,"Metazoa","Chordata","Actinopteri","","","",""
"352","ASV352",186623,"Actinopteri","class",1,"Metazoa","Chordata","Actinopteri","","","",""
"353","ASV353",8048,"Gadus","genus",NA,"Metazoa","Chordata","Actinopteri","Gadiformes","Gadidae","Gadus",""
"354","ASV354",641111,"Pleuronectes quadrituberculatus","species",NA,"Metazoa","Chordata","Actinopteri","Pleuronectiformes","Pleuronectidae","Pleuronectes","Pleuronectes quadrituberculatus"
"355","ASV355",8256,"Pleuronectidae","family",NA,"Metazoa","Chordata","Actinopteri","Pleuronectiformes","Pleuronectidae","",""
"356","ASV356",186623,"Actinopteri","class",1,"Metazoa","Chordata","Actinopteri","","","",""
"357","ASV357",8048,"Gadus","genus",NA,"Metazoa","Chordata","Actinopteri","Gadiformes","Gadidae","Gadus",""
"358","ASV358",186623,"Actinopteri","class",1,"Metazoa","Chordata","Actinopteri","","","",""
"359","ASV359",8016,"Oncorhynchus","genus",NA,"Metazoa","Chordata","Actinopteri","Salmoniformes","Salmonidae","Oncorhynchus",""
"360","ASV360",186623,"Actinopteri","class",1,"Metazoa","Chordata","Actinopteri","","","",""
"361","ASV361",186623,"Actinopteri","class",1,"Metazoa","Chordata","Actinopteri","","","",""
"362","ASV362",186623,"Actinopteri","class",1,"Metazoa","Chordata","Actinopteri","","","",""
"363","ASV363",8045,"Gadidae","family",NA,"Metazoa","Chordata","Actinopteri","Gadiformes","Gadidae","",""
"364","ASV364",186623,"Actinopteri","class",1,"Metazoa","Chordata","Actinopteri","","","",""
"365","ASV365",186623,"Actinopteri","class",1,"Metazoa","Chordata","Actinopteri","","","",""
"366","ASV366",34820,"Sebastes","genus",NA,"Metazoa","Chordata","Actinopteri","Perciformes","Sebastidae","Sebastes",""
"367","ASV367",8045,"Gadidae","family",NA,"Metazoa","Chordata","Actinopteri","Gadiformes","Gadidae","",""
"368","ASV368",186623,"Actinopteri","class",1,"Metazoa","Chordata","Actinopteri","","","",""
"369","ASV369",186623,"Actinopteri","class",1,"Metazoa","Chordata","Actinopteri","","","",""
"370","ASV370",8048,"Gadus","genus",NA,"Metazoa","Chordata","Actinopteri","Gadiformes","Gadidae","Gadus",""
"371","ASV371",8048,"Gadus","genus",NA,"Metazoa","Chordata","Actinopteri","Gadiformes","Gadidae","Gadus",""
"372","ASV372",186623,"Actinopteri","class",1,"Metazoa","Chordata","Actinopteri","","","",""
"373","ASV373",72449,"Hexagrammos","genus",NA,"Metazoa","Chordata","Actinopteri","Perciformes","Hexagrammidae","Hexagrammos",""
"374","ASV374",8095,"Myoxocephalus","genus",NA,"Metazoa","Chordata","Actinopteri","Perciformes","Cottidae","Myoxocephalus",""
"375","ASV375",186623,"Actinopteri","class",1,"Metazoa","Chordata","Actinopteri","","","",""
"376","ASV376",186623,"Actinopteri","class",1,"Metazoa","Chordata","Actinopteri","","","",""
"377","ASV377",8048,"Gadus","genus",NA,"Metazoa","Chordata","Actinopteri","Gadiformes","Gadidae","Gadus",""
"378","ASV378",8016,"Oncorhynchus","genus",NA,"Metazoa","Chordata","Actinopteri","Salmoniformes","Salmonidae","Oncorhynchus",""
"379","ASV379",72449,"Hexagrammos","genus",NA,"Metazoa","Chordata","Actinopteri","Perciformes","Hexagrammidae","Hexagrammos",""
"380","ASV380",186623,"Actinopteri","class",1,"Metazoa","Chordata","Actinopteri","","","",""
"381","ASV381",8016,"Oncorhynchus","genus",NA,"Metazoa","Chordata","Actinopteri","Salmoniformes","Salmonidae","Oncorhynchus",""
"382","ASV382",186623,"Actinopteri","class",1,"Metazoa","Chordata","Actinopteri","","","",""
"383","ASV383",186623,"Actinopteri","class",1,"Metazoa","Chordata","Actinopteri","","","",""
"384","ASV384",186623,"Actinopteri","class",1,"Metazoa","Chordata","Actinopteri","","","",""
"385","ASV385",186623,"Actinopteri","class",1,"Metazoa","Chordata","Actinopteri","","","",""
"386","ASV386",186623,"Actinopteri","class",1,"Metazoa","Chordata","Actinopteri","","","",""
"387","ASV387",8045,"Gadidae","family",NA,"Metazoa","Chordata","Actinopteri","Gadiformes","Gadidae","",""
"388","ASV388",186623,"Actinopteri","class",1,"Metazoa","Chordata","Actinopteri","","","",""
"389","ASV389",8045,"Gadidae","family",NA,"Metazoa","Chordata","Actinopteri","Gadiformes","Gadidae","",""
"390","ASV390",186623,"Actinopteri","class",1,"Metazoa","Chordata","Actinopteri","","","",""
"391","ASV391",186623,"Actinopteri","class",1,"Metazoa","Chordata","Actinopteri","","","",""
"392","ASV392",72449,"Hexagrammos","genus",NA,"Metazoa","Chordata","Actinopteri","Perciformes","Hexagrammidae","Hexagrammos",""
"393","ASV393",186623,"Actinopteri","class",1,"Metazoa","Chordata","Actinopteri","","","",""
"394","ASV394",8016,"Oncorhynchus","genus",NA,"Metazoa","Chordata","Actinopteri","Salmoniformes","Salmonidae","Oncorhynchus",""
"395","ASV395",1,"root","no rank",1,"","","","","","",""
"396","ASV396",186623,"Actinopteri","class",1,"Metazoa","Chordata","Actinopteri","","","",""
"397","ASV397",72449,"Hexagrammos","genus",NA,"Metazoa","Chordata","Actinopteri","Perciformes","Hexagrammidae","Hexagrammos",""
"398","ASV398",8048,"Gadus","genus",NA,"Metazoa","Chordata","Actinopteri","Gadiformes","Gadidae","Gadus",""
"399","ASV399",186623,"Actinopteri","class",1,"Metazoa","Chordata","Actinopteri","","","",""
"400","ASV400",186623,"Actinopteri","class",1,"Metazoa","Chordata","Actinopteri","","","",""
"401","ASV401",186623,"Actinopteri","class",1,"Metazoa","Chordata","Actinopteri","","","",""
"402","ASV402",186623,"Actinopteri","class",1,"Metazoa","Chordata","Actinopteri","","","",""
"403","ASV403",186623,"Actinopteri","class",1,"Metazoa","Chordata","Actinopteri","","","",""
"404","ASV404",186623,"Actinopteri","class",1,"Metazoa","Chordata","Actinopteri","","","",""
"405","ASV405",186623,"Actinopteri","class",1,"Metazoa","Chordata","Actinopteri","","","",""
"406","ASV406",8095,"Myoxocephalus","genus",NA,"Metazoa","Chordata","Actinopteri","Perciformes","Cottidae","Myoxocephalus",""
"407","ASV407",8095,"Myoxocephalus","genus",NA,"Metazoa","Chordata","Actinopteri","Perciformes","Cottidae","Myoxocephalus",""
"408","ASV408",8016,"Oncorhynchus","genus",NA,"Metazoa","Chordata","Actinopteri","Salmoniformes","Salmonidae","Oncorhynchus",""
"409","ASV409",186623,"Actinopteri","class",1,"Metazoa","Chordata","Actinopteri","","","",""
"410","ASV410",186623,"Actinopteri","class",1,"Metazoa","Chordata","Actinopteri","","","",""
"411","ASV411",186623,"Actinopteri","class",1,"Metazoa","Chordata","Actinopteri","","","",""
"412","ASV412",72449,"Hexagrammos","genus",NA,"Metazoa","Chordata","Actinopteri","Perciformes","Hexagrammidae","Hexagrammos",""
"413","ASV413",186623,"Actinopteri","class",1,"Metazoa","Chordata","Actinopteri","","","",""
"414","ASV414",1,"root","no rank",1,"","","","","","",""
"415","ASV415",8016,"Oncorhynchus","genus",NA,"Metazoa","Chordata","Actinopteri","Salmoniformes","Salmonidae","Oncorhynchus",""
"416","ASV416",72449,"Hexagrammos","genus",NA,"Metazoa","Chordata","Actinopteri","Perciformes","Hexagrammidae","Hexagrammos",""
"417","ASV417",8016,"Oncorhynchus","genus",NA,"Metazoa","Chordata","Actinopteri","Salmoniformes","Salmonidae","Oncorhynchus",""
"418","ASV418",274705,"Sebastinae","subfamily",NA,"Metazoa","Chordata","Actinopteri","Perciformes","Sebastidae","",""
"419","ASV419",72449,"Hexagrammos","genus",NA,"Metazoa","Chordata","Actinopteri","Perciformes","Hexagrammidae","Hexagrammos",""
"420","ASV420",8016,"Oncorhynchus","genus",NA,"Metazoa","Chordata","Actinopteri","Salmoniformes","Salmonidae","Oncorhynchus",""
"421","ASV421",186623,"Actinopteri","class",1,"Metazoa","Chordata","Actinopteri","","","",""
"422","ASV422",186623,"Actinopteri","class",1,"Metazoa","Chordata","Actinopteri","","","",""
"423","ASV423",186623,"Actinopteri","class",1,"Metazoa","Chordata","Actinopteri","","","",""
"424","ASV424",186623,"Actinopteri","class",1,"Metazoa","Chordata","Actinopteri","","","",""
"425","ASV425",8022,"Oncorhynchus mykiss","species",NA,"Metazoa","Chordata","Actinopteri","Salmoniformes","Salmonidae","Oncorhynchus","Oncorhynchus mykiss"
"426","ASV426",8048,"Gadus","genus",NA,"Metazoa","Chordata","Actinopteri","Gadiformes","Gadidae","Gadus",""
"427","ASV427",8256,"Pleuronectidae","family",NA,"Metazoa","Chordata","Actinopteri","Pleuronectiformes","Pleuronectidae","",""
"428","ASV428",186623,"Actinopteri","class",1,"Metazoa","Chordata","Actinopteri","","","",""
"429","ASV429",8033,"Salvelinus","genus",NA,"Metazoa","Chordata","Actinopteri","Salmoniformes","Salmonidae","Salvelinus",""
"430","ASV430",1,"root","no rank",1,"","","","","","",""
"431","ASV431",8256,"Pleuronectidae","family",NA,"Metazoa","Chordata","Actinopteri","Pleuronectiformes","Pleuronectidae","",""
"432","ASV432",8048,"Gadus","genus",NA,"Metazoa","Chordata","Actinopteri","Gadiformes","Gadidae","Gadus",""
"433","ASV433",186623,"Actinopteri","class",1,"Metazoa","Chordata","Actinopteri","","","",""
"434","ASV434",186623,"Actinopteri","class",1,"Metazoa","Chordata","Actinopteri","","","",""
"435","ASV435",186623,"Actinopteri","class",1,"Metazoa","Chordata","Actinopteri","","","",""
"436","ASV436",8016,"Oncorhynchus","genus",NA,"Metazoa","Chordata","Actinopteri","Salmoniformes","Salmonidae","Oncorhynchus",""
"437","ASV437",8016,"Oncorhynchus","genus",NA,"Metazoa","Chordata","Actinopteri","Salmoniformes","Salmonidae","Oncorhynchus",""
"438","ASV438",8048,"Gadus","genus",NA,"Metazoa","Chordata","Actinopteri","Gadiformes","Gadidae","Gadus",""
"439","ASV439",72449,"Hexagrammos","genus",NA,"Metazoa","Chordata","Actinopteri","Perciformes","Hexagrammidae","Hexagrammos",""
"440","ASV440",186623,"Actinopteri","class",1,"Metazoa","Chordata","Actinopteri","","","",""
"441","ASV441",8048,"Gadus","genus",NA,"Metazoa","Chordata","Actinopteri","Gadiformes","Gadidae","Gadus",""
"442","ASV442",8048,"Gadus","genus",NA,"Metazoa","Chordata","Actinopteri","Gadiformes","Gadidae","Gadus",""
"443","ASV443",186623,"Actinopteri","class",1,"Metazoa","Chordata","Actinopteri","","","",""
"444","ASV444",8830,"Anatidae","family",1,"Metazoa","Chordata","Aves","Anseriformes","Anatidae","",""
"445","ASV445",72449,"Hexagrammos","genus",NA,"Metazoa","Chordata","Actinopteri","Perciformes","Hexagrammidae","Hexagrammos",""
"446","ASV446",186623,"Actinopteri","class",1,"Metazoa","Chordata","Actinopteri","","","",""
"447","ASV447",8095,"Myoxocephalus","genus",NA,"Metazoa","Chordata","Actinopteri","Perciformes","Cottidae","Myoxocephalus",""
"448","ASV448",72449,"Hexagrammos","genus",NA,"Metazoa","Chordata","Actinopteri","Perciformes","Hexagrammidae","Hexagrammos",""
"449","ASV449",1,"root","no rank",1,"","","","","","",""
"450","ASV450",274705,"Sebastinae","subfamily",NA,"Metazoa","Chordata","Actinopteri","Perciformes","Sebastidae","",""
"451","ASV451",1,"root","no rank",1,"","","","","","",""
"452","ASV452",186623,"Actinopteri","class",1,"Metazoa","Chordata","Actinopteri","","","",""
"453","ASV453",186623,"Actinopteri","class",1,"Metazoa","Chordata","Actinopteri","","","",""
"454","ASV454",186623,"Actinopteri","class",1,"Metazoa","Chordata","Actinopteri","","","",""
"455","ASV455",186623,"Actinopteri","class",1,"Metazoa","Chordata","Actinopteri","","","",""
"456","ASV456",186623,"Actinopteri","class",1,"Metazoa","Chordata","Actinopteri","","","",""
"457","ASV457",8033,"Salvelinus","genus",NA,"Metazoa","Chordata","Actinopteri","Salmoniformes","Salmonidae","Salvelinus",""
"458","ASV458",186623,"Actinopteri","class",1,"Metazoa","Chordata","Actinopteri","","","",""
"459","ASV459",186623,"Actinopteri","class",1,"Metazoa","Chordata","Actinopteri","","","",""
"460","ASV460",186623,"Actinopteri","class",1,"Metazoa","Chordata","Actinopteri","","","",""
"461","ASV461",8095,"Myoxocephalus","genus",NA,"Metazoa","Chordata","Actinopteri","Perciformes","Cottidae","Myoxocephalus",""
"462","ASV462",186623,"Actinopteri","class",1,"Metazoa","Chordata","Actinopteri","","","",""
"463","ASV463",186623,"Actinopteri","class",1,"Metazoa","Chordata","Actinopteri","","","",""
"464","ASV464",8256,"Pleuronectidae","family",NA,"Metazoa","Chordata","Actinopteri","Pleuronectiformes","Pleuronectidae","",""
"465","ASV465",8048,"Gadus","genus",NA,"Metazoa","Chordata","Actinopteri","Gadiformes","Gadidae","Gadus",""
"466","ASV466",186623,"Actinopteri","class",1,"Metazoa","Chordata","Actinopteri","","","",""
"467","ASV467",8048,"Gadus","genus",NA,"Metazoa","Chordata","Actinopteri","Gadiformes","Gadidae","Gadus",""
"468","ASV468",186623,"Actinopteri","class",1,"Metazoa","Chordata","Actinopteri","","","",""
"469","ASV469",186623,"Actinopteri","class",1,"Metazoa","Chordata","Actinopteri","","","",""
"470","ASV470",186623,"Actinopteri","class",1,"Metazoa","Chordata","Actinopteri","","","",""
"471","ASV471",186623,"Actinopteri","class",1,"Metazoa","Chordata","Actinopteri","","","",""
"472","ASV472",72449,"Hexagrammos","genus",NA,"Metazoa","Chordata","Actinopteri","Perciformes","Hexagrammidae","Hexagrammos",""
"473","ASV473",186623,"Actinopteri","class",1,"Metazoa","Chordata","Actinopteri","","","",""
"474","ASV474",186623,"Actinopteri","class",1,"Metazoa","Chordata","Actinopteri","","","",""
"475","ASV475",186623,"Actinopteri","class",1,"Metazoa","Chordata","Actinopteri","","","",""
"476","ASV476",186623,"Actinopteri","class",1,"Metazoa","Chordata","Actinopteri","","","",""
"477","ASV477",1,"root","no rank",1,"","","","","","",""
"478","ASV478",72449,"Hexagrammos","genus",NA,"Metazoa","Chordata","Actinopteri","Perciformes","Hexagrammidae","Hexagrammos",""
"479","ASV479",186623,"Actinopteri","class",1,"Metazoa","Chordata","Actinopteri","","","",""
"480","ASV480",186623,"Actinopteri","class",1,"Metazoa","Chordata","Actinopteri","","","",""
"481","ASV481",72449,"Hexagrammos","genus",NA,"Metazoa","Chordata","Actinopteri","Perciformes","Hexagrammidae","Hexagrammos",""
"482","ASV482",186623,"Actinopteri","class",1,"Metazoa","Chordata","Actinopteri","","","",""
"483","ASV483",186623,"Actinopteri","class",1,"Metazoa","Chordata","Actinopteri","","","",""
"484","ASV484",186623,"Actinopteri","class",1,"Metazoa","Chordata","Actinopteri","","","",""
"485","ASV485",186623,"Actinopteri","class",1,"Metazoa","Chordata","Actinopteri","","","",""
"486","ASV486",8256,"Pleuronectidae","family",NA,"Metazoa","Chordata","Actinopteri","Pleuronectiformes","Pleuronectidae","",""
"487","ASV487",186623,"Actinopteri","class",1,"Metazoa","Chordata","Actinopteri","","","",""
"488","ASV488",186623,"Actinopteri","class",1,"Metazoa","Chordata","Actinopteri","","","",""
"489","ASV489",186623,"Actinopteri","class",1,"Metazoa","Chordata","Actinopteri","","","",""
"490","ASV490",238837,"Hemilepidotus","genus",NA,"Metazoa","Chordata","Actinopteri","Perciformes","Cottidae","Hemilepidotus",""
"491","ASV491",72449,"Hexagrammos","genus",NA,"Metazoa","Chordata","Actinopteri","Perciformes","Hexagrammidae","Hexagrammos",""
"492","ASV492",980329,"Gymnocanthus tricuspis","species",NA,"Metazoa","Chordata","Actinopteri","Perciformes","Cottidae","Gymnocanthus","Gymnocanthus tricuspis"
"493","ASV493",186623,"Actinopteri","class",1,"Metazoa","Chordata","Actinopteri","","","",""
"494","ASV494",72449,"Hexagrammos","genus",NA,"Metazoa","Chordata","Actinopteri","Perciformes","Hexagrammidae","Hexagrammos",""
"495","ASV495",186623,"Actinopteri","class",1,"Metazoa","Chordata","Actinopteri","","","",""
"496","ASV496",9823,"Sus scrofa","species",NA,"Metazoa","Chordata","Mammalia","","Suidae","Sus","Sus scrofa"
"497","ASV497",1,"root","no rank",1,"","","","","","",""
"498","ASV498",8095,"Myoxocephalus","genus",NA,"Metazoa","Chordata","Actinopteri","Perciformes","Cottidae","Myoxocephalus",""
"499","ASV499",186623,"Actinopteri","class",1,"Metazoa","Chordata","Actinopteri","","","",""
"500","ASV500",186623,"Actinopteri","class",1,"Metazoa","Chordata","Actinopteri","","","",""
"501","ASV501",186623,"Actinopteri","class",1,"Metazoa","Chordata","Actinopteri","","","",""
"502","ASV502",186623,"Actinopteri","class",1,"Metazoa","Chordata","Actinopteri","","","",""
"503","ASV503",186623,"Actinopteri","class",1,"Metazoa","Chordata","Actinopteri","","","",""
"504","ASV504",8016,"Oncorhynchus","genus",NA,"Metazoa","Chordata","Actinopteri","Salmoniformes","Salmonidae","Oncorhynchus",""
"505","ASV505",186623,"Actinopteri","class",1,"Metazoa","Chordata","Actinopteri","","","",""
"506","ASV506",72449,"Hexagrammos","genus",NA,"Metazoa","Chordata","Actinopteri","Perciformes","Hexagrammidae","Hexagrammos",""
"507","ASV507",72449,"Hexagrammos","genus",NA,"Metazoa","Chordata","Actinopteri","Perciformes","Hexagrammidae","Hexagrammos",""
"508","ASV508",186623,"Actinopteri","class",1,"Metazoa","Chordata","Actinopteri","","","",""
"509","ASV509",186623,"Actinopteri","class",1,"Metazoa","Chordata","Actinopteri","","","",""
"510","ASV510",186623,"Actinopteri","class",1,"Metazoa","Chordata","Actinopteri","","","",""
"511","ASV511",186623,"Actinopteri","class",1,"Metazoa","Chordata","Actinopteri","","","",""
"512","ASV512",8095,"Myoxocephalus","genus",NA,"Metazoa","Chordata","Actinopteri","Perciformes","Cottidae","Myoxocephalus",""
"513","ASV513",8192,"Zoarcales","infraorder",NA,"Metazoa","Chordata","Actinopteri","Perciformes","","",""
"514","ASV514",186623,"Actinopteri","class",1,"Metazoa","Chordata","Actinopteri","","","",""
"515","ASV515",186623,"Actinopteri","class",1,"Metazoa","Chordata","Actinopteri","","","",""
"516","ASV516",1,"root","no rank",1,"","","","","","",""
"517","ASV517",186623,"Actinopteri","class",1,"Metazoa","Chordata","Actinopteri","","","",""
"518","ASV518",8256,"Pleuronectidae","family",NA,"Metazoa","Chordata","Actinopteri","Pleuronectiformes","Pleuronectidae","",""
"519","ASV519",186623,"Actinopteri","class",1,"Metazoa","Chordata","Actinopteri","","","",""
"520","ASV520",186623,"Actinopteri","class",1,"Metazoa","Chordata","Actinopteri","","","",""
"521","ASV521",186623,"Actinopteri","class",1,"Metazoa","Chordata","Actinopteri","","","",""
"522","ASV522",186623,"Actinopteri","class",1,"Metazoa","Chordata","Actinopteri","","","",""
"523","ASV523",186623,"Actinopteri","class",1,"Metazoa","Chordata","Actinopteri","","","",""
"524","ASV524",186623,"Actinopteri","class",1,"Metazoa","Chordata","Actinopteri","","","",""
"525","ASV525",186623,"Actinopteri","class",1,"Metazoa","Chordata","Actinopteri","","","",""
"526","ASV526",8048,"Gadus","genus",NA,"Metazoa","Chordata","Actinopteri","Gadiformes","Gadidae","Gadus",""
"527","ASV527",30892,"Stichaeidae","family",NA,"Metazoa","Chordata","Actinopteri","Perciformes","Stichaeidae","",""
"528","ASV528",186623,"Actinopteri","class",1,"Metazoa","Chordata","Actinopteri","","","",""
"529","ASV529",8048,"Gadus","genus",NA,"Metazoa","Chordata","Actinopteri","Gadiformes","Gadidae","Gadus",""
"530","ASV530",9913,"Bos taurus","species",NA,"Metazoa","Chordata","Mammalia","","Bovidae","Bos","Bos taurus"
"531","ASV531",186623,"Actinopteri","class",1,"Metazoa","Chordata","Actinopteri","","","",""
"532","ASV532",186623,"Actinopteri","class",1,"Metazoa","Chordata","Actinopteri","","","",""
"533","ASV533",186623,"Actinopteri","class",1,"Metazoa","Chordata","Actinopteri","","","",""
"534","ASV534",186623,"Actinopteri","class",1,"Metazoa","Chordata","Actinopteri","","","",""
"535","ASV535",8048,"Gadus","genus",NA,"Metazoa","Chordata","Actinopteri","Gadiformes","Gadidae","Gadus",""
"536","ASV536",72449,"Hexagrammos","genus",NA,"Metazoa","Chordata","Actinopteri","Perciformes","Hexagrammidae","Hexagrammos",""
"537","ASV537",186623,"Actinopteri","class",1,"Metazoa","Chordata","Actinopteri","","","",""
"538","ASV538",8045,"Gadidae","family",NA,"Metazoa","Chordata","Actinopteri","Gadiformes","Gadidae","",""
"539","ASV539",186623,"Actinopteri","class",1,"Metazoa","Chordata","Actinopteri","","","",""
"540","ASV540",186623,"Actinopteri","class",1,"Metazoa","Chordata","Actinopteri","","","",""
"541","ASV541",186623,"Actinopteri","class",1,"Metazoa","Chordata","Actinopteri","","","",""
"542","ASV542",186623,"Actinopteri","class",1,"Metazoa","Chordata","Actinopteri","","","",""
"543","ASV543",186623,"Actinopteri","class",1,"Metazoa","Chordata","Actinopteri","","","",""
"544","ASV544",8045,"Gadidae","family",NA,"Metazoa","Chordata","Actinopteri","Gadiformes","Gadidae","",""
"545","ASV545",186623,"Actinopteri","class",1,"Metazoa","Chordata","Actinopteri","","","",""
"546","ASV546",186623,"Actinopteri","class",1,"Metazoa","Chordata","Actinopteri","","","",""
"547","ASV547",186623,"Actinopteri","class",1,"Metazoa","Chordata","Actinopteri","","","",""
"548","ASV548",186623,"Actinopteri","class",1,"Metazoa","Chordata","Actinopteri","","","",""
"549","ASV549",186623,"Actinopteri","class",1,"Metazoa","Chordata","Actinopteri","","","",""
"550","ASV550",186623,"Actinopteri","class",1,"Metazoa","Chordata","Actinopteri","","","",""
"551","ASV551",8016,"Oncorhynchus","genus",NA,"Metazoa","Chordata","Actinopteri","Salmoniformes","Salmonidae","Oncorhynchus",""
"552","ASV552",186623,"Actinopteri","class",1,"Metazoa","Chordata","Actinopteri","","","",""
"553","ASV553",186623,"Actinopteri","class",1,"Metazoa","Chordata","Actinopteri","","","",""
"554","ASV554",8048,"Gadus","genus",NA,"Metazoa","Chordata","Actinopteri","Gadiformes","Gadidae","Gadus",""
"555","ASV555",8016,"Oncorhynchus","genus",NA,"Metazoa","Chordata","Actinopteri","Salmoniformes","Salmonidae","Oncorhynchus",""
"556","ASV556",186623,"Actinopteri","class",1,"Metazoa","Chordata","Actinopteri","","","",""
"557","ASV557",8016,"Oncorhynchus","genus",NA,"Metazoa","Chordata","Actinopteri","Salmoniformes","Salmonidae","Oncorhynchus",""
"558","ASV558",186623,"Actinopteri","class",1,"Metazoa","Chordata","Actinopteri","","","",""
"559","ASV559",8016,"Oncorhynchus","genus",NA,"Metazoa","Chordata","Actinopteri","Salmoniformes","Salmonidae","Oncorhynchus",""
"560","ASV560",8192,"Zoarcales","infraorder",NA,"Metazoa","Chordata","Actinopteri","Perciformes","","",""
"561","ASV561",186623,"Actinopteri","class",1,"Metazoa","Chordata","Actinopteri","","","",""
"562","ASV562",30892,"Stichaeidae","family",NA,"Metazoa","Chordata","Actinopteri","Perciformes","Stichaeidae","",""
"563","ASV563",8256,"Pleuronectidae","family",NA,"Metazoa","Chordata","Actinopteri","Pleuronectiformes","Pleuronectidae","",""
"564","ASV564",8045,"Gadidae","family",NA,"Metazoa","Chordata","Actinopteri","Gadiformes","Gadidae","",""
"565","ASV565",186623,"Actinopteri","class",1,"Metazoa","Chordata","Actinopteri","","","",""
"566","ASV566",186623,"Actinopteri","class",1,"Metazoa","Chordata","Actinopteri","","","",""
"567","ASV567",186623,"Actinopteri","class",1,"Metazoa","Chordata","Actinopteri","","","",""
"568","ASV568",186623,"Actinopteri","class",1,"Metazoa","Chordata","Actinopteri","","","",""
"569","ASV569",186623,"Actinopteri","class",1,"Metazoa","Chordata","Actinopteri","","","",""
"570","ASV570",186623,"Actinopteri","class",1,"Metazoa","Chordata","Actinopteri","","","",""
"571","ASV571",186623,"Actinopteri","class",1,"Metazoa","Chordata","Actinopteri","","","",""
"572","ASV572",8095,"Myoxocephalus","genus",NA,"Metazoa","Chordata","Actinopteri","Perciformes","Cottidae","Myoxocephalus",""
"573","ASV573",72449,"Hexagrammos","genus",NA,"Metazoa","Chordata","Actinopteri","Perciformes","Hexagrammidae","Hexagrammos",""
"574","ASV574",72449,"Hexagrammos","genus",NA,"Metazoa","Chordata","Actinopteri","Perciformes","Hexagrammidae","Hexagrammos",""
"575","ASV575",8256,"Pleuronectidae","family",NA,"Metazoa","Chordata","Actinopteri","Pleuronectiformes","Pleuronectidae","",""
"576","ASV576",186623,"Actinopteri","class",1,"Metazoa","Chordata","Actinopteri","","","",""
"577","ASV577",72449,"Hexagrammos","genus",NA,"Metazoa","Chordata","Actinopteri","Perciformes","Hexagrammidae","Hexagrammos",""
"578","ASV578",186623,"Actinopteri","class",1,"Metazoa","Chordata","Actinopteri","","","",""
"579","ASV579",186623,"Actinopteri","class",1,"Metazoa","Chordata","Actinopteri","","","",""
"580","ASV580",72449,"Hexagrammos","genus",NA,"Metazoa","Chordata","Actinopteri","Perciformes","Hexagrammidae","Hexagrammos",""
"581","ASV581",182230,"Osmerinae","subfamily",NA,"Metazoa","Chordata","Actinopteri","Osmeriformes","Osmeridae","",""
"582","ASV582",186623,"Actinopteri","class",1,"Metazoa","Chordata","Actinopteri","","","",""
"583","ASV583",186623,"Actinopteri","class",1,"Metazoa","Chordata","Actinopteri","","","",""
"584","ASV584",8016,"Oncorhynchus","genus",NA,"Metazoa","Chordata","Actinopteri","Salmoniformes","Salmonidae","Oncorhynchus",""
"585","ASV585",186623,"Actinopteri","class",1,"Metazoa","Chordata","Actinopteri","","","",""
"586","ASV586",186623,"Actinopteri","class",1,"Metazoa","Chordata","Actinopteri","","","",""
"587","ASV587",433401,"Liparis fucensis","species",NA,"Metazoa","Chordata","Actinopteri","Perciformes","Liparidae","Liparis","Liparis fucensis"
"588","ASV588",186623,"Actinopteri","class",1,"Metazoa","Chordata","Actinopteri","","","",""
"589","ASV589",186623,"Actinopteri","class",1,"Metazoa","Chordata","Actinopteri","","","",""
"590","ASV590",8048,"Gadus","genus",NA,"Metazoa","Chordata","Actinopteri","Gadiformes","Gadidae","Gadus",""
"591","ASV591",186623,"Actinopteri","class",1,"Metazoa","Chordata","Actinopteri","","","",""
"592","ASV592",186623,"Actinopteri","class",1,"Metazoa","Chordata","Actinopteri","","","",""
"593","ASV593",186623,"Actinopteri","class",1,"Metazoa","Chordata","Actinopteri","","","",""
"594","ASV594",186623,"Actinopteri","class",1,"Metazoa","Chordata","Actinopteri","","","",""
"595","ASV595",72449,"Hexagrammos","genus",NA,"Metazoa","Chordata","Actinopteri","Perciformes","Hexagrammidae","Hexagrammos",""
"596","ASV596",186623,"Actinopteri","class",1,"Metazoa","Chordata","Actinopteri","","","",""
"597","ASV597",8048,"Gadus","genus",NA,"Metazoa","Chordata","Actinopteri","Gadiformes","Gadidae","Gadus",""
"598","ASV598",186623,"Actinopteri","class",1,"Metazoa","Chordata","Actinopteri","","","",""
"599","ASV599",186623,"Actinopteri","class",1,"Metazoa","Chordata","Actinopteri","","","",""
"600","ASV600",186623,"Actinopteri","class",1,"Metazoa","Chordata","Actinopteri","","","",""
"601","ASV601",72449,"Hexagrammos","genus",NA,"Metazoa","Chordata","Actinopteri","Perciformes","Hexagrammidae","Hexagrammos",""
"602","ASV602",186623,"Actinopteri","class",1,"Metazoa","Chordata","Actinopteri","","","",""
"603","ASV603",186623,"Actinopteri","class",1,"Metazoa","Chordata","Actinopteri","","","",""
"604","ASV604",8016,"Oncorhynchus","genus",NA,"Metazoa","Chordata","Actinopteri","Salmoniformes","Salmonidae","Oncorhynchus",""
"605","ASV605",8048,"Gadus","genus",NA,"Metazoa","Chordata","Actinopteri","Gadiformes","Gadidae","Gadus",""
"606","ASV606",186623,"Actinopteri","class",1,"Metazoa","Chordata","Actinopteri","","","",""
"607","ASV607",186623,"Actinopteri","class",1,"Metazoa","Chordata","Actinopteri","","","",""
"608","ASV608",8092,"Cottidae","family",NA,"Metazoa","Chordata","Actinopteri","Perciformes","Cottidae","",""
"609","ASV609",1,"root","no rank",1,"","","","","","",""
"610","ASV610",186623,"Actinopteri","class",1,"Metazoa","Chordata","Actinopteri","","","",""
"611","ASV611",186623,"Actinopteri","class",1,"Metazoa","Chordata","Actinopteri","","","",""
"612","ASV612",186623,"Actinopteri","class",1,"Metazoa","Chordata","Actinopteri","","","",""
"613","ASV613",1,"root","no rank",1,"","","","","","",""
"614","ASV614",72449,"Hexagrammos","genus",NA,"Metazoa","Chordata","Actinopteri","Perciformes","Hexagrammidae","Hexagrammos",""
"615","ASV615",186623,"Actinopteri","class",1,"Metazoa","Chordata","Actinopteri","","","",""
"616","ASV616",8095,"Myoxocephalus","genus",NA,"Metazoa","Chordata","Actinopteri","Perciformes","Cottidae","Myoxocephalus",""
"617","ASV617",8256,"Pleuronectidae","family",NA,"Metazoa","Chordata","Actinopteri","Pleuronectiformes","Pleuronectidae","",""
"618","ASV618",8048,"Gadus","genus",NA,"Metazoa","Chordata","Actinopteri","Gadiformes","Gadidae","Gadus",""
"619","ASV619",186623,"Actinopteri","class",1,"Metazoa","Chordata","Actinopteri","","","",""
"620","ASV620",8256,"Pleuronectidae","family",NA,"Metazoa","Chordata","Actinopteri","Pleuronectiformes","Pleuronectidae","",""
"621","ASV621",72449,"Hexagrammos","genus",NA,"Metazoa","Chordata","Actinopteri","Perciformes","Hexagrammidae","Hexagrammos",""
"622","ASV622",186623,"Actinopteri","class",1,"Metazoa","Chordata","Actinopteri","","","",""
"623","ASV623",8048,"Gadus","genus",NA,"Metazoa","Chordata","Actinopteri","Gadiformes","Gadidae","Gadus",""
"624","ASV624",8033,"Salvelinus","genus",NA,"Metazoa","Chordata","Actinopteri","Salmoniformes","Salmonidae","Salvelinus",""
"625","ASV625",186623,"Actinopteri","class",1,"Metazoa","Chordata","Actinopteri","","","",""
"626","ASV626",72449,"Hexagrammos","genus",NA,"Metazoa","Chordata","Actinopteri","Perciformes","Hexagrammidae","Hexagrammos",""
"627","ASV627",186623,"Actinopteri","class",1,"Metazoa","Chordata","Actinopteri","","","",""
"628","ASV628",186623,"Actinopteri","class",1,"Metazoa","Chordata","Actinopteri","","","",""
"629","ASV629",186623,"Actinopteri","class",1,"Metazoa","Chordata","Actinopteri","","","",""
"630","ASV630",186623,"Actinopteri","class",1,"Metazoa","Chordata","Actinopteri","","","",""
"631","ASV631",1,"root","no rank",1,"","","","","","",""
"632","ASV632",8033,"Salvelinus","genus",NA,"Metazoa","Chordata","Actinopteri","Salmoniformes","Salmonidae","Salvelinus",""
"633","ASV633",186623,"Actinopteri","class",1,"Metazoa","Chordata","Actinopteri","","","",""
"634","ASV634",186623,"Actinopteri","class",1,"Metazoa","Chordata","Actinopteri","","","",""
"635","ASV635",186623,"Actinopteri","class",1,"Metazoa","Chordata","Actinopteri","","","",""
"636","ASV636",8048,"Gadus","genus",NA,"Metazoa","Chordata","Actinopteri","Gadiformes","Gadidae","Gadus",""
"637","ASV637",186623,"Actinopteri","class",1,"Metazoa","Chordata","Actinopteri","","","",""
"638","ASV638",186623,"Actinopteri","class",1,"Metazoa","Chordata","Actinopteri","","","",""
"639","ASV639",186623,"Actinopteri","class",1,"Metazoa","Chordata","Actinopteri","","","",""
"640","ASV640",186623,"Actinopteri","class",1,"Metazoa","Chordata","Actinopteri","","","",""
"641","ASV641",1,"root","no rank",1,"","","","","","",""
"642","ASV642",186623,"Actinopteri","class",1,"Metazoa","Chordata","Actinopteri","","","",""
"643","ASV643",186623,"Actinopteri","class",1,"Metazoa","Chordata","Actinopteri","","","",""
"644","ASV644",186623,"Actinopteri","class",1,"Metazoa","Chordata","Actinopteri","","","",""
"645","ASV645",186623,"Actinopteri","class",1,"Metazoa","Chordata","Actinopteri","","","",""
"646","ASV646",186623,"Actinopteri","class",1,"Metazoa","Chordata","Actinopteri","","","",""
"647","ASV647",186623,"Actinopteri","class",1,"Metazoa","Chordata","Actinopteri","","","",""
"648","ASV648",186623,"Actinopteri","class",1,"Metazoa","Chordata","Actinopteri","","","",""
"649","ASV649",186623,"Actinopteri","class",1,"Metazoa","Chordata","Actinopteri","","","",""
"650","ASV650",186623,"Actinopteri","class",1,"Metazoa","Chordata","Actinopteri","","","",""
"651","ASV651",8016,"Oncorhynchus","genus",NA,"Metazoa","Chordata","Actinopteri","Salmoniformes","Salmonidae","Oncorhynchus",""
"652","ASV652",186623,"Actinopteri","class",1,"Metazoa","Chordata","Actinopteri","","","",""
"653","ASV653",186623,"Actinopteri","class",1,"Metazoa","Chordata","Actinopteri","","","",""
"654","ASV654",186623,"Actinopteri","class",1,"Metazoa","Chordata","Actinopteri","","","",""
"655","ASV655",186623,"Actinopteri","class",1,"Metazoa","Chordata","Actinopteri","","","",""
"656","ASV656",186623,"Actinopteri","class",1,"Metazoa","Chordata","Actinopteri","","","",""
"657","ASV657",8048,"Gadus","genus",NA,"Metazoa","Chordata","Actinopteri","Gadiformes","Gadidae","Gadus",""
"658","ASV658",8016,"Oncorhynchus","genus",NA,"Metazoa","Chordata","Actinopteri","Salmoniformes","Salmonidae","Oncorhynchus",""
"659","ASV659",186623,"Actinopteri","class",1,"Metazoa","Chordata","Actinopteri","","","",""
"660","ASV660",186623,"Actinopteri","class",1,"Metazoa","Chordata","Actinopteri","","","",""
"661","ASV661",186623,"Actinopteri","class",1,"Metazoa","Chordata","Actinopteri","","","",""
"662","ASV662",186623,"Actinopteri","class",1,"Metazoa","Chordata","Actinopteri","","","",""
"663","ASV663",186623,"Actinopteri","class",1,"Metazoa","Chordata","Actinopteri","","","",""
"664","ASV664",186623,"Actinopteri","class",1,"Metazoa","Chordata","Actinopteri","","","",""
"665","ASV665",8256,"Pleuronectidae","family",NA,"Metazoa","Chordata","Actinopteri","Pleuronectiformes","Pleuronectidae","",""
"666","ASV666",186623,"Actinopteri","class",1,"Metazoa","Chordata","Actinopteri","","","",""
"667","ASV667",8016,"Oncorhynchus","genus",NA,"Metazoa","Chordata","Actinopteri","Salmoniformes","Salmonidae","Oncorhynchus",""
"668","ASV668",186623,"Actinopteri","class",1,"Metazoa","Chordata","Actinopteri","","","",""
"669","ASV669",8033,"Salvelinus","genus",NA,"Metazoa","Chordata","Actinopteri","Salmoniformes","Salmonidae","Salvelinus",""
"670","ASV670",186623,"Actinopteri","class",1,"Metazoa","Chordata","Actinopteri","","","",""
"671","ASV671",186623,"Actinopteri","class",1,"Metazoa","Chordata","Actinopteri","","","",""
"672","ASV672",72449,"Hexagrammos","genus",NA,"Metazoa","Chordata","Actinopteri","Perciformes","Hexagrammidae","Hexagrammos",""
"673","ASV673",8095,"Myoxocephalus","genus",NA,"Metazoa","Chordata","Actinopteri","Perciformes","Cottidae","Myoxocephalus",""
"674","ASV674",186623,"Actinopteri","class",1,"Metazoa","Chordata","Actinopteri","","","",""
"675","ASV675",186623,"Actinopteri","class",1,"Metazoa","Chordata","Actinopteri","","","",""
"676","ASV676",186623,"Actinopteri","class",1,"Metazoa","Chordata","Actinopteri","","","",""
"677","ASV677",186623,"Actinopteri","class",1,"Metazoa","Chordata","Actinopteri","","","",""
"678","ASV678",186623,"Actinopteri","class",1,"Metazoa","Chordata","Actinopteri","","","",""
"679","ASV679",186623,"Actinopteri","class",1,"Metazoa","Chordata","Actinopteri","","","",""
"680","ASV680",186623,"Actinopteri","class",1,"Metazoa","Chordata","Actinopteri","","","",""
"681","ASV681",186623,"Actinopteri","class",1,"Metazoa","Chordata","Actinopteri","","","",""
"682","ASV682",186623,"Actinopteri","class",1,"Metazoa","Chordata","Actinopteri","","","",""
"683","ASV683",1,"root","no rank",1,"","","","","","",""
"684","ASV684",8045,"Gadidae","family",NA,"Metazoa","Chordata","Actinopteri","Gadiformes","Gadidae","",""
"685","ASV685",8095,"Myoxocephalus","genus",NA,"Metazoa","Chordata","Actinopteri","Perciformes","Cottidae","Myoxocephalus",""
"686","ASV686",8016,"Oncorhynchus","genus",NA,"Metazoa","Chordata","Actinopteri","Salmoniformes","Salmonidae","Oncorhynchus",""
"687","ASV687",186623,"Actinopteri","class",1,"Metazoa","Chordata","Actinopteri","","","",""
"688","ASV688",186623,"Actinopteri","class",1,"Metazoa","Chordata","Actinopteri","","","",""
"689","ASV689",8095,"Myoxocephalus","genus",NA,"Metazoa","Chordata","Actinopteri","Perciformes","Cottidae","Myoxocephalus",""
"690","ASV690",186623,"Actinopteri","class",1,"Metazoa","Chordata","Actinopteri","","","",""
"691","ASV691",8045,"Gadidae","family",NA,"Metazoa","Chordata","Actinopteri","Gadiformes","Gadidae","",""
"692","ASV692",186623,"Actinopteri","class",1,"Metazoa","Chordata","Actinopteri","","","",""
"693","ASV693",8095,"Myoxocephalus","genus",NA,"Metazoa","Chordata","Actinopteri","Perciformes","Cottidae","Myoxocephalus",""
"694","ASV694",8256,"Pleuronectidae","family",NA,"Metazoa","Chordata","Actinopteri","Pleuronectiformes","Pleuronectidae","",""
"695","ASV695",186623,"Actinopteri","class",1,"Metazoa","Chordata","Actinopteri","","","",""
"696","ASV696",186623,"Actinopteri","class",1,"Metazoa","Chordata","Actinopteri","","","",""
"697","ASV697",8256,"Pleuronectidae","family",NA,"Metazoa","Chordata","Actinopteri","Pleuronectiformes","Pleuronectidae","",""
"698","ASV698",186623,"Actinopteri","class",1,"Metazoa","Chordata","Actinopteri","","","",""
"699","ASV699",186623,"Actinopteri","class",1,"Metazoa","Chordata","Actinopteri","","","",""
"700","ASV700",186623,"Actinopteri","class",1,"Metazoa","Chordata","Actinopteri","","","",""
"701","ASV701",186623,"Actinopteri","class",1,"Metazoa","Chordata","Actinopteri","","","",""
"702","ASV702",8256,"Pleuronectidae","family",NA,"Metazoa","Chordata","Actinopteri","Pleuronectiformes","Pleuronectidae","",""
"703","ASV703",186623,"Actinopteri","class",1,"Metazoa","Chordata","Actinopteri","","","",""
"704","ASV704",186623,"Actinopteri","class",1,"Metazoa","Chordata","Actinopteri","","","",""
"705","ASV705",186623,"Actinopteri","class",1,"Metazoa","Chordata","Actinopteri","","","",""
"706","ASV706",186623,"Actinopteri","class",1,"Metazoa","Chordata","Actinopteri","","","",""
"707","ASV707",186623,"Actinopteri","class",1,"Metazoa","Chordata","Actinopteri","","","",""
"708","ASV708",186623,"Actinopteri","class",1,"Metazoa","Chordata","Actinopteri","","","",""
"709","ASV709",186623,"Actinopteri","class",1,"Metazoa","Chordata","Actinopteri","","","",""
"710","ASV710",186623,"Actinopteri","class",1,"Metazoa","Chordata","Actinopteri","","","",""
"711","ASV711",186623,"Actinopteri","class",1,"Metazoa","Chordata","Actinopteri","","","",""
"712","ASV712",8016,"Oncorhynchus","genus",NA,"Metazoa","Chordata","Actinopteri","Salmoniformes","Salmonidae","Oncorhynchus",""
"713","ASV713",186623,"Actinopteri","class",1,"Metazoa","Chordata","Actinopteri","","","",""
"714","ASV714",72449,"Hexagrammos","genus",NA,"Metazoa","Chordata","Actinopteri","Perciformes","Hexagrammidae","Hexagrammos",""
"715","ASV715",186623,"Actinopteri","class",1,"Metazoa","Chordata","Actinopteri","","","",""
"716","ASV716",8048,"Gadus","genus",NA,"Metazoa","Chordata","Actinopteri","Gadiformes","Gadidae","Gadus",""
"717","ASV717",186623,"Actinopteri","class",1,"Metazoa","Chordata","Actinopteri","","","",""
"718","ASV718",186623,"Actinopteri","class",1,"Metazoa","Chordata","Actinopteri","","","",""
"719","ASV719",72449,"Hexagrammos","genus",NA,"Metazoa","Chordata","Actinopteri","Perciformes","Hexagrammidae","Hexagrammos",""
"720","ASV720",186623,"Actinopteri","class",1,"Metazoa","Chordata","Actinopteri","","","",""
"721","ASV721",186623,"Actinopteri","class",1,"Metazoa","Chordata","Actinopteri","","","",""
"722","ASV722",255542,"Brachyopsinae","subfamily",NA,"Metazoa","Chordata","Actinopteri","Perciformes","Agonidae","",""
"723","ASV723",186623,"Actinopteri","class",1,"Metazoa","Chordata","Actinopteri","","","",""
"724","ASV724",186623,"Actinopteri","class",1,"Metazoa","Chordata","Actinopteri","","","",""
"725","ASV725",8092,"Cottidae","family",NA,"Metazoa","Chordata","Actinopteri","Perciformes","Cottidae","",""
"726","ASV726",186623,"Actinopteri","class",1,"Metazoa","Chordata","Actinopteri","","","",""
"727","ASV727",186623,"Actinopteri","class",1,"Metazoa","Chordata","Actinopteri","","","",""
"728","ASV728",186623,"Actinopteri","class",1,"Metazoa","Chordata","Actinopteri","","","",""
"729","ASV729",8016,"Oncorhynchus","genus",NA,"Metazoa","Chordata","Actinopteri","Salmoniformes","Salmonidae","Oncorhynchus",""
"730","ASV730",186623,"Actinopteri","class",1,"Metazoa","Chordata","Actinopteri","","","",""
"731","ASV731",186623,"Actinopteri","class",1,"Metazoa","Chordata","Actinopteri","","","",""
"732","ASV732",8016,"Oncorhynchus","genus",NA,"Metazoa","Chordata","Actinopteri","Salmoniformes","Salmonidae","Oncorhynchus",""
"733","ASV733",186623,"Actinopteri","class",1,"Metazoa","Chordata","Actinopteri","","","",""
"734","ASV734",186623,"Actinopteri","class",1,"Metazoa","Chordata","Actinopteri","","","",""
"735","ASV735",186623,"Actinopteri","class",1,"Metazoa","Chordata","Actinopteri","","","",""
"736","ASV736",186623,"Actinopteri","class",1,"Metazoa","Chordata","Actinopteri","","","",""
"737","ASV737",186623,"Actinopteri","class",1,"Metazoa","Chordata","Actinopteri","","","",""
"738","ASV738",186623,"Actinopteri","class",1,"Metazoa","Chordata","Actinopteri","","","",""
"739","ASV739",69293,"Gasterosteus aculeatus","species",NA,"Metazoa","Chordata","Actinopteri","Perciformes","Gasterosteidae","Gasterosteus","Gasterosteus aculeatus"
"740","ASV740",72449,"Hexagrammos","genus",NA,"Metazoa","Chordata","Actinopteri","Perciformes","Hexagrammidae","Hexagrammos",""
"741","ASV741",8016,"Oncorhynchus","genus",NA,"Metazoa","Chordata","Actinopteri","Salmoniformes","Salmonidae","Oncorhynchus",""
"742","ASV742",186623,"Actinopteri","class",1,"Metazoa","Chordata","Actinopteri","","","",""
"743","ASV743",8016,"Oncorhynchus","genus",NA,"Metazoa","Chordata","Actinopteri","Salmoniformes","Salmonidae","Oncorhynchus",""
"744","ASV744",8048,"Gadus","genus",NA,"Metazoa","Chordata","Actinopteri","Gadiformes","Gadidae","Gadus",""
"745","ASV745",8048,"Gadus","genus",NA,"Metazoa","Chordata","Actinopteri","Gadiformes","Gadidae","Gadus",""
"746","ASV746",8016,"Oncorhynchus","genus",NA,"Metazoa","Chordata","Actinopteri","Salmoniformes","Salmonidae","Oncorhynchus",""
"747","ASV747",186623,"Actinopteri","class",1,"Metazoa","Chordata","Actinopteri","","","",""
"748","ASV748",186623,"Actinopteri","class",1,"Metazoa","Chordata","Actinopteri","","","",""
"749","ASV749",186623,"Actinopteri","class",1,"Metazoa","Chordata","Actinopteri","","","",""
"750","ASV750",72449,"Hexagrammos","genus",NA,"Metazoa","Chordata","Actinopteri","Perciformes","Hexagrammidae","Hexagrammos",""
"751","ASV751",8095,"Myoxocephalus","genus",NA,"Metazoa","Chordata","Actinopteri","Perciformes","Cottidae","Myoxocephalus",""
"752","ASV752",72449,"Hexagrammos","genus",NA,"Metazoa","Chordata","Actinopteri","Perciformes","Hexagrammidae","Hexagrammos",""
"753","ASV753",186623,"Actinopteri","class",1,"Metazoa","Chordata","Actinopteri","","","",""
"754","ASV754",186623,"Actinopteri","class",1,"Metazoa","Chordata","Actinopteri","","","",""
"755","ASV755",186623,"Actinopteri","class",1,"Metazoa","Chordata","Actinopteri","","","",""
"756","ASV756",186623,"Actinopteri","class",1,"Metazoa","Chordata","Actinopteri","","","",""
"757","ASV757",186623,"Actinopteri","class",1,"Metazoa","Chordata","Actinopteri","","","",""
"758","ASV758",8045,"Gadidae","family",NA,"Metazoa","Chordata","Actinopteri","Gadiformes","Gadidae","",""
"759","ASV759",186623,"Actinopteri","class",1,"Metazoa","Chordata","Actinopteri","","","",""
"760","ASV760",186623,"Actinopteri","class",1,"Metazoa","Chordata","Actinopteri","","","",""
"761","ASV761",8256,"Pleuronectidae","family",NA,"Metazoa","Chordata","Actinopteri","Pleuronectiformes","Pleuronectidae","",""
"762","ASV762",186623,"Actinopteri","class",1,"Metazoa","Chordata","Actinopteri","","","",""
"763","ASV763",8016,"Oncorhynchus","genus",NA,"Metazoa","Chordata","Actinopteri","Salmoniformes","Salmonidae","Oncorhynchus",""
"764","ASV764",186623,"Actinopteri","class",1,"Metazoa","Chordata","Actinopteri","","","",""
"765","ASV765",1,"root","no rank",1,"","","","","","",""
"766","ASV766",186623,"Actinopteri","class",1,"Metazoa","Chordata","Actinopteri","","","",""
"767","ASV767",186623,"Actinopteri","class",1,"Metazoa","Chordata","Actinopteri","","","",""
"768","ASV768",186623,"Actinopteri","class",1,"Metazoa","Chordata","Actinopteri","","","",""
"769","ASV769",186623,"Actinopteri","class",1,"Metazoa","Chordata","Actinopteri","","","",""
"770","ASV770",186623,"Actinopteri","class",1,"Metazoa","Chordata","Actinopteri","","","",""
"771","ASV771",186623,"Actinopteri","class",1,"Metazoa","Chordata","Actinopteri","","","",""
"772","ASV772",186623,"Actinopteri","class",1,"Metazoa","Chordata","Actinopteri","","","",""
"773","ASV773",72449,"Hexagrammos","genus",NA,"Metazoa","Chordata","Actinopteri","Perciformes","Hexagrammidae","Hexagrammos",""
"774","ASV774",186623,"Actinopteri","class",1,"Metazoa","Chordata","Actinopteri","","","",""
"775","ASV775",72449,"Hexagrammos","genus",NA,"Metazoa","Chordata","Actinopteri","Perciformes","Hexagrammidae","Hexagrammos",""
"776","ASV776",186623,"Actinopteri","class",1,"Metazoa","Chordata","Actinopteri","","","",""
"777","ASV777",186623,"Actinopteri","class",1,"Metazoa","Chordata","Actinopteri","","","",""
"778","ASV778",8016,"Oncorhynchus","genus",NA,"Metazoa","Chordata","Actinopteri","Salmoniformes","Salmonidae","Oncorhynchus",""
"779","ASV779",186623,"Actinopteri","class",1,"Metazoa","Chordata","Actinopteri","","","",""
"780","ASV780",72449,"Hexagrammos","genus",NA,"Metazoa","Chordata","Actinopteri","Perciformes","Hexagrammidae","Hexagrammos",""
"781","ASV781",186623,"Actinopteri","class",1,"Metazoa","Chordata","Actinopteri","","","",""
"782","ASV782",1,"root","no rank",1,"","","","","","",""
"783","ASV783",186623,"Actinopteri","class",1,"Metazoa","Chordata","Actinopteri","","","",""
"784","ASV784",186623,"Actinopteri","class",1,"Metazoa","Chordata","Actinopteri","","","",""
"785","ASV785",8016,"Oncorhynchus","genus",NA,"Metazoa","Chordata","Actinopteri","Salmoniformes","Salmonidae","Oncorhynchus",""
"786","ASV786",186623,"Actinopteri","class",1,"Metazoa","Chordata","Actinopteri","","","",""
"787","ASV787",1,"root","no rank",1,"","","","","","",""
"788","ASV788",186623,"Actinopteri","class",1,"Metazoa","Chordata","Actinopteri","","","",""
"789","ASV789",1,"root","no rank",1,"","","","","","",""
"790","ASV790",186623,"Actinopteri","class",1,"Metazoa","Chordata","Actinopteri","","","",""
"791","ASV791",186623,"Actinopteri","class",1,"Metazoa","Chordata","Actinopteri","","","",""
"792","ASV792",186623,"Actinopteri","class",1,"Metazoa","Chordata","Actinopteri","","","",""
"793","ASV793",8048,"Gadus","genus",NA,"Metazoa","Chordata","Actinopteri","Gadiformes","Gadidae","Gadus",""
"794","ASV794",186623,"Actinopteri","class",1,"Metazoa","Chordata","Actinopteri","","","",""
"795","ASV795",186623,"Actinopteri","class",1,"Metazoa","Chordata","Actinopteri","","","",""
"796","ASV796",1,"root","no rank",1,"","","","","","",""
"797","ASV797",186623,"Actinopteri","class",1,"Metazoa","Chordata","Actinopteri","","","",""
"798","ASV798",72449,"Hexagrammos","genus",NA,"Metazoa","Chordata","Actinopteri","Perciformes","Hexagrammidae","Hexagrammos",""
"799","ASV799",186623,"Actinopteri","class",1,"Metazoa","Chordata","Actinopteri","","","",""
"800","ASV800",72449,"Hexagrammos","genus",NA,"Metazoa","Chordata","Actinopteri","Perciformes","Hexagrammidae","Hexagrammos",""
"801","ASV801",186623,"Actinopteri","class",1,"Metazoa","Chordata","Actinopteri","","","",""
"802","ASV802",186623,"Actinopteri","class",1,"Metazoa","Chordata","Actinopteri","","","",""
"803","ASV803",186623,"Actinopteri","class",1,"Metazoa","Chordata","Actinopteri","","","",""
"804","ASV804",186623,"Actinopteri","class",1,"Metazoa","Chordata","Actinopteri","","","",""
"805","ASV805",186623,"Actinopteri","class",1,"Metazoa","Chordata","Actinopteri","","","",""
"806","ASV806",186623,"Actinopteri","class",1,"Metazoa","Chordata","Actinopteri","","","",""
"807","ASV807",186623,"Actinopteri","class",1,"Metazoa","Chordata","Actinopteri","","","",""
"808","ASV808",186623,"Actinopteri","class",1,"Metazoa","Chordata","Actinopteri","","","",""
"809","ASV809",8256,"Pleuronectidae","family",NA,"Metazoa","Chordata","Actinopteri","Pleuronectiformes","Pleuronectidae","",""
"810","ASV810",8048,"Gadus","genus",NA,"Metazoa","Chordata","Actinopteri","Gadiformes","Gadidae","Gadus",""
"811","ASV811",186623,"Actinopteri","class",1,"Metazoa","Chordata","Actinopteri","","","",""
"812","ASV812",186623,"Actinopteri","class",1,"Metazoa","Chordata","Actinopteri","","","",""
"813","ASV813",186623,"Actinopteri","class",1,"Metazoa","Chordata","Actinopteri","","","",""
"814","ASV814",186623,"Actinopteri","class",1,"Metazoa","Chordata","Actinopteri","","","",""
"815","ASV815",980344,"Stichaeus punctatus","species",NA,"Metazoa","Chordata","Actinopteri","Perciformes","Stichaeidae","Stichaeus","Stichaeus punctatus"
"816","ASV816",186623,"Actinopteri","class",1,"Metazoa","Chordata","Actinopteri","","","",""
"817","ASV817",8256,"Pleuronectidae","family",NA,"Metazoa","Chordata","Actinopteri","Pleuronectiformes","Pleuronectidae","",""
"818","ASV818",72449,"Hexagrammos","genus",NA,"Metazoa","Chordata","Actinopteri","Perciformes","Hexagrammidae","Hexagrammos",""
"819","ASV819",186623,"Actinopteri","class",1,"Metazoa","Chordata","Actinopteri","","","",""
"820","ASV820",8016,"Oncorhynchus","genus",NA,"Metazoa","Chordata","Actinopteri","Salmoniformes","Salmonidae","Oncorhynchus",""
"821","ASV821",186623,"Actinopteri","class",1,"Metazoa","Chordata","Actinopteri","","","",""
"822","ASV822",186623,"Actinopteri","class",1,"Metazoa","Chordata","Actinopteri","","","",""
"823","ASV823",186623,"Actinopteri","class",1,"Metazoa","Chordata","Actinopteri","","","",""
"824","ASV824",186623,"Actinopteri","class",1,"Metazoa","Chordata","Actinopteri","","","",""
"825","ASV825",1,"root","no rank",1,"","","","","","",""
"826","ASV826",8048,"Gadus","genus",NA,"Metazoa","Chordata","Actinopteri","Gadiformes","Gadidae","Gadus",""
"827","ASV827",8016,"Oncorhynchus","genus",NA,"Metazoa","Chordata","Actinopteri","Salmoniformes","Salmonidae","Oncorhynchus",""
"828","ASV828",186623,"Actinopteri","class",1,"Metazoa","Chordata","Actinopteri","","","",""
"829","ASV829",8048,"Gadus","genus",NA,"Metazoa","Chordata","Actinopteri","Gadiformes","Gadidae","Gadus",""
"830","ASV830",186623,"Actinopteri","class",1,"Metazoa","Chordata","Actinopteri","","","",""
"831","ASV831",186623,"Actinopteri","class",1,"Metazoa","Chordata","Actinopteri","","","",""
"832","ASV832",274705,"Sebastinae","subfamily",NA,"Metazoa","Chordata","Actinopteri","Perciformes","Sebastidae","",""
"833","ASV833",186623,"Actinopteri","class",1,"Metazoa","Chordata","Actinopteri","","","",""
"834","ASV834",8016,"Oncorhynchus","genus",NA,"Metazoa","Chordata","Actinopteri","Salmoniformes","Salmonidae","Oncorhynchus",""
"835","ASV835",186623,"Actinopteri","class",1,"Metazoa","Chordata","Actinopteri","","","",""
"836","ASV836",186623,"Actinopteri","class",1,"Metazoa","Chordata","Actinopteri","","","",""
"837","ASV837",186623,"Actinopteri","class",1,"Metazoa","Chordata","Actinopteri","","","",""
"838","ASV838",186623,"Actinopteri","class",1,"Metazoa","Chordata","Actinopteri","","","",""
"839","ASV839",186623,"Actinopteri","class",1,"Metazoa","Chordata","Actinopteri","","","",""
"840","ASV840",186623,"Actinopteri","class",1,"Metazoa","Chordata","Actinopteri","","","",""
"841","ASV841",186623,"Actinopteri","class",1,"Metazoa","Chordata","Actinopteri","","","",""
"842","ASV842",186623,"Actinopteri","class",1,"Metazoa","Chordata","Actinopteri","","","",""
"843","ASV843",8095,"Myoxocephalus","genus",NA,"Metazoa","Chordata","Actinopteri","Perciformes","Cottidae","Myoxocephalus",""
"844","ASV844",186623,"Actinopteri","class",1,"Metazoa","Chordata","Actinopteri","","","",""
"845","ASV845",8092,"Cottidae","family",NA,"Metazoa","Chordata","Actinopteri","Perciformes","Cottidae","",""
"846","ASV846",8256,"Pleuronectidae","family",NA,"Metazoa","Chordata","Actinopteri","Pleuronectiformes","Pleuronectidae","",""
"847","ASV847",186623,"Actinopteri","class",1,"Metazoa","Chordata","Actinopteri","","","",""
"848","ASV848",186623,"Actinopteri","class",1,"Metazoa","Chordata","Actinopteri","","","",""
"849","ASV849",8095,"Myoxocephalus","genus",NA,"Metazoa","Chordata","Actinopteri","Perciformes","Cottidae","Myoxocephalus",""
"850","ASV850",8095,"Myoxocephalus","genus",NA,"Metazoa","Chordata","Actinopteri","Perciformes","Cottidae","Myoxocephalus",""
"851","ASV851",186623,"Actinopteri","class",1,"Metazoa","Chordata","Actinopteri","","","",""
"852","ASV852",186623,"Actinopteri","class",1,"Metazoa","Chordata","Actinopteri","","","",""
"853","ASV853",186623,"Actinopteri","class",1,"Metazoa","Chordata","Actinopteri","","","",""
"854","ASV854",186623,"Actinopteri","class",1,"Metazoa","Chordata","Actinopteri","","","",""
"855","ASV855",186623,"Actinopteri","class",1,"Metazoa","Chordata","Actinopteri","","","",""
"856","ASV856",186623,"Actinopteri","class",1,"Metazoa","Chordata","Actinopteri","","","",""
"857","ASV857",186623,"Actinopteri","class",1,"Metazoa","Chordata","Actinopteri","","","",""
"858","ASV858",186623,"Actinopteri","class",1,"Metazoa","Chordata","Actinopteri","","","",""
"859","ASV859",186623,"Actinopteri","class",1,"Metazoa","Chordata","Actinopteri","","","",""
"860","ASV860",186623,"Actinopteri","class",1,"Metazoa","Chordata","Actinopteri","","","",""
"861","ASV861",186623,"Actinopteri","class",1,"Metazoa","Chordata","Actinopteri","","","",""
"862","ASV862",186623,"Actinopteri","class",1,"Metazoa","Chordata","Actinopteri","","","",""
"863","ASV863",30892,"Stichaeidae","family",NA,"Metazoa","Chordata","Actinopteri","Perciformes","Stichaeidae","",""
"864","ASV864",186623,"Actinopteri","class",1,"Metazoa","Chordata","Actinopteri","","","",""
"865","ASV865",8095,"Myoxocephalus","genus",NA,"Metazoa","Chordata","Actinopteri","Perciformes","Cottidae","Myoxocephalus",""
"866","ASV866",186623,"Actinopteri","class",1,"Metazoa","Chordata","Actinopteri","","","",""
"867","ASV867",186623,"Actinopteri","class",1,"Metazoa","Chordata","Actinopteri","","","",""
"868","ASV868",186623,"Actinopteri","class",1,"Metazoa","Chordata","Actinopteri","","","",""
"869","ASV869",186623,"Actinopteri","class",1,"Metazoa","Chordata","Actinopteri","","","",""
"870","ASV870",186623,"Actinopteri","class",1,"Metazoa","Chordata","Actinopteri","","","",""
"871","ASV871",186623,"Actinopteri","class",1,"Metazoa","Chordata","Actinopteri","","","",""
"872","ASV872",186623,"Actinopteri","class",1,"Metazoa","Chordata","Actinopteri","","","",""
"873","ASV873",8045,"Gadidae","family",NA,"Metazoa","Chordata","Actinopteri","Gadiformes","Gadidae","",""
"874","ASV874",186623,"Actinopteri","class",1,"Metazoa","Chordata","Actinopteri","","","",""
"875","ASV875",186623,"Actinopteri","class",1,"Metazoa","Chordata","Actinopteri","","","",""
"876","ASV876",186623,"Actinopteri","class",1,"Metazoa","Chordata","Actinopteri","","","",""
"877","ASV877",8092,"Cottidae","family",NA,"Metazoa","Chordata","Actinopteri","Perciformes","Cottidae","",""
"878","ASV878",1,"root","no rank",1,"","","","","","",""
"879","ASV879",1,"root","no rank",1,"","","","","","",""
"880","ASV880",186623,"Actinopteri","class",1,"Metazoa","Chordata","Actinopteri","","","",""
"881","ASV881",8095,"Myoxocephalus","genus",NA,"Metazoa","Chordata","Actinopteri","Perciformes","Cottidae","Myoxocephalus",""
"882","ASV882",186623,"Actinopteri","class",1,"Metazoa","Chordata","Actinopteri","","","",""
"883","ASV883",8095,"Myoxocephalus","genus",NA,"Metazoa","Chordata","Actinopteri","Perciformes","Cottidae","Myoxocephalus",""
"884","ASV884",9615,"Canis lupus familiaris","subspecies",NA,"Metazoa","Chordata","Mammalia","Carnivora","Canidae","Canis","Canis lupus"
"885","ASV885",8033,"Salvelinus","genus",NA,"Metazoa","Chordata","Actinopteri","Salmoniformes","Salmonidae","Salvelinus",""
"886","ASV886",72057,"Sebastes auriculatus","species",NA,"Metazoa","Chordata","Actinopteri","Perciformes","Sebastidae","Sebastes","Sebastes auriculatus"
"887","ASV887",186623,"Actinopteri","class",1,"Metazoa","Chordata","Actinopteri","","","",""
"888","ASV888",186623,"Actinopteri","class",1,"Metazoa","Chordata","Actinopteri","","","",""
"889","ASV889",186623,"Actinopteri","class",1,"Metazoa","Chordata","Actinopteri","","","",""
"890","ASV890",186623,"Actinopteri","class",1,"Metazoa","Chordata","Actinopteri","","","",""
"891","ASV891",186623,"Actinopteri","class",1,"Metazoa","Chordata","Actinopteri","","","",""
"892","ASV892",186623,"Actinopteri","class",1,"Metazoa","Chordata","Actinopteri","","","",""
"893","ASV893",186623,"Actinopteri","class",1,"Metazoa","Chordata","Actinopteri","","","",""
"894","ASV894",186623,"Actinopteri","class",1,"Metazoa","Chordata","Actinopteri","","","",""
"895","ASV895",8256,"Pleuronectidae","family",NA,"Metazoa","Chordata","Actinopteri","Pleuronectiformes","Pleuronectidae","",""
"896","ASV896",186623,"Actinopteri","class",1,"Metazoa","Chordata","Actinopteri","","","",""
"897","ASV897",186623,"Actinopteri","class",1,"Metazoa","Chordata","Actinopteri","","","",""
"898","ASV898",8256,"Pleuronectidae","family",NA,"Metazoa","Chordata","Actinopteri","Pleuronectiformes","Pleuronectidae","",""
"899","ASV899",186623,"Actinopteri","class",1,"Metazoa","Chordata","Actinopteri","","","",""
"900","ASV900",1,"root","no rank",1,"","","","","","",""
"901","ASV901",8016,"Oncorhynchus","genus",NA,"Metazoa","Chordata","Actinopteri","Salmoniformes","Salmonidae","Oncorhynchus",""
"902","ASV902",1,"root","no rank",1,"","","","","","",""
"903","ASV903",186623,"Actinopteri","class",1,"Metazoa","Chordata","Actinopteri","","","",""
"904","ASV904",186623,"Actinopteri","class",1,"Metazoa","Chordata","Actinopteri","","","",""
"905","ASV905",186623,"Actinopteri","class",1,"Metazoa","Chordata","Actinopteri","","","",""
"906","ASV906",186623,"Actinopteri","class",1,"Metazoa","Chordata","Actinopteri","","","",""
"907","ASV907",186623,"Actinopteri","class",1,"Metazoa","Chordata","Actinopteri","","","",""
"908","ASV908",8045,"Gadidae","family",NA,"Metazoa","Chordata","Actinopteri","Gadiformes","Gadidae","",""
"909","ASV909",8048,"Gadus","genus",NA,"Metazoa","Chordata","Actinopteri","Gadiformes","Gadidae","Gadus",""
"910","ASV910",1,"root","no rank",1,"","","","","","",""
"911","ASV911",1,"root","no rank",1,"","","","","","",""
"912","ASV912",72449,"Hexagrammos","genus",NA,"Metazoa","Chordata","Actinopteri","Perciformes","Hexagrammidae","Hexagrammos",""
"913","ASV913",186623,"Actinopteri","class",1,"Metazoa","Chordata","Actinopteri","","","",""
"914","ASV914",8016,"Oncorhynchus","genus",NA,"Metazoa","Chordata","Actinopteri","Salmoniformes","Salmonidae","Oncorhynchus",""
"915","ASV915",186623,"Actinopteri","class",1,"Metazoa","Chordata","Actinopteri","","","",""
"916","ASV916",274705,"Sebastinae","subfamily",NA,"Metazoa","Chordata","Actinopteri","Perciformes","Sebastidae","",""
"917","ASV917",186623,"Actinopteri","class",1,"Metazoa","Chordata","Actinopteri","","","",""
"918","ASV918",186623,"Actinopteri","class",1,"Metazoa","Chordata","Actinopteri","","","",""
"919","ASV919",186623,"Actinopteri","class",1,"Metazoa","Chordata","Actinopteri","","","",""
"920","ASV920",186623,"Actinopteri","class",1,"Metazoa","Chordata","Actinopteri","","","",""
"921","ASV921",186623,"Actinopteri","class",1,"Metazoa","Chordata","Actinopteri","","","",""
"922","ASV922",8092,"Cottidae","family",NA,"Metazoa","Chordata","Actinopteri","Perciformes","Cottidae","",""
"923","ASV923",186623,"Actinopteri","class",1,"Metazoa","Chordata","Actinopteri","","","",""
"924","ASV924",186623,"Actinopteri","class",1,"Metazoa","Chordata","Actinopteri","","","",""
"925","ASV925",186623,"Actinopteri","class",1,"Metazoa","Chordata","Actinopteri","","","",""
"926","ASV926",8048,"Gadus","genus",NA,"Metazoa","Chordata","Actinopteri","Gadiformes","Gadidae","Gadus",""
"927","ASV927",8256,"Pleuronectidae","family",NA,"Metazoa","Chordata","Actinopteri","Pleuronectiformes","Pleuronectidae","",""
"928","ASV928",186623,"Actinopteri","class",1,"Metazoa","Chordata","Actinopteri","","","",""
"929","ASV929",433405,"Anarrhichthys ocellatus","species",NA,"Metazoa","Chordata","Actinopteri","Perciformes","Anarhichadidae","Anarrhichthys","Anarrhichthys ocellatus"
"930","ASV930",186623,"Actinopteri","class",1,"Metazoa","Chordata","Actinopteri","","","",""
"931","ASV931",186623,"Actinopteri","class",1,"Metazoa","Chordata","Actinopteri","","","",""
"932","ASV932",186623,"Actinopteri","class",1,"Metazoa","Chordata","Actinopteri","","","",""
"933","ASV933",72449,"Hexagrammos","genus",NA,"Metazoa","Chordata","Actinopteri","Perciformes","Hexagrammidae","Hexagrammos",""
"934","ASV934",8033,"Salvelinus","genus",NA,"Metazoa","Chordata","Actinopteri","Salmoniformes","Salmonidae","Salvelinus",""
"935","ASV935",1,"root","no rank",1,"","","","","","",""
"936","ASV936",186623,"Actinopteri","class",1,"Metazoa","Chordata","Actinopteri","","","",""
"937","ASV937",186623,"Actinopteri","class",1,"Metazoa","Chordata","Actinopteri","","","",""
"938","ASV938",186623,"Actinopteri","class",1,"Metazoa","Chordata","Actinopteri","","","",""
"939","ASV939",186623,"Actinopteri","class",1,"Metazoa","Chordata","Actinopteri","","","",""
"940","ASV940",186623,"Actinopteri","class",1,"Metazoa","Chordata","Actinopteri","","","",""
"941","ASV941",433387,"Lycodes brevipes","species",NA,"Metazoa","Chordata","Actinopteri","Perciformes","Zoarcidae","Lycodes","Lycodes brevipes"
"942","ASV942",8016,"Oncorhynchus","genus",NA,"Metazoa","Chordata","Actinopteri","Salmoniformes","Salmonidae","Oncorhynchus",""
"943","ASV943",274705,"Sebastinae","subfamily",NA,"Metazoa","Chordata","Actinopteri","Perciformes","Sebastidae","",""
"944","ASV944",30892,"Stichaeidae","family",NA,"Metazoa","Chordata","Actinopteri","Perciformes","Stichaeidae","",""
"945","ASV945",8016,"Oncorhynchus","genus",NA,"Metazoa","Chordata","Actinopteri","Salmoniformes","Salmonidae","Oncorhynchus",""
"946","ASV946",186623,"Actinopteri","class",1,"Metazoa","Chordata","Actinopteri","","","",""
"947","ASV947",1,"root","no rank",1,"","","","","","",""
"948","ASV948",186623,"Actinopteri","class",1,"Metazoa","Chordata","Actinopteri","","","",""
"949","ASV949",1,"root","no rank",1,"","","","","","",""
"950","ASV950",8016,"Oncorhynchus","genus",NA,"Metazoa","Chordata","Actinopteri","Salmoniformes","Salmonidae","Oncorhynchus",""
"951","ASV951",186623,"Actinopteri","class",1,"Metazoa","Chordata","Actinopteri","","","",""
"952","ASV952",8016,"Oncorhynchus","genus",NA,"Metazoa","Chordata","Actinopteri","Salmoniformes","Salmonidae","Oncorhynchus",""
"953","ASV953",186623,"Actinopteri","class",1,"Metazoa","Chordata","Actinopteri","","","",""
"954","ASV954",8256,"Pleuronectidae","family",NA,"Metazoa","Chordata","Actinopteri","Pleuronectiformes","Pleuronectidae","",""
"955","ASV955",8033,"Salvelinus","genus",NA,"Metazoa","Chordata","Actinopteri","Salmoniformes","Salmonidae","Salvelinus",""
"956","ASV956",186623,"Actinopteri","class",1,"Metazoa","Chordata","Actinopteri","","","",""
"957","ASV957",186623,"Actinopteri","class",1,"Metazoa","Chordata","Actinopteri","","","",""
"958","ASV958",186623,"Actinopteri","class",1,"Metazoa","Chordata","Actinopteri","","","",""
"959","ASV959",186623,"Actinopteri","class",1,"Metazoa","Chordata","Actinopteri","","","",""
"960","ASV960",186623,"Actinopteri","class",1,"Metazoa","Chordata","Actinopteri","","","",""
"961","ASV961",8048,"Gadus","genus",NA,"Metazoa","Chordata","Actinopteri","Gadiformes","Gadidae","Gadus",""
"962","ASV962",186623,"Actinopteri","class",1,"Metazoa","Chordata","Actinopteri","","","",""
"963","ASV963",72449,"Hexagrammos","genus",NA,"Metazoa","Chordata","Actinopteri","Perciformes","Hexagrammidae","Hexagrammos",""
"964","ASV964",186623,"Actinopteri","class",1,"Metazoa","Chordata","Actinopteri","","","",""
"965","ASV965",186623,"Actinopteri","class",1,"Metazoa","Chordata","Actinopteri","","","",""
"966","ASV966",186623,"Actinopteri","class",1,"Metazoa","Chordata","Actinopteri","","","",""
"967","ASV967",274705,"Sebastinae","subfamily",NA,"Metazoa","Chordata","Actinopteri","Perciformes","Sebastidae","",""
"968","ASV968",186623,"Actinopteri","class",1,"Metazoa","Chordata","Actinopteri","","","",""
"969","ASV969",186623,"Actinopteri","class",1,"Metazoa","Chordata","Actinopteri","","","",""
"970","ASV970",186623,"Actinopteri","class",1,"Metazoa","Chordata","Actinopteri","","","",""
"971","ASV971",8016,"Oncorhynchus","genus",NA,"Metazoa","Chordata","Actinopteri","Salmoniformes","Salmonidae","Oncorhynchus",""
"972","ASV972",8048,"Gadus","genus",NA,"Metazoa","Chordata","Actinopteri","Gadiformes","Gadidae","Gadus",""
"973","ASV973",186623,"Actinopteri","class",1,"Metazoa","Chordata","Actinopteri","","","",""
"974","ASV974",8256,"Pleuronectidae","family",NA,"Metazoa","Chordata","Actinopteri","Pleuronectiformes","Pleuronectidae","",""
"975","ASV975",8099,"Leocottus kesslerii","species",NA,"Metazoa","Chordata","Actinopteri","Perciformes","Cottidae","Leocottus","Leocottus kesslerii"
"976","ASV976",186623,"Actinopteri","class",1,"Metazoa","Chordata","Actinopteri","","","",""
"977","ASV977",72449,"Hexagrammos","genus",NA,"Metazoa","Chordata","Actinopteri","Perciformes","Hexagrammidae","Hexagrammos",""
"978","ASV978",8048,"Gadus","genus",NA,"Metazoa","Chordata","Actinopteri","Gadiformes","Gadidae","Gadus",""
"979","ASV979",72449,"Hexagrammos","genus",NA,"Metazoa","Chordata","Actinopteri","Perciformes","Hexagrammidae","Hexagrammos",""
"980","ASV980",186623,"Actinopteri","class",1,"Metazoa","Chordata","Actinopteri","","","",""
"981","ASV981",1,"root","no rank",1,"","","","","","",""
"982","ASV982",186623,"Actinopteri","class",1,"Metazoa","Chordata","Actinopteri","","","",""
"983","ASV983",186623,"Actinopteri","class",1,"Metazoa","Chordata","Actinopteri","","","",""
"984","ASV984",186623,"Actinopteri","class",1,"Metazoa","Chordata","Actinopteri","","","",""
"985","ASV985",186623,"Actinopteri","class",1,"Metazoa","Chordata","Actinopteri","","","",""
"986","ASV986",186623,"Actinopteri","class",1,"Metazoa","Chordata","Actinopteri","","","",""
"987","ASV987",8016,"Oncorhynchus","genus",NA,"Metazoa","Chordata","Actinopteri","Salmoniformes","Salmonidae","Oncorhynchus",""
"988","ASV988",72449,"Hexagrammos","genus",NA,"Metazoa","Chordata","Actinopteri","Perciformes","Hexagrammidae","Hexagrammos",""
"989","ASV989",8016,"Oncorhynchus","genus",NA,"Metazoa","Chordata","Actinopteri","Salmoniformes","Salmonidae","Oncorhynchus",""
"990","ASV990",72449,"Hexagrammos","genus",NA,"Metazoa","Chordata","Actinopteri","Perciformes","Hexagrammidae","Hexagrammos",""
"991","ASV991",186623,"Actinopteri","class",1,"Metazoa","Chordata","Actinopteri","","","",""
"992","ASV992",72449,"Hexagrammos","genus",NA,"Metazoa","Chordata","Actinopteri","Perciformes","Hexagrammidae","Hexagrammos",""
"993","ASV993",186623,"Actinopteri","class",1,"Metazoa","Chordata","Actinopteri","","","",""
"994","ASV994",186623,"Actinopteri","class",1,"Metazoa","Chordata","Actinopteri","","","",""
"995","ASV995",72449,"Hexagrammos","genus",NA,"Metazoa","Chordata","Actinopteri","Perciformes","Hexagrammidae","Hexagrammos",""
"996","ASV996",186623,"Actinopteri","class",1,"Metazoa","Chordata","Actinopteri","","","",""
"997","ASV997",186623,"Actinopteri","class",1,"Metazoa","Chordata","Actinopteri","","","",""
"998","ASV998",186623,"Actinopteri","class",1,"Metazoa","Chordata","Actinopteri","","","",""
"999","ASV999",186623,"Actinopteri","class",1,"Metazoa","Chordata","Actinopteri","","","",""
"1000","ASV1000",8256,"Pleuronectidae","family",NA,"Metazoa","Chordata","Actinopteri","Pleuronectiformes","Pleuronectidae","",""
"1001","ASV1001",186623,"Actinopteri","class",1,"Metazoa","Chordata","Actinopteri","","","",""
"1002","ASV1002",186623,"Actinopteri","class",1,"Metazoa","Chordata","Actinopteri","","","",""
"1003","ASV1003",186623,"Actinopteri","class",1,"Metazoa","Chordata","Actinopteri","","","",""
"1004","ASV1004",186623,"Actinopteri","class",1,"Metazoa","Chordata","Actinopteri","","","",""
"1005","ASV1005",186623,"Actinopteri","class",1,"Metazoa","Chordata","Actinopteri","","","",""
"1006","ASV1006",186623,"Actinopteri","class",1,"Metazoa","Chordata","Actinopteri","","","",""
"1007","ASV1007",186623,"Actinopteri","class",1,"Metazoa","Chordata","Actinopteri","","","",""
"1008","ASV1008",186623,"Actinopteri","class",1,"Metazoa","Chordata","Actinopteri","","","",""
"1009","ASV1009",186623,"Actinopteri","class",1,"Metazoa","Chordata","Actinopteri","","","",""
"1010","ASV1010",186623,"Actinopteri","class",1,"Metazoa","Chordata","Actinopteri","","","",""
"1011","ASV1011",186623,"Actinopteri","class",1,"Metazoa","Chordata","Actinopteri","","","",""
"1012","ASV1012",186623,"Actinopteri","class",1,"Metazoa","Chordata","Actinopteri","","","",""
"1013","ASV1013",186623,"Actinopteri","class",1,"Metazoa","Chordata","Actinopteri","","","",""
"1014","ASV1014",72449,"Hexagrammos","genus",NA,"Metazoa","Chordata","Actinopteri","Perciformes","Hexagrammidae","Hexagrammos",""
"1015","ASV1015",8016,"Oncorhynchus","genus",NA,"Metazoa","Chordata","Actinopteri","Salmoniformes","Salmonidae","Oncorhynchus",""
"1016","ASV1016",8256,"Pleuronectidae","family",NA,"Metazoa","Chordata","Actinopteri","Pleuronectiformes","Pleuronectidae","",""
"1017","ASV1017",8256,"Pleuronectidae","family",NA,"Metazoa","Chordata","Actinopteri","Pleuronectiformes","Pleuronectidae","",""
"1018","ASV1018",8095,"Myoxocephalus","genus",NA,"Metazoa","Chordata","Actinopteri","Perciformes","Cottidae","Myoxocephalus",""
"1019","ASV1019",186623,"Actinopteri","class",1,"Metazoa","Chordata","Actinopteri","","","",""
"1020","ASV1020",72449,"Hexagrammos","genus",NA,"Metazoa","Chordata","Actinopteri","Perciformes","Hexagrammidae","Hexagrammos",""
"1021","ASV1021",186623,"Actinopteri","class",1,"Metazoa","Chordata","Actinopteri","","","",""
"1022","ASV1022",8016,"Oncorhynchus","genus",NA,"Metazoa","Chordata","Actinopteri","Salmoniformes","Salmonidae","Oncorhynchus",""
"1023","ASV1023",72449,"Hexagrammos","genus",NA,"Metazoa","Chordata","Actinopteri","Perciformes","Hexagrammidae","Hexagrammos",""
"1024","ASV1024",8048,"Gadus","genus",NA,"Metazoa","Chordata","Actinopteri","Gadiformes","Gadidae","Gadus",""
"1025","ASV1025",186623,"Actinopteri","class",1,"Metazoa","Chordata","Actinopteri","","","",""
"1026","ASV1026",459047,"Clinocottus globiceps","species",NA,"Metazoa","Chordata","Actinopteri","Perciformes","Cottidae","Clinocottus","Clinocottus globiceps"
"1027","ASV1027",8016,"Oncorhynchus","genus",NA,"Metazoa","Chordata","Actinopteri","Salmoniformes","Salmonidae","Oncorhynchus",""
"1028","ASV1028",186623,"Actinopteri","class",1,"Metazoa","Chordata","Actinopteri","","","",""
"1029","ASV1029",8045,"Gadidae","family",NA,"Metazoa","Chordata","Actinopteri","Gadiformes","Gadidae","",""
"1030","ASV1030",186623,"Actinopteri","class",1,"Metazoa","Chordata","Actinopteri","","","",""
"1031","ASV1031",72449,"Hexagrammos","genus",NA,"Metazoa","Chordata","Actinopteri","Perciformes","Hexagrammidae","Hexagrammos",""
"1032","ASV1032",186623,"Actinopteri","class",1,"Metazoa","Chordata","Actinopteri","","","",""
"1033","ASV1033",186623,"Actinopteri","class",1,"Metazoa","Chordata","Actinopteri","","","",""
"1034","ASV1034",186623,"Actinopteri","class",1,"Metazoa","Chordata","Actinopteri","","","",""
"1035","ASV1035",186623,"Actinopteri","class",1,"Metazoa","Chordata","Actinopteri","","","",""
"1036","ASV1036",186623,"Actinopteri","class",1,"Metazoa","Chordata","Actinopteri","","","",""
"1037","ASV1037",8095,"Myoxocephalus","genus",NA,"Metazoa","Chordata","Actinopteri","Perciformes","Cottidae","Myoxocephalus",""
"1038","ASV1038",8256,"Pleuronectidae","family",NA,"Metazoa","Chordata","Actinopteri","Pleuronectiformes","Pleuronectidae","",""
"1039","ASV1039",186623,"Actinopteri","class",1,"Metazoa","Chordata","Actinopteri","","","",""
"1040","ASV1040",186623,"Actinopteri","class",1,"Metazoa","Chordata","Actinopteri","","","",""
"1041","ASV1041",186623,"Actinopteri","class",1,"Metazoa","Chordata","Actinopteri","","","",""
"1042","ASV1042",186623,"Actinopteri","class",1,"Metazoa","Chordata","Actinopteri","","","",""
"1043","ASV1043",186623,"Actinopteri","class",1,"Metazoa","Chordata","Actinopteri","","","",""
"1044","ASV1044",8092,"Cottidae","family",NA,"Metazoa","Chordata","Actinopteri","Perciformes","Cottidae","",""
"1045","ASV1045",186623,"Actinopteri","class",1,"Metazoa","Chordata","Actinopteri","","","",""
"1046","ASV1046",8048,"Gadus","genus",NA,"Metazoa","Chordata","Actinopteri","Gadiformes","Gadidae","Gadus",""
"1047","ASV1047",274705,"Sebastinae","subfamily",NA,"Metazoa","Chordata","Actinopteri","Perciformes","Sebastidae","",""
"1048","ASV1048",8033,"Salvelinus","genus",NA,"Metazoa","Chordata","Actinopteri","Salmoniformes","Salmonidae","Salvelinus",""
"1049","ASV1049",186623,"Actinopteri","class",1,"Metazoa","Chordata","Actinopteri","","","",""
"1050","ASV1050",186623,"Actinopteri","class",1,"Metazoa","Chordata","Actinopteri","","","",""
"1051","ASV1051",8033,"Salvelinus","genus",NA,"Metazoa","Chordata","Actinopteri","Salmoniformes","Salmonidae","Salvelinus",""
"1052","ASV1052",186623,"Actinopteri","class",1,"Metazoa","Chordata","Actinopteri","","","",""
"1053","ASV1053",8033,"Salvelinus","genus",NA,"Metazoa","Chordata","Actinopteri","Salmoniformes","Salmonidae","Salvelinus",""
"1054","ASV1054",186623,"Actinopteri","class",1,"Metazoa","Chordata","Actinopteri","","","",""
"1055","ASV1055",1,"root","no rank",1,"","","","","","",""
"1056","ASV1056",186623,"Actinopteri","class",1,"Metazoa","Chordata","Actinopteri","","","",""
"1057","ASV1057",186623,"Actinopteri","class",1,"Metazoa","Chordata","Actinopteri","","","",""
"1058","ASV1058",186623,"Actinopteri","class",1,"Metazoa","Chordata","Actinopteri","","","",""
"1059","ASV1059",8033,"Salvelinus","genus",NA,"Metazoa","Chordata","Actinopteri","Salmoniformes","Salmonidae","Salvelinus",""
"1060","ASV1060",8256,"Pleuronectidae","family",NA,"Metazoa","Chordata","Actinopteri","Pleuronectiformes","Pleuronectidae","",""
"1061","ASV1061",1188226,"Bathymaster caeruleofasciatus","species",NA,"Metazoa","Chordata","Actinopteri","Perciformes","Bathymasteridae","Bathymaster","Bathymaster caeruleofasciatus"
"1062","ASV1062",186623,"Actinopteri","class",1,"Metazoa","Chordata","Actinopteri","","","",""
"1063","ASV1063",186623,"Actinopteri","class",1,"Metazoa","Chordata","Actinopteri","","","",""
"1064","ASV1064",186623,"Actinopteri","class",1,"Metazoa","Chordata","Actinopteri","","","",""
"1065","ASV1065",186623,"Actinopteri","class",1,"Metazoa","Chordata","Actinopteri","","","",""
"1066","ASV1066",8033,"Salvelinus","genus",NA,"Metazoa","Chordata","Actinopteri","Salmoniformes","Salmonidae","Salvelinus",""
"1067","ASV1067",186623,"Actinopteri","class",1,"Metazoa","Chordata","Actinopteri","","","",""
"1068","ASV1068",186623,"Actinopteri","class",1,"Metazoa","Chordata","Actinopteri","","","",""
"1069","ASV1069",186623,"Actinopteri","class",1,"Metazoa","Chordata","Actinopteri","","","",""
"1070","ASV1070",186623,"Actinopteri","class",1,"Metazoa","Chordata","Actinopteri","","","",""
"1071","ASV1071",40674,"Mammalia","class",1,"Metazoa","Chordata","Mammalia","","","",""
"1072","ASV1072",186623,"Actinopteri","class",1,"Metazoa","Chordata","Actinopteri","","","",""
"1073","ASV1073",8016,"Oncorhynchus","genus",NA,"Metazoa","Chordata","Actinopteri","Salmoniformes","Salmonidae","Oncorhynchus",""
"1074","ASV1074",186623,"Actinopteri","class",1,"Metazoa","Chordata","Actinopteri","","","",""
"1075","ASV1075",186623,"Actinopteri","class",1,"Metazoa","Chordata","Actinopteri","","","",""
"1076","ASV1076",186623,"Actinopteri","class",1,"Metazoa","Chordata","Actinopteri","","","",""
"1077","ASV1077",186623,"Actinopteri","class",1,"Metazoa","Chordata","Actinopteri","","","",""
"1078","ASV1078",186623,"Actinopteri","class",1,"Metazoa","Chordata","Actinopteri","","","",""
"1079","ASV1079",186623,"Actinopteri","class",1,"Metazoa","Chordata","Actinopteri","","","",""
"1080","ASV1080",186623,"Actinopteri","class",1,"Metazoa","Chordata","Actinopteri","","","",""
"1081","ASV1081",72449,"Hexagrammos","genus",NA,"Metazoa","Chordata","Actinopteri","Perciformes","Hexagrammidae","Hexagrammos",""
"1082","ASV1082",186623,"Actinopteri","class",1,"Metazoa","Chordata","Actinopteri","","","",""
"1083","ASV1083",186623,"Actinopteri","class",1,"Metazoa","Chordata","Actinopteri","","","",""
"1084","ASV1084",186623,"Actinopteri","class",1,"Metazoa","Chordata","Actinopteri","","","",""
"1085","ASV1085",30892,"Stichaeidae","family",NA,"Metazoa","Chordata","Actinopteri","Perciformes","Stichaeidae","",""
"1086","ASV1086",186623,"Actinopteri","class",1,"Metazoa","Chordata","Actinopteri","","","",""
"1087","ASV1087",8016,"Oncorhynchus","genus",NA,"Metazoa","Chordata","Actinopteri","Salmoniformes","Salmonidae","Oncorhynchus",""
"1088","ASV1088",186623,"Actinopteri","class",1,"Metazoa","Chordata","Actinopteri","","","",""
"1089","ASV1089",8256,"Pleuronectidae","family",NA,"Metazoa","Chordata","Actinopteri","Pleuronectiformes","Pleuronectidae","",""
"1090","ASV1090",186623,"Actinopteri","class",1,"Metazoa","Chordata","Actinopteri","","","",""
"1091","ASV1091",186623,"Actinopteri","class",1,"Metazoa","Chordata","Actinopteri","","","",""
"1092","ASV1092",186623,"Actinopteri","class",1,"Metazoa","Chordata","Actinopteri","","","",""
"1093","ASV1093",186623,"Actinopteri","class",1,"Metazoa","Chordata","Actinopteri","","","",""
"1094","ASV1094",8048,"Gadus","genus",NA,"Metazoa","Chordata","Actinopteri","Gadiformes","Gadidae","Gadus",""
"1095","ASV1095",8033,"Salvelinus","genus",NA,"Metazoa","Chordata","Actinopteri","Salmoniformes","Salmonidae","Salvelinus",""
"1096","ASV1096",186623,"Actinopteri","class",1,"Metazoa","Chordata","Actinopteri","","","",""
"1097","ASV1097",186623,"Actinopteri","class",1,"Metazoa","Chordata","Actinopteri","","","",""
"1098","ASV1098",186623,"Actinopteri","class",1,"Metazoa","Chordata","Actinopteri","","","",""
"1099","ASV1099",30892,"Stichaeidae","family",NA,"Metazoa","Chordata","Actinopteri","Perciformes","Stichaeidae","",""
"1100","ASV1100",123240,"Stenobrachius nannochir","species",NA,"Metazoa","Chordata","Actinopteri","Myctophiformes","Myctophidae","Stenobrachius","Stenobrachius nannochir"
"1101","ASV1101",8048,"Gadus","genus",NA,"Metazoa","Chordata","Actinopteri","Gadiformes","Gadidae","Gadus",""
"1102","ASV1102",72449,"Hexagrammos","genus",NA,"Metazoa","Chordata","Actinopteri","Perciformes","Hexagrammidae","Hexagrammos",""
"1103","ASV1103",186623,"Actinopteri","class",1,"Metazoa","Chordata","Actinopteri","","","",""
"1104","ASV1104",8095,"Myoxocephalus","genus",NA,"Metazoa","Chordata","Actinopteri","Perciformes","Cottidae","Myoxocephalus",""
"1105","ASV1105",30892,"Stichaeidae","family",NA,"Metazoa","Chordata","Actinopteri","Perciformes","Stichaeidae","",""
"1106","ASV1106",186623,"Actinopteri","class",1,"Metazoa","Chordata","Actinopteri","","","",""
"1107","ASV1107",8256,"Pleuronectidae","family",NA,"Metazoa","Chordata","Actinopteri","Pleuronectiformes","Pleuronectidae","",""
"1108","ASV1108",8016,"Oncorhynchus","genus",NA,"Metazoa","Chordata","Actinopteri","Salmoniformes","Salmonidae","Oncorhynchus",""
"1109","ASV1109",186623,"Actinopteri","class",1,"Metazoa","Chordata","Actinopteri","","","",""
"1110","ASV1110",72449,"Hexagrammos","genus",NA,"Metazoa","Chordata","Actinopteri","Perciformes","Hexagrammidae","Hexagrammos",""
"1111","ASV1111",72449,"Hexagrammos","genus",NA,"Metazoa","Chordata","Actinopteri","Perciformes","Hexagrammidae","Hexagrammos",""
"1112","ASV1112",186623,"Actinopteri","class",1,"Metazoa","Chordata","Actinopteri","","","",""
"1113","ASV1113",186623,"Actinopteri","class",1,"Metazoa","Chordata","Actinopteri","","","",""
"1114","ASV1114",186623,"Actinopteri","class",1,"Metazoa","Chordata","Actinopteri","","","",""
"1115","ASV1115",186623,"Actinopteri","class",1,"Metazoa","Chordata","Actinopteri","","","",""
"1116","ASV1116",186623,"Actinopteri","class",1,"Metazoa","Chordata","Actinopteri","","","",""
"1117","ASV1117",72449,"Hexagrammos","genus",NA,"Metazoa","Chordata","Actinopteri","Perciformes","Hexagrammidae","Hexagrammos",""
"1118","ASV1118",72449,"Hexagrammos","genus",NA,"Metazoa","Chordata","Actinopteri","Perciformes","Hexagrammidae","Hexagrammos",""
"1119","ASV1119",1,"root","no rank",1,"","","","","","",""
"1120","ASV1120",186623,"Actinopteri","class",1,"Metazoa","Chordata","Actinopteri","","","",""
"1121","ASV1121",72449,"Hexagrammos","genus",NA,"Metazoa","Chordata","Actinopteri","Perciformes","Hexagrammidae","Hexagrammos",""
"1122","ASV1122",8016,"Oncorhynchus","genus",NA,"Metazoa","Chordata","Actinopteri","Salmoniformes","Salmonidae","Oncorhynchus",""
"1123","ASV1123",186623,"Actinopteri","class",1,"Metazoa","Chordata","Actinopteri","","","",""
"1124","ASV1124",186623,"Actinopteri","class",1,"Metazoa","Chordata","Actinopteri","","","",""
"1125","ASV1125",186623,"Actinopteri","class",1,"Metazoa","Chordata","Actinopteri","","","",""
"1126","ASV1126",186623,"Actinopteri","class",1,"Metazoa","Chordata","Actinopteri","","","",""
"1127","ASV1127",8047,"Eleginus gracilis","species",NA,"Metazoa","Chordata","Actinopteri","Gadiformes","Gadidae","Eleginus","Eleginus gracilis"
"1128","ASV1128",186623,"Actinopteri","class",1,"Metazoa","Chordata","Actinopteri","","","",""
"1129","ASV1129",8256,"Pleuronectidae","family",NA,"Metazoa","Chordata","Actinopteri","Pleuronectiformes","Pleuronectidae","",""
"1130","ASV1130",186623,"Actinopteri","class",1,"Metazoa","Chordata","Actinopteri","","","",""
"1131","ASV1131",8092,"Cottidae","family",NA,"Metazoa","Chordata","Actinopteri","Perciformes","Cottidae","",""
"1132","ASV1132",186623,"Actinopteri","class",1,"Metazoa","Chordata","Actinopteri","","","",""
"1133","ASV1133",8048,"Gadus","genus",NA,"Metazoa","Chordata","Actinopteri","Gadiformes","Gadidae","Gadus",""
"1134","ASV1134",8092,"Cottidae","family",NA,"Metazoa","Chordata","Actinopteri","Perciformes","Cottidae","",""
"1135","ASV1135",8092,"Cottidae","family",NA,"Metazoa","Chordata","Actinopteri","Perciformes","Cottidae","",""
"1136","ASV1136",186623,"Actinopteri","class",1,"Metazoa","Chordata","Actinopteri","","","",""
"1137","ASV1137",8048,"Gadus","genus",NA,"Metazoa","Chordata","Actinopteri","Gadiformes","Gadidae","Gadus",""
"1138","ASV1138",186623,"Actinopteri","class",1,"Metazoa","Chordata","Actinopteri","","","",""
"1139","ASV1139",186623,"Actinopteri","class",1,"Metazoa","Chordata","Actinopteri","","","",""
"1140","ASV1140",186623,"Actinopteri","class",1,"Metazoa","Chordata","Actinopteri","","","",""
"1141","ASV1141",186623,"Actinopteri","class",1,"Metazoa","Chordata","Actinopteri","","","",""
"1142","ASV1142",186623,"Actinopteri","class",1,"Metazoa","Chordata","Actinopteri","","","",""
"1143","ASV1143",186623,"Actinopteri","class",1,"Metazoa","Chordata","Actinopteri","","","",""
"1144","ASV1144",186623,"Actinopteri","class",1,"Metazoa","Chordata","Actinopteri","","","",""
"1145","ASV1145",186623,"Actinopteri","class",1,"Metazoa","Chordata","Actinopteri","","","",""
"1146","ASV1146",186623,"Actinopteri","class",1,"Metazoa","Chordata","Actinopteri","","","",""
"1147","ASV1147",8095,"Myoxocephalus","genus",NA,"Metazoa","Chordata","Actinopteri","Perciformes","Cottidae","Myoxocephalus",""
"1148","ASV1148",186623,"Actinopteri","class",1,"Metazoa","Chordata","Actinopteri","","","",""
"1149","ASV1149",186623,"Actinopteri","class",1,"Metazoa","Chordata","Actinopteri","","","",""
"1150","ASV1150",8016,"Oncorhynchus","genus",NA,"Metazoa","Chordata","Actinopteri","Salmoniformes","Salmonidae","Oncorhynchus",""
"1151","ASV1151",186623,"Actinopteri","class",1,"Metazoa","Chordata","Actinopteri","","","",""
"1152","ASV1152",186623,"Actinopteri","class",1,"Metazoa","Chordata","Actinopteri","","","",""
"1153","ASV1153",72449,"Hexagrammos","genus",NA,"Metazoa","Chordata","Actinopteri","Perciformes","Hexagrammidae","Hexagrammos",""
"1154","ASV1154",8048,"Gadus","genus",NA,"Metazoa","Chordata","Actinopteri","Gadiformes","Gadidae","Gadus",""
"1155","ASV1155",186623,"Actinopteri","class",1,"Metazoa","Chordata","Actinopteri","","","",""
"1156","ASV1156",186623,"Actinopteri","class",1,"Metazoa","Chordata","Actinopteri","","","",""
"1157","ASV1157",186623,"Actinopteri","class",1,"Metazoa","Chordata","Actinopteri","","","",""
"1158","ASV1158",186623,"Actinopteri","class",1,"Metazoa","Chordata","Actinopteri","","","",""
"1159","ASV1159",186623,"Actinopteri","class",1,"Metazoa","Chordata","Actinopteri","","","",""
"1160","ASV1160",186623,"Actinopteri","class",1,"Metazoa","Chordata","Actinopteri","","","",""
"1161","ASV1161",72449,"Hexagrammos","genus",NA,"Metazoa","Chordata","Actinopteri","Perciformes","Hexagrammidae","Hexagrammos",""
"1162","ASV1162",186623,"Actinopteri","class",1,"Metazoa","Chordata","Actinopteri","","","",""
"1163","ASV1163",186623,"Actinopteri","class",1,"Metazoa","Chordata","Actinopteri","","","",""
"1164","ASV1164",8048,"Gadus","genus",NA,"Metazoa","Chordata","Actinopteri","Gadiformes","Gadidae","Gadus",""
"1165","ASV1165",186623,"Actinopteri","class",1,"Metazoa","Chordata","Actinopteri","","","",""
"1166","ASV1166",186623,"Actinopteri","class",1,"Metazoa","Chordata","Actinopteri","","","",""
"1167","ASV1167",30892,"Stichaeidae","family",NA,"Metazoa","Chordata","Actinopteri","Perciformes","Stichaeidae","",""
"1168","ASV1168",8048,"Gadus","genus",NA,"Metazoa","Chordata","Actinopteri","Gadiformes","Gadidae","Gadus",""
"1169","ASV1169",186623,"Actinopteri","class",1,"Metazoa","Chordata","Actinopteri","","","",""
"1170","ASV1170",186623,"Actinopteri","class",1,"Metazoa","Chordata","Actinopteri","","","",""
"1171","ASV1171",186623,"Actinopteri","class",1,"Metazoa","Chordata","Actinopteri","","","",""
"1172","ASV1172",1,"root","no rank",1,"","","","","","",""
"1173","ASV1173",8092,"Cottidae","family",NA,"Metazoa","Chordata","Actinopteri","Perciformes","Cottidae","",""
"1174","ASV1174",186623,"Actinopteri","class",1,"Metazoa","Chordata","Actinopteri","","","",""
"1175","ASV1175",186623,"Actinopteri","class",1,"Metazoa","Chordata","Actinopteri","","","",""
"1176","ASV1176",186623,"Actinopteri","class",1,"Metazoa","Chordata","Actinopteri","","","",""
"1177","ASV1177",8095,"Myoxocephalus","genus",NA,"Metazoa","Chordata","Actinopteri","Perciformes","Cottidae","Myoxocephalus",""
"1178","ASV1178",8095,"Myoxocephalus","genus",NA,"Metazoa","Chordata","Actinopteri","Perciformes","Cottidae","Myoxocephalus",""
"1179","ASV1179",8256,"Pleuronectidae","family",NA,"Metazoa","Chordata","Actinopteri","Pleuronectiformes","Pleuronectidae","",""
"1180","ASV1180",186623,"Actinopteri","class",1,"Metazoa","Chordata","Actinopteri","","","",""
"1181","ASV1181",320612,"Podothecus accipenserinus","species",NA,"Metazoa","Chordata","Actinopteri","Perciformes","Agonidae","Podothecus","Podothecus accipenserinus"
"1182","ASV1182",186623,"Actinopteri","class",1,"Metazoa","Chordata","Actinopteri","","","",""
"1183","ASV1183",186623,"Actinopteri","class",1,"Metazoa","Chordata","Actinopteri","","","",""
"1184","ASV1184",186623,"Actinopteri","class",1,"Metazoa","Chordata","Actinopteri","","","",""
"1185","ASV1185",186623,"Actinopteri","class",1,"Metazoa","Chordata","Actinopteri","","","",""
"1186","ASV1186",1,"root","no rank",1,"","","","","","",""
"1187","ASV1187",186623,"Actinopteri","class",1,"Metazoa","Chordata","Actinopteri","","","",""
"1188","ASV1188",186623,"Actinopteri","class",1,"Metazoa","Chordata","Actinopteri","","","",""
"1189","ASV1189",186623,"Actinopteri","class",1,"Metazoa","Chordata","Actinopteri","","","",""
"1190","ASV1190",186623,"Actinopteri","class",1,"Metazoa","Chordata","Actinopteri","","","",""
"1191","ASV1191",186623,"Actinopteri","class",1,"Metazoa","Chordata","Actinopteri","","","",""
"1192","ASV1192",186623,"Actinopteri","class",1,"Metazoa","Chordata","Actinopteri","","","",""
"1193","ASV1193",8095,"Myoxocephalus","genus",NA,"Metazoa","Chordata","Actinopteri","Perciformes","Cottidae","Myoxocephalus",""
"1194","ASV1194",186623,"Actinopteri","class",1,"Metazoa","Chordata","Actinopteri","","","",""
"1195","ASV1195",186623,"Actinopteri","class",1,"Metazoa","Chordata","Actinopteri","","","",""
"1196","ASV1196",1,"root","no rank",1,"","","","","","",""
"1197","ASV1197",186623,"Actinopteri","class",1,"Metazoa","Chordata","Actinopteri","","","",""
"1198","ASV1198",72449,"Hexagrammos","genus",NA,"Metazoa","Chordata","Actinopteri","Perciformes","Hexagrammidae","Hexagrammos",""
"1199","ASV1199",8256,"Pleuronectidae","family",NA,"Metazoa","Chordata","Actinopteri","Pleuronectiformes","Pleuronectidae","",""
"1200","ASV1200",186623,"Actinopteri","class",1,"Metazoa","Chordata","Actinopteri","","","",""
"1201","ASV1201",186623,"Actinopteri","class",1,"Metazoa","Chordata","Actinopteri","","","",""
"1202","ASV1202",186623,"Actinopteri","class",1,"Metazoa","Chordata","Actinopteri","","","",""
"1203","ASV1203",186623,"Actinopteri","class",1,"Metazoa","Chordata","Actinopteri","","","",""
"1204","ASV1204",8016,"Oncorhynchus","genus",NA,"Metazoa","Chordata","Actinopteri","Salmoniformes","Salmonidae","Oncorhynchus",""
"1205","ASV1205",186623,"Actinopteri","class",1,"Metazoa","Chordata","Actinopteri","","","",""
"1206","ASV1206",186623,"Actinopteri","class",1,"Metazoa","Chordata","Actinopteri","","","",""
"1207","ASV1207",8095,"Myoxocephalus","genus",NA,"Metazoa","Chordata","Actinopteri","Perciformes","Cottidae","Myoxocephalus",""
"1208","ASV1208",186623,"Actinopteri","class",1,"Metazoa","Chordata","Actinopteri","","","",""
"1209","ASV1209",8048,"Gadus","genus",NA,"Metazoa","Chordata","Actinopteri","Gadiformes","Gadidae","Gadus",""
"1210","ASV1210",186623,"Actinopteri","class",1,"Metazoa","Chordata","Actinopteri","","","",""
"1211","ASV1211",274705,"Sebastinae","subfamily",NA,"Metazoa","Chordata","Actinopteri","Perciformes","Sebastidae","",""
"1212","ASV1212",186623,"Actinopteri","class",1,"Metazoa","Chordata","Actinopteri","","","",""
"1213","ASV1213",186623,"Actinopteri","class",1,"Metazoa","Chordata","Actinopteri","","","",""
"1214","ASV1214",1,"root","no rank",1,"","","","","","",""
"1215","ASV1215",9903,"Bos","genus",NA,"Metazoa","Chordata","Mammalia","","Bovidae","Bos",""
"1216","ASV1216",8033,"Salvelinus","genus",NA,"Metazoa","Chordata","Actinopteri","Salmoniformes","Salmonidae","Salvelinus",""
"1217","ASV1217",8016,"Oncorhynchus","genus",NA,"Metazoa","Chordata","Actinopteri","Salmoniformes","Salmonidae","Oncorhynchus",""
"1218","ASV1218",186623,"Actinopteri","class",1,"Metazoa","Chordata","Actinopteri","","","",""
"1219","ASV1219",186623,"Actinopteri","class",1,"Metazoa","Chordata","Actinopteri","","","",""
"1220","ASV1220",186623,"Actinopteri","class",1,"Metazoa","Chordata","Actinopteri","","","",""
"1221","ASV1221",186623,"Actinopteri","class",1,"Metazoa","Chordata","Actinopteri","","","",""
"1222","ASV1222",186623,"Actinopteri","class",1,"Metazoa","Chordata","Actinopteri","","","",""
"1223","ASV1223",186623,"Actinopteri","class",1,"Metazoa","Chordata","Actinopteri","","","",""
"1224","ASV1224",186623,"Actinopteri","class",1,"Metazoa","Chordata","Actinopteri","","","",""
"1225","ASV1225",186623,"Actinopteri","class",1,"Metazoa","Chordata","Actinopteri","","","",""
"1226","ASV1226",186623,"Actinopteri","class",1,"Metazoa","Chordata","Actinopteri","","","",""
"1227","ASV1227",186623,"Actinopteri","class",1,"Metazoa","Chordata","Actinopteri","","","",""
"1228","ASV1228",8095,"Myoxocephalus","genus",NA,"Metazoa","Chordata","Actinopteri","Perciformes","Cottidae","Myoxocephalus",""
"1229","ASV1229",8016,"Oncorhynchus","genus",NA,"Metazoa","Chordata","Actinopteri","Salmoniformes","Salmonidae","Oncorhynchus",""
"1230","ASV1230",186623,"Actinopteri","class",1,"Metazoa","Chordata","Actinopteri","","","",""
"1231","ASV1231",8016,"Oncorhynchus","genus",NA,"Metazoa","Chordata","Actinopteri","Salmoniformes","Salmonidae","Oncorhynchus",""
"1232","ASV1232",72449,"Hexagrammos","genus",NA,"Metazoa","Chordata","Actinopteri","Perciformes","Hexagrammidae","Hexagrammos",""
"1233","ASV1233",8016,"Oncorhynchus","genus",NA,"Metazoa","Chordata","Actinopteri","Salmoniformes","Salmonidae","Oncorhynchus",""
"1234","ASV1234",186623,"Actinopteri","class",1,"Metazoa","Chordata","Actinopteri","","","",""
"1235","ASV1235",186623,"Actinopteri","class",1,"Metazoa","Chordata","Actinopteri","","","",""
"1236","ASV1236",30724,"Clupea pallasii","species",NA,"Metazoa","Chordata","Actinopteri","Clupeiformes","Clupeidae","Clupea","Clupea pallasii"
"1237","ASV1237",186623,"Actinopteri","class",1,"Metazoa","Chordata","Actinopteri","","","",""
"1238","ASV1238",8048,"Gadus","genus",NA,"Metazoa","Chordata","Actinopteri","Gadiformes","Gadidae","Gadus",""
"1239","ASV1239",186623,"Actinopteri","class",1,"Metazoa","Chordata","Actinopteri","","","",""
"1240","ASV1240",186623,"Actinopteri","class",1,"Metazoa","Chordata","Actinopteri","","","",""
"1241","ASV1241",186623,"Actinopteri","class",1,"Metazoa","Chordata","Actinopteri","","","",""
"1242","ASV1242",186623,"Actinopteri","class",1,"Metazoa","Chordata","Actinopteri","","","",""
"1243","ASV1243",30892,"Stichaeidae","family",NA,"Metazoa","Chordata","Actinopteri","Perciformes","Stichaeidae","",""
"1244","ASV1244",186623,"Actinopteri","class",1,"Metazoa","Chordata","Actinopteri","","","",""
"1245","ASV1245",186623,"Actinopteri","class",1,"Metazoa","Chordata","Actinopteri","","","",""
"1246","ASV1246",1,"root","no rank",1,"","","","","","",""
"1247","ASV1247",186623,"Actinopteri","class",1,"Metazoa","Chordata","Actinopteri","","","",""
"1248","ASV1248",30892,"Stichaeidae","family",NA,"Metazoa","Chordata","Actinopteri","Perciformes","Stichaeidae","",""
"1249","ASV1249",186623,"Actinopteri","class",1,"Metazoa","Chordata","Actinopteri","","","",""
"1250","ASV1250",186623,"Actinopteri","class",1,"Metazoa","Chordata","Actinopteri","","","",""
"1251","ASV1251",186623,"Actinopteri","class",1,"Metazoa","Chordata","Actinopteri","","","",""
"1252","ASV1252",186623,"Actinopteri","class",1,"Metazoa","Chordata","Actinopteri","","","",""
"1253","ASV1253",186623,"Actinopteri","class",1,"Metazoa","Chordata","Actinopteri","","","",""
"1254","ASV1254",8256,"Pleuronectidae","family",NA,"Metazoa","Chordata","Actinopteri","Pleuronectiformes","Pleuronectidae","",""
"1255","ASV1255",186623,"Actinopteri","class",1,"Metazoa","Chordata","Actinopteri","","","",""
"1256","ASV1256",1,"root","no rank",1,"","","","","","",""
"1257","ASV1257",186623,"Actinopteri","class",1,"Metazoa","Chordata","Actinopteri","","","",""
"1258","ASV1258",186623,"Actinopteri","class",1,"Metazoa","Chordata","Actinopteri","","","",""
"1259","ASV1259",8256,"Pleuronectidae","family",NA,"Metazoa","Chordata","Actinopteri","Pleuronectiformes","Pleuronectidae","",""
"1260","ASV1260",8092,"Cottidae","family",NA,"Metazoa","Chordata","Actinopteri","Perciformes","Cottidae","",""
"1261","ASV1261",8092,"Cottidae","family",NA,"Metazoa","Chordata","Actinopteri","Perciformes","Cottidae","",""
"1262","ASV1262",186623,"Actinopteri","class",1,"Metazoa","Chordata","Actinopteri","","","",""
"1263","ASV1263",8256,"Pleuronectidae","family",NA,"Metazoa","Chordata","Actinopteri","Pleuronectiformes","Pleuronectidae","",""
"1264","ASV1264",186623,"Actinopteri","class",1,"Metazoa","Chordata","Actinopteri","","","",""
"1265","ASV1265",34820,"Sebastes","genus",NA,"Metazoa","Chordata","Actinopteri","Perciformes","Sebastidae","Sebastes",""
"1266","ASV1266",186623,"Actinopteri","class",1,"Metazoa","Chordata","Actinopteri","","","",""
"1267","ASV1267",186623,"Actinopteri","class",1,"Metazoa","Chordata","Actinopteri","","","",""
"1268","ASV1268",186623,"Actinopteri","class",1,"Metazoa","Chordata","Actinopteri","","","",""
"1269","ASV1269",186623,"Actinopteri","class",1,"Metazoa","Chordata","Actinopteri","","","",""
"1270","ASV1270",186623,"Actinopteri","class",1,"Metazoa","Chordata","Actinopteri","","","",""
"1271","ASV1271",186623,"Actinopteri","class",1,"Metazoa","Chordata","Actinopteri","","","",""
"1272","ASV1272",186623,"Actinopteri","class",1,"Metazoa","Chordata","Actinopteri","","","",""
"1273","ASV1273",8016,"Oncorhynchus","genus",NA,"Metazoa","Chordata","Actinopteri","Salmoniformes","Salmonidae","Oncorhynchus",""
"1274","ASV1274",186623,"Actinopteri","class",1,"Metazoa","Chordata","Actinopteri","","","",""
"1275","ASV1275",186623,"Actinopteri","class",1,"Metazoa","Chordata","Actinopteri","","","",""
"1276","ASV1276",8095,"Myoxocephalus","genus",NA,"Metazoa","Chordata","Actinopteri","Perciformes","Cottidae","Myoxocephalus",""
"1277","ASV1277",186623,"Actinopteri","class",1,"Metazoa","Chordata","Actinopteri","","","",""
"1278","ASV1278",186623,"Actinopteri","class",1,"Metazoa","Chordata","Actinopteri","","","",""
"1279","ASV1279",8256,"Pleuronectidae","family",NA,"Metazoa","Chordata","Actinopteri","Pleuronectiformes","Pleuronectidae","",""
"1280","ASV1280",186623,"Actinopteri","class",1,"Metazoa","Chordata","Actinopteri","","","",""
"1281","ASV1281",186623,"Actinopteri","class",1,"Metazoa","Chordata","Actinopteri","","","",""
"1282","ASV1282",8256,"Pleuronectidae","family",NA,"Metazoa","Chordata","Actinopteri","Pleuronectiformes","Pleuronectidae","",""
"1283","ASV1283",186623,"Actinopteri","class",1,"Metazoa","Chordata","Actinopteri","","","",""
"1284","ASV1284",72449,"Hexagrammos","genus",NA,"Metazoa","Chordata","Actinopteri","Perciformes","Hexagrammidae","Hexagrammos",""
"1285","ASV1285",8016,"Oncorhynchus","genus",NA,"Metazoa","Chordata","Actinopteri","Salmoniformes","Salmonidae","Oncorhynchus",""
"1286","ASV1286",186623,"Actinopteri","class",1,"Metazoa","Chordata","Actinopteri","","","",""
"1287","ASV1287",186623,"Actinopteri","class",1,"Metazoa","Chordata","Actinopteri","","","",""
"1288","ASV1288",8033,"Salvelinus","genus",NA,"Metazoa","Chordata","Actinopteri","Salmoniformes","Salmonidae","Salvelinus",""
"1289","ASV1289",186623,"Actinopteri","class",1,"Metazoa","Chordata","Actinopteri","","","",""
"1290","ASV1290",186623,"Actinopteri","class",1,"Metazoa","Chordata","Actinopteri","","","",""
"1291","ASV1291",34820,"Sebastes","genus",NA,"Metazoa","Chordata","Actinopteri","Perciformes","Sebastidae","Sebastes",""
"1292","ASV1292",8095,"Myoxocephalus","genus",NA,"Metazoa","Chordata","Actinopteri","Perciformes","Cottidae","Myoxocephalus",""
"1293","ASV1293",8016,"Oncorhynchus","genus",NA,"Metazoa","Chordata","Actinopteri","Salmoniformes","Salmonidae","Oncorhynchus",""
"1294","ASV1294",186623,"Actinopteri","class",1,"Metazoa","Chordata","Actinopteri","","","",""
"1295","ASV1295",1,"root","no rank",1,"","","","","","",""
"1296","ASV1296",186623,"Actinopteri","class",1,"Metazoa","Chordata","Actinopteri","","","",""
"1297","ASV1297",186623,"Actinopteri","class",1,"Metazoa","Chordata","Actinopteri","","","",""
"1298","ASV1298",186623,"Actinopteri","class",1,"Metazoa","Chordata","Actinopteri","","","",""
"1299","ASV1299",274705,"Sebastinae","subfamily",NA,"Metazoa","Chordata","Actinopteri","Perciformes","Sebastidae","",""
"1300","ASV1300",1,"root","no rank",1,"","","","","","",""
"1301","ASV1301",186623,"Actinopteri","class",1,"Metazoa","Chordata","Actinopteri","","","",""
"1302","ASV1302",186623,"Actinopteri","class",1,"Metazoa","Chordata","Actinopteri","","","",""
"1303","ASV1303",186623,"Actinopteri","class",1,"Metazoa","Chordata","Actinopteri","","","",""
"1304","ASV1304",186623,"Actinopteri","class",1,"Metazoa","Chordata","Actinopteri","","","",""
"1305","ASV1305",186623,"Actinopteri","class",1,"Metazoa","Chordata","Actinopteri","","","",""
"1306","ASV1306",186623,"Actinopteri","class",1,"Metazoa","Chordata","Actinopteri","","","",""
"1307","ASV1307",186623,"Actinopteri","class",1,"Metazoa","Chordata","Actinopteri","","","",""
"1308","ASV1308",1,"root","no rank",1,"","","","","","",""
"1309","ASV1309",186623,"Actinopteri","class",1,"Metazoa","Chordata","Actinopteri","","","",""
"1310","ASV1310",8048,"Gadus","genus",NA,"Metazoa","Chordata","Actinopteri","Gadiformes","Gadidae","Gadus",""
"1311","ASV1311",186623,"Actinopteri","class",1,"Metazoa","Chordata","Actinopteri","","","",""
"1312","ASV1312",186623,"Actinopteri","class",1,"Metazoa","Chordata","Actinopteri","","","",""
"1313","ASV1313",1,"root","no rank",1,"","","","","","",""
"1314","ASV1314",1,"root","no rank",1,"","","","","","",""
"1315","ASV1315",186623,"Actinopteri","class",1,"Metazoa","Chordata","Actinopteri","","","",""
"1316","ASV1316",30892,"Stichaeidae","family",NA,"Metazoa","Chordata","Actinopteri","Perciformes","Stichaeidae","",""
"1317","ASV1317",8256,"Pleuronectidae","family",NA,"Metazoa","Chordata","Actinopteri","Pleuronectiformes","Pleuronectidae","",""
"1318","ASV1318",186623,"Actinopteri","class",1,"Metazoa","Chordata","Actinopteri","","","",""
"1319","ASV1319",186623,"Actinopteri","class",1,"Metazoa","Chordata","Actinopteri","","","",""
"1320","ASV1320",1,"root","no rank",1,"","","","","","",""
"1321","ASV1321",186623,"Actinopteri","class",1,"Metazoa","Chordata","Actinopteri","","","",""
"1322","ASV1322",27706,"Micropterus salmoides","species",NA,"Metazoa","Chordata","Actinopteri","Centrarchiformes","Centrarchidae","Micropterus","Micropterus salmoides"
"1323","ASV1323",8048,"Gadus","genus",NA,"Metazoa","Chordata","Actinopteri","Gadiformes","Gadidae","Gadus",""
"1324","ASV1324",186623,"Actinopteri","class",1,"Metazoa","Chordata","Actinopteri","","","",""
"1325","ASV1325",186623,"Actinopteri","class",1,"Metazoa","Chordata","Actinopteri","","","",""
"1326","ASV1326",1,"root","no rank",1,"","","","","","",""
"1327","ASV1327",186623,"Actinopteri","class",1,"Metazoa","Chordata","Actinopteri","","","",""
"1328","ASV1328",186623,"Actinopteri","class",1,"Metazoa","Chordata","Actinopteri","","","",""
"1329","ASV1329",186623,"Actinopteri","class",1,"Metazoa","Chordata","Actinopteri","","","",""
"1330","ASV1330",8033,"Salvelinus","genus",NA,"Metazoa","Chordata","Actinopteri","Salmoniformes","Salmonidae","Salvelinus",""
"1331","ASV1331",186623,"Actinopteri","class",1,"Metazoa","Chordata","Actinopteri","","","",""
"1332","ASV1332",186623,"Actinopteri","class",1,"Metazoa","Chordata","Actinopteri","","","",""
"1333","ASV1333",1,"root","no rank",1,"","","","","","",""
"1334","ASV1334",186623,"Actinopteri","class",1,"Metazoa","Chordata","Actinopteri","","","",""
"1335","ASV1335",8012,"Osmeridae","family",NA,"Metazoa","Chordata","Actinopteri","Osmeriformes","Osmeridae","",""
"1336","ASV1336",186623,"Actinopteri","class",1,"Metazoa","Chordata","Actinopteri","","","",""
"1337","ASV1337",8256,"Pleuronectidae","family",NA,"Metazoa","Chordata","Actinopteri","Pleuronectiformes","Pleuronectidae","",""
"1338","ASV1338",186623,"Actinopteri","class",1,"Metazoa","Chordata","Actinopteri","","","",""
"1339","ASV1339",186623,"Actinopteri","class",1,"Metazoa","Chordata","Actinopteri","","","",""
"1340","ASV1340",186623,"Actinopteri","class",1,"Metazoa","Chordata","Actinopteri","","","",""
"1341","ASV1341",8095,"Myoxocephalus","genus",NA,"Metazoa","Chordata","Actinopteri","Perciformes","Cottidae","Myoxocephalus",""
"1342","ASV1342",186623,"Actinopteri","class",1,"Metazoa","Chordata","Actinopteri","","","",""
"1343","ASV1343",8256,"Pleuronectidae","family",NA,"Metazoa","Chordata","Actinopteri","Pleuronectiformes","Pleuronectidae","",""
"1344","ASV1344",72449,"Hexagrammos","genus",NA,"Metazoa","Chordata","Actinopteri","Perciformes","Hexagrammidae","Hexagrammos",""
"1345","ASV1345",214925,"Leptocottus armatus","species",NA,"Metazoa","Chordata","Actinopteri","Perciformes","Cottidae","Leptocottus","Leptocottus armatus"
"1346","ASV1346",186623,"Actinopteri","class",1,"Metazoa","Chordata","Actinopteri","","","",""
"1347","ASV1347",8045,"Gadidae","family",NA,"Metazoa","Chordata","Actinopteri","Gadiformes","Gadidae","",""
"1348","ASV1348",186623,"Actinopteri","class",1,"Metazoa","Chordata","Actinopteri","","","",""
"1349","ASV1349",186623,"Actinopteri","class",1,"Metazoa","Chordata","Actinopteri","","","",""
"1350","ASV1350",1,"root","no rank",1,"","","","","","",""
"1351","ASV1351",8256,"Pleuronectidae","family",NA,"Metazoa","Chordata","Actinopteri","Pleuronectiformes","Pleuronectidae","",""
"1352","ASV1352",1,"root","no rank",1,"","","","","","",""
"1353","ASV1353",30892,"Stichaeidae","family",NA,"Metazoa","Chordata","Actinopteri","Perciformes","Stichaeidae","",""
"1354","ASV1354",186623,"Actinopteri","class",1,"Metazoa","Chordata","Actinopteri","","","",""
"1355","ASV1355",186623,"Actinopteri","class",1,"Metazoa","Chordata","Actinopteri","","","",""
"1356","ASV1356",8016,"Oncorhynchus","genus",NA,"Metazoa","Chordata","Actinopteri","Salmoniformes","Salmonidae","Oncorhynchus",""
"1357","ASV1357",186623,"Actinopteri","class",1,"Metazoa","Chordata","Actinopteri","","","",""
"1358","ASV1358",186623,"Actinopteri","class",1,"Metazoa","Chordata","Actinopteri","","","",""
"1359","ASV1359",186623,"Actinopteri","class",1,"Metazoa","Chordata","Actinopteri","","","",""
"1360","ASV1360",186623,"Actinopteri","class",1,"Metazoa","Chordata","Actinopteri","","","",""
"1361","ASV1361",8048,"Gadus","genus",NA,"Metazoa","Chordata","Actinopteri","Gadiformes","Gadidae","Gadus",""
"1362","ASV1362",8092,"Cottidae","family",NA,"Metazoa","Chordata","Actinopteri","Perciformes","Cottidae","",""
"1363","ASV1363",8016,"Oncorhynchus","genus",NA,"Metazoa","Chordata","Actinopteri","Salmoniformes","Salmonidae","Oncorhynchus",""
"1364","ASV1364",186623,"Actinopteri","class",1,"Metazoa","Chordata","Actinopteri","","","",""
"1365","ASV1365",186623,"Actinopteri","class",1,"Metazoa","Chordata","Actinopteri","","","",""
"1366","ASV1366",8048,"Gadus","genus",NA,"Metazoa","Chordata","Actinopteri","Gadiformes","Gadidae","Gadus",""
"1367","ASV1367",186623,"Actinopteri","class",1,"Metazoa","Chordata","Actinopteri","","","",""
"1368","ASV1368",186623,"Actinopteri","class",1,"Metazoa","Chordata","Actinopteri","","","",""
"1369","ASV1369",186623,"Actinopteri","class",1,"Metazoa","Chordata","Actinopteri","","","",""
"1370","ASV1370",72449,"Hexagrammos","genus",NA,"Metazoa","Chordata","Actinopteri","Perciformes","Hexagrammidae","Hexagrammos",""
"1371","ASV1371",8256,"Pleuronectidae","family",NA,"Metazoa","Chordata","Actinopteri","Pleuronectiformes","Pleuronectidae","",""
"1372","ASV1372",1,"root","no rank",1,"","","","","","",""
"1373","ASV1373",186623,"Actinopteri","class",1,"Metazoa","Chordata","Actinopteri","","","",""
"1374","ASV1374",186623,"Actinopteri","class",1,"Metazoa","Chordata","Actinopteri","","","",""
"1375","ASV1375",8016,"Oncorhynchus","genus",NA,"Metazoa","Chordata","Actinopteri","Salmoniformes","Salmonidae","Oncorhynchus",""
"1376","ASV1376",186623,"Actinopteri","class",1,"Metazoa","Chordata","Actinopteri","","","",""
"1377","ASV1377",72449,"Hexagrammos","genus",NA,"Metazoa","Chordata","Actinopteri","Perciformes","Hexagrammidae","Hexagrammos",""
"1378","ASV1378",186623,"Actinopteri","class",1,"Metazoa","Chordata","Actinopteri","","","",""
"1379","ASV1379",186623,"Actinopteri","class",1,"Metazoa","Chordata","Actinopteri","","","",""
"1380","ASV1380",186623,"Actinopteri","class",1,"Metazoa","Chordata","Actinopteri","","","",""
"1381","ASV1381",8016,"Oncorhynchus","genus",NA,"Metazoa","Chordata","Actinopteri","Salmoniformes","Salmonidae","Oncorhynchus",""
"1382","ASV1382",8016,"Oncorhynchus","genus",NA,"Metazoa","Chordata","Actinopteri","Salmoniformes","Salmonidae","Oncorhynchus",""
"1383","ASV1383",186623,"Actinopteri","class",1,"Metazoa","Chordata","Actinopteri","","","",""
"1384","ASV1384",186623,"Actinopteri","class",1,"Metazoa","Chordata","Actinopteri","","","",""
"1385","ASV1385",186623,"Actinopteri","class",1,"Metazoa","Chordata","Actinopteri","","","",""
"1386","ASV1386",186623,"Actinopteri","class",1,"Metazoa","Chordata","Actinopteri","","","",""
"1387","ASV1387",186623,"Actinopteri","class",1,"Metazoa","Chordata","Actinopteri","","","",""
"1388","ASV1388",186623,"Actinopteri","class",1,"Metazoa","Chordata","Actinopteri","","","",""
"1389","ASV1389",186623,"Actinopteri","class",1,"Metazoa","Chordata","Actinopteri","","","",""
"1390","ASV1390",186623,"Actinopteri","class",1,"Metazoa","Chordata","Actinopteri","","","",""
"1391","ASV1391",186623,"Actinopteri","class",1,"Metazoa","Chordata","Actinopteri","","","",""
"1392","ASV1392",72449,"Hexagrammos","genus",NA,"Metazoa","Chordata","Actinopteri","Perciformes","Hexagrammidae","Hexagrammos",""
"1393","ASV1393",186623,"Actinopteri","class",1,"Metazoa","Chordata","Actinopteri","","","",""
"1394","ASV1394",186623,"Actinopteri","class",1,"Metazoa","Chordata","Actinopteri","","","",""
"1395","ASV1395",186623,"Actinopteri","class",1,"Metazoa","Chordata","Actinopteri","","","",""
"1396","ASV1396",186623,"Actinopteri","class",1,"Metazoa","Chordata","Actinopteri","","","",""
"1397","ASV1397",186623,"Actinopteri","class",1,"Metazoa","Chordata","Actinopteri","","","",""
"1398","ASV1398",186623,"Actinopteri","class",1,"Metazoa","Chordata","Actinopteri","","","",""
"1399","ASV1399",186623,"Actinopteri","class",1,"Metazoa","Chordata","Actinopteri","","","",""
"1400","ASV1400",186623,"Actinopteri","class",1,"Metazoa","Chordata","Actinopteri","","","",""
"1401","ASV1401",1772089,"Liparis cyclopus","species",NA,"Metazoa","Chordata","Actinopteri","Perciformes","Liparidae","Liparis","Liparis cyclopus"
"1402","ASV1402",8045,"Gadidae","family",NA,"Metazoa","Chordata","Actinopteri","Gadiformes","Gadidae","",""
"1403","ASV1403",8095,"Myoxocephalus","genus",NA,"Metazoa","Chordata","Actinopteri","Perciformes","Cottidae","Myoxocephalus",""
"1404","ASV1404",186623,"Actinopteri","class",1,"Metazoa","Chordata","Actinopteri","","","",""
"1405","ASV1405",186623,"Actinopteri","class",1,"Metazoa","Chordata","Actinopteri","","","",""
"1406","ASV1406",186623,"Actinopteri","class",1,"Metazoa","Chordata","Actinopteri","","","",""
"1407","ASV1407",186623,"Actinopteri","class",1,"Metazoa","Chordata","Actinopteri","","","",""
"1408","ASV1408",186623,"Actinopteri","class",1,"Metazoa","Chordata","Actinopteri","","","",""
"1409","ASV1409",186623,"Actinopteri","class",1,"Metazoa","Chordata","Actinopteri","","","",""
"1410","ASV1410",186623,"Actinopteri","class",1,"Metazoa","Chordata","Actinopteri","","","",""
"1411","ASV1411",8048,"Gadus","genus",NA,"Metazoa","Chordata","Actinopteri","Gadiformes","Gadidae","Gadus",""
"1412","ASV1412",8016,"Oncorhynchus","genus",NA,"Metazoa","Chordata","Actinopteri","Salmoniformes","Salmonidae","Oncorhynchus",""
"1413","ASV1413",8016,"Oncorhynchus","genus",NA,"Metazoa","Chordata","Actinopteri","Salmoniformes","Salmonidae","Oncorhynchus",""
"1414","ASV1414",186623,"Actinopteri","class",1,"Metazoa","Chordata","Actinopteri","","","",""
"1415","ASV1415",186623,"Actinopteri","class",1,"Metazoa","Chordata","Actinopteri","","","",""
"1416","ASV1416",186623,"Actinopteri","class",1,"Metazoa","Chordata","Actinopteri","","","",""
"1417","ASV1417",186623,"Actinopteri","class",1,"Metazoa","Chordata","Actinopteri","","","",""
"1418","ASV1418",1,"root","no rank",1,"","","","","","",""
"1419","ASV1419",186623,"Actinopteri","class",1,"Metazoa","Chordata","Actinopteri","","","",""
"1420","ASV1420",6072,"Eumetazoa","no rank",1,"Metazoa","","","","","",""
"1421","ASV1421",186623,"Actinopteri","class",1,"Metazoa","Chordata","Actinopteri","","","",""
"1422","ASV1422",186623,"Actinopteri","class",1,"Metazoa","Chordata","Actinopteri","","","",""
"1423","ASV1423",186623,"Actinopteri","class",1,"Metazoa","Chordata","Actinopteri","","","",""
"1424","ASV1424",8256,"Pleuronectidae","family",NA,"Metazoa","Chordata","Actinopteri","Pleuronectiformes","Pleuronectidae","",""
"1425","ASV1425",186623,"Actinopteri","class",1,"Metazoa","Chordata","Actinopteri","","","",""
"1426","ASV1426",186623,"Actinopteri","class",1,"Metazoa","Chordata","Actinopteri","","","",""
"1427","ASV1427",30892,"Stichaeidae","family",NA,"Metazoa","Chordata","Actinopteri","Perciformes","Stichaeidae","",""
"1428","ASV1428",186623,"Actinopteri","class",1,"Metazoa","Chordata","Actinopteri","","","",""
"1429","ASV1429",1,"root","no rank",1,"","","","","","",""
"1430","ASV1430",186623,"Actinopteri","class",1,"Metazoa","Chordata","Actinopteri","","","",""
"1431","ASV1431",1,"root","no rank",1,"","","","","","",""
"1432","ASV1432",8045,"Gadidae","family",NA,"Metazoa","Chordata","Actinopteri","Gadiformes","Gadidae","",""
"1433","ASV1433",186623,"Actinopteri","class",1,"Metazoa","Chordata","Actinopteri","","","",""
"1434","ASV1434",186623,"Actinopteri","class",1,"Metazoa","Chordata","Actinopteri","","","",""
"1435","ASV1435",186623,"Actinopteri","class",1,"Metazoa","Chordata","Actinopteri","","","",""
"1436","ASV1436",186623,"Actinopteri","class",1,"Metazoa","Chordata","Actinopteri","","","",""
"1437","ASV1437",186623,"Actinopteri","class",1,"Metazoa","Chordata","Actinopteri","","","",""
"1438","ASV1438",8033,"Salvelinus","genus",NA,"Metazoa","Chordata","Actinopteri","Salmoniformes","Salmonidae","Salvelinus",""
"1439","ASV1439",8095,"Myoxocephalus","genus",NA,"Metazoa","Chordata","Actinopteri","Perciformes","Cottidae","Myoxocephalus",""
"1440","ASV1440",186623,"Actinopteri","class",1,"Metazoa","Chordata","Actinopteri","","","",""
"1441","ASV1441",186623,"Actinopteri","class",1,"Metazoa","Chordata","Actinopteri","","","",""
"1442","ASV1442",186623,"Actinopteri","class",1,"Metazoa","Chordata","Actinopteri","","","",""
"1443","ASV1443",186623,"Actinopteri","class",1,"Metazoa","Chordata","Actinopteri","","","",""
"1444","ASV1444",9605,"Homo","genus",NA,"Metazoa","Chordata","Mammalia","Primates","Hominidae","Homo",""
"1445","ASV1445",186623,"Actinopteri","class",1,"Metazoa","Chordata","Actinopteri","","","",""
"1446","ASV1446",186623,"Actinopteri","class",1,"Metazoa","Chordata","Actinopteri","","","",""
"1447","ASV1447",186623,"Actinopteri","class",1,"Metazoa","Chordata","Actinopteri","","","",""
"1448","ASV1448",1,"root","no rank",1,"","","","","","",""
"1449","ASV1449",186623,"Actinopteri","class",1,"Metazoa","Chordata","Actinopteri","","","",""
"1450","ASV1450",8092,"Cottidae","family",NA,"Metazoa","Chordata","Actinopteri","Perciformes","Cottidae","",""
"1451","ASV1451",186623,"Actinopteri","class",1,"Metazoa","Chordata","Actinopteri","","","",""
"1452","ASV1452",186623,"Actinopteri","class",1,"Metazoa","Chordata","Actinopteri","","","",""
"1453","ASV1453",8016,"Oncorhynchus","genus",NA,"Metazoa","Chordata","Actinopteri","Salmoniformes","Salmonidae","Oncorhynchus",""
"1454","ASV1454",186623,"Actinopteri","class",1,"Metazoa","Chordata","Actinopteri","","","",""
"1455","ASV1455",186623,"Actinopteri","class",1,"Metazoa","Chordata","Actinopteri","","","",""
"1456","ASV1456",72449,"Hexagrammos","genus",NA,"Metazoa","Chordata","Actinopteri","Perciformes","Hexagrammidae","Hexagrammos",""
"1457","ASV1457",186623,"Actinopteri","class",1,"Metazoa","Chordata","Actinopteri","","","",""
"1458","ASV1458",186623,"Actinopteri","class",1,"Metazoa","Chordata","Actinopteri","","","",""
"1459","ASV1459",186623,"Actinopteri","class",1,"Metazoa","Chordata","Actinopteri","","","",""
"1460","ASV1460",186623,"Actinopteri","class",1,"Metazoa","Chordata","Actinopteri","","","",""
"1461","ASV1461",72449,"Hexagrammos","genus",NA,"Metazoa","Chordata","Actinopteri","Perciformes","Hexagrammidae","Hexagrammos",""
"1462","ASV1462",186623,"Actinopteri","class",1,"Metazoa","Chordata","Actinopteri","","","",""
"1463","ASV1463",8256,"Pleuronectidae","family",NA,"Metazoa","Chordata","Actinopteri","Pleuronectiformes","Pleuronectidae","",""
"1464","ASV1464",186623,"Actinopteri","class",1,"Metazoa","Chordata","Actinopteri","","","",""
"1465","ASV1465",186623,"Actinopteri","class",1,"Metazoa","Chordata","Actinopteri","","","",""
"1466","ASV1466",186623,"Actinopteri","class",1,"Metazoa","Chordata","Actinopteri","","","",""
"1467","ASV1467",186623,"Actinopteri","class",1,"Metazoa","Chordata","Actinopteri","","","",""
"1468","ASV1468",186623,"Actinopteri","class",1,"Metazoa","Chordata","Actinopteri","","","",""
"1469","ASV1469",33213,"Bilateria","no rank",1,"Metazoa","","","","","",""
"1470","ASV1470",186623,"Actinopteri","class",1,"Metazoa","Chordata","Actinopteri","","","",""
"1471","ASV1471",8048,"Gadus","genus",NA,"Metazoa","Chordata","Actinopteri","Gadiformes","Gadidae","Gadus",""
"1472","ASV1472",186623,"Actinopteri","class",1,"Metazoa","Chordata","Actinopteri","","","",""
"1473","ASV1473",186623,"Actinopteri","class",1,"Metazoa","Chordata","Actinopteri","","","",""
"1474","ASV1474",8256,"Pleuronectidae","family",NA,"Metazoa","Chordata","Actinopteri","Pleuronectiformes","Pleuronectidae","",""
"1475","ASV1475",186623,"Actinopteri","class",1,"Metazoa","Chordata","Actinopteri","","","",""
"1476","ASV1476",186623,"Actinopteri","class",1,"Metazoa","Chordata","Actinopteri","","","",""
"1477","ASV1477",72449,"Hexagrammos","genus",NA,"Metazoa","Chordata","Actinopteri","Perciformes","Hexagrammidae","Hexagrammos",""
"1478","ASV1478",186623,"Actinopteri","class",1,"Metazoa","Chordata","Actinopteri","","","",""
"1479","ASV1479",186623,"Actinopteri","class",1,"Metazoa","Chordata","Actinopteri","","","",""
"1480","ASV1480",274705,"Sebastinae","subfamily",NA,"Metazoa","Chordata","Actinopteri","Perciformes","Sebastidae","",""
"1481","ASV1481",186623,"Actinopteri","class",1,"Metazoa","Chordata","Actinopteri","","","",""
"1482","ASV1482",186623,"Actinopteri","class",1,"Metazoa","Chordata","Actinopteri","","","",""
"1483","ASV1483",186623,"Actinopteri","class",1,"Metazoa","Chordata","Actinopteri","","","",""
"1484","ASV1484",186623,"Actinopteri","class",1,"Metazoa","Chordata","Actinopteri","","","",""
"1485","ASV1485",186623,"Actinopteri","class",1,"Metazoa","Chordata","Actinopteri","","","",""
"1486","ASV1486",186623,"Actinopteri","class",1,"Metazoa","Chordata","Actinopteri","","","",""
"1487","ASV1487",186623,"Actinopteri","class",1,"Metazoa","Chordata","Actinopteri","","","",""
"1488","ASV1488",186623,"Actinopteri","class",1,"Metazoa","Chordata","Actinopteri","","","",""
"1489","ASV1489",186623,"Actinopteri","class",1,"Metazoa","Chordata","Actinopteri","","","",""
"1490","ASV1490",8095,"Myoxocephalus","genus",NA,"Metazoa","Chordata","Actinopteri","Perciformes","Cottidae","Myoxocephalus",""
"1491","ASV1491",8256,"Pleuronectidae","family",NA,"Metazoa","Chordata","Actinopteri","Pleuronectiformes","Pleuronectidae","",""
"1492","ASV1492",186623,"Actinopteri","class",1,"Metazoa","Chordata","Actinopteri","","","",""
"1493","ASV1493",8256,"Pleuronectidae","family",NA,"Metazoa","Chordata","Actinopteri","Pleuronectiformes","Pleuronectidae","",""
"1494","ASV1494",274705,"Sebastinae","subfamily",NA,"Metazoa","Chordata","Actinopteri","Perciformes","Sebastidae","",""
"1495","ASV1495",8016,"Oncorhynchus","genus",NA,"Metazoa","Chordata","Actinopteri","Salmoniformes","Salmonidae","Oncorhynchus",""
"1496","ASV1496",186623,"Actinopteri","class",1,"Metazoa","Chordata","Actinopteri","","","",""
"1497","ASV1497",186623,"Actinopteri","class",1,"Metazoa","Chordata","Actinopteri","","","",""
"1498","ASV1498",186623,"Actinopteri","class",1,"Metazoa","Chordata","Actinopteri","","","",""
"1499","ASV1499",186623,"Actinopteri","class",1,"Metazoa","Chordata","Actinopteri","","","",""
"1500","ASV1500",186623,"Actinopteri","class",1,"Metazoa","Chordata","Actinopteri","","","",""
"1501","ASV1501",8095,"Myoxocephalus","genus",NA,"Metazoa","Chordata","Actinopteri","Perciformes","Cottidae","Myoxocephalus",""
"1502","ASV1502",186623,"Actinopteri","class",1,"Metazoa","Chordata","Actinopteri","","","",""
"1503","ASV1503",186623,"Actinopteri","class",1,"Metazoa","Chordata","Actinopteri","","","",""
"1504","ASV1504",72449,"Hexagrammos","genus",NA,"Metazoa","Chordata","Actinopteri","Perciformes","Hexagrammidae","Hexagrammos",""
"1505","ASV1505",186623,"Actinopteri","class",1,"Metazoa","Chordata","Actinopteri","","","",""
"1506","ASV1506",1,"root","no rank",1,"","","","","","",""
"1507","ASV1507",186623,"Actinopteri","class",1,"Metazoa","Chordata","Actinopteri","","","",""
"1508","ASV1508",8095,"Myoxocephalus","genus",NA,"Metazoa","Chordata","Actinopteri","Perciformes","Cottidae","Myoxocephalus",""
"1509","ASV1509",186623,"Actinopteri","class",1,"Metazoa","Chordata","Actinopteri","","","",""
"1510","ASV1510",186623,"Actinopteri","class",1,"Metazoa","Chordata","Actinopteri","","","",""
"1511","ASV1511",186623,"Actinopteri","class",1,"Metazoa","Chordata","Actinopteri","","","",""
"1512","ASV1512",186623,"Actinopteri","class",1,"Metazoa","Chordata","Actinopteri","","","",""
"1513","ASV1513",186623,"Actinopteri","class",1,"Metazoa","Chordata","Actinopteri","","","",""
"1514","ASV1514",186623,"Actinopteri","class",1,"Metazoa","Chordata","Actinopteri","","","",""
"1515","ASV1515",186623,"Actinopteri","class",1,"Metazoa","Chordata","Actinopteri","","","",""
"1516","ASV1516",1,"root","no rank",1,"","","","","","",""
"1517","ASV1517",186623,"Actinopteri","class",1,"Metazoa","Chordata","Actinopteri","","","",""
"1518","ASV1518",8256,"Pleuronectidae","family",NA,"Metazoa","Chordata","Actinopteri","Pleuronectiformes","Pleuronectidae","",""
"1519","ASV1519",8092,"Cottidae","family",NA,"Metazoa","Chordata","Actinopteri","Perciformes","Cottidae","",""
"1520","ASV1520",8016,"Oncorhynchus","genus",NA,"Metazoa","Chordata","Actinopteri","Salmoniformes","Salmonidae","Oncorhynchus",""
"1521","ASV1521",186623,"Actinopteri","class",1,"Metazoa","Chordata","Actinopteri","","","",""
"1522","ASV1522",186623,"Actinopteri","class",1,"Metazoa","Chordata","Actinopteri","","","",""
"1523","ASV1523",186623,"Actinopteri","class",1,"Metazoa","Chordata","Actinopteri","","","",""
"1524","ASV1524",186623,"Actinopteri","class",1,"Metazoa","Chordata","Actinopteri","","","",""
"1525","ASV1525",8048,"Gadus","genus",NA,"Metazoa","Chordata","Actinopteri","Gadiformes","Gadidae","Gadus",""
"1526","ASV1526",186623,"Actinopteri","class",1,"Metazoa","Chordata","Actinopteri","","","",""
"1527","ASV1527",1,"root","no rank",1,"","","","","","",""
"1528","ASV1528",186623,"Actinopteri","class",1,"Metazoa","Chordata","Actinopteri","","","",""
"1529","ASV1529",186623,"Actinopteri","class",1,"Metazoa","Chordata","Actinopteri","","","",""
"1530","ASV1530",186623,"Actinopteri","class",1,"Metazoa","Chordata","Actinopteri","","","",""
"1531","ASV1531",186623,"Actinopteri","class",1,"Metazoa","Chordata","Actinopteri","","","",""
"1532","ASV1532",186623,"Actinopteri","class",1,"Metazoa","Chordata","Actinopteri","","","",""
"1533","ASV1533",186623,"Actinopteri","class",1,"Metazoa","Chordata","Actinopteri","","","",""
"1534","ASV1534",186623,"Actinopteri","class",1,"Metazoa","Chordata","Actinopteri","","","",""
"1535","ASV1535",186623,"Actinopteri","class",1,"Metazoa","Chordata","Actinopteri","","","",""
"1536","ASV1536",186623,"Actinopteri","class",1,"Metazoa","Chordata","Actinopteri","","","",""
"1537","ASV1537",186623,"Actinopteri","class",1,"Metazoa","Chordata","Actinopteri","","","",""
"1538","ASV1538",8048,"Gadus","genus",NA,"Metazoa","Chordata","Actinopteri","Gadiformes","Gadidae","Gadus",""
"1539","ASV1539",186623,"Actinopteri","class",1,"Metazoa","Chordata","Actinopteri","","","",""
"1540","ASV1540",8048,"Gadus","genus",NA,"Metazoa","Chordata","Actinopteri","Gadiformes","Gadidae","Gadus",""
"1541","ASV1541",186623,"Actinopteri","class",1,"Metazoa","Chordata","Actinopteri","","","",""
"1542","ASV1542",186623,"Actinopteri","class",1,"Metazoa","Chordata","Actinopteri","","","",""
"1543","ASV1543",186623,"Actinopteri","class",1,"Metazoa","Chordata","Actinopteri","","","",""
"1544","ASV1544",9903,"Bos","genus",NA,"Metazoa","Chordata","Mammalia","","Bovidae","Bos",""
"1545","ASV1545",8048,"Gadus","genus",NA,"Metazoa","Chordata","Actinopteri","Gadiformes","Gadidae","Gadus",""
"1546","ASV1546",186623,"Actinopteri","class",1,"Metazoa","Chordata","Actinopteri","","","",""
"1547","ASV1547",186623,"Actinopteri","class",1,"Metazoa","Chordata","Actinopteri","","","",""
"1548","ASV1548",186623,"Actinopteri","class",1,"Metazoa","Chordata","Actinopteri","","","",""
"1549","ASV1549",186623,"Actinopteri","class",1,"Metazoa","Chordata","Actinopteri","","","",""
"1550","ASV1550",72449,"Hexagrammos","genus",NA,"Metazoa","Chordata","Actinopteri","Perciformes","Hexagrammidae","Hexagrammos",""
"1551","ASV1551",186623,"Actinopteri","class",1,"Metazoa","Chordata","Actinopteri","","","",""
"1552","ASV1552",186623,"Actinopteri","class",1,"Metazoa","Chordata","Actinopteri","","","",""
"1553","ASV1553",186623,"Actinopteri","class",1,"Metazoa","Chordata","Actinopteri","","","",""
"1554","ASV1554",186623,"Actinopteri","class",1,"Metazoa","Chordata","Actinopteri","","","",""
"1555","ASV1555",186623,"Actinopteri","class",1,"Metazoa","Chordata","Actinopteri","","","",""
"1556","ASV1556",274705,"Sebastinae","subfamily",NA,"Metazoa","Chordata","Actinopteri","Perciformes","Sebastidae","",""
"1557","ASV1557",186623,"Actinopteri","class",1,"Metazoa","Chordata","Actinopteri","","","",""
"1558","ASV1558",8033,"Salvelinus","genus",NA,"Metazoa","Chordata","Actinopteri","Salmoniformes","Salmonidae","Salvelinus",""
"1559","ASV1559",8048,"Gadus","genus",NA,"Metazoa","Chordata","Actinopteri","Gadiformes","Gadidae","Gadus",""
"1560","ASV1560",186623,"Actinopteri","class",1,"Metazoa","Chordata","Actinopteri","","","",""
"1561","ASV1561",740936,"Synchirus gilli","species",NA,"Metazoa","Chordata","Actinopteri","Perciformes","Cottidae","Synchirus","Synchirus gilli"
"1562","ASV1562",186623,"Actinopteri","class",1,"Metazoa","Chordata","Actinopteri","","","",""
"1563","ASV1563",186623,"Actinopteri","class",1,"Metazoa","Chordata","Actinopteri","","","",""
"1564","ASV1564",186623,"Actinopteri","class",1,"Metazoa","Chordata","Actinopteri","","","",""
"1565","ASV1565",72449,"Hexagrammos","genus",NA,"Metazoa","Chordata","Actinopteri","Perciformes","Hexagrammidae","Hexagrammos",""
"1566","ASV1566",186623,"Actinopteri","class",1,"Metazoa","Chordata","Actinopteri","","","",""
"1567","ASV1567",40674,"Mammalia","class",1,"Metazoa","Chordata","Mammalia","","","",""
"1568","ASV1568",1,"root","no rank",1,"","","","","","",""
"1569","ASV1569",186623,"Actinopteri","class",1,"Metazoa","Chordata","Actinopteri","","","",""
"1570","ASV1570",6072,"Eumetazoa","no rank",1,"Metazoa","","","","","",""
"1571","ASV1571",186623,"Actinopteri","class",1,"Metazoa","Chordata","Actinopteri","","","",""
"1572","ASV1572",186623,"Actinopteri","class",1,"Metazoa","Chordata","Actinopteri","","","",""
"1573","ASV1573",186623,"Actinopteri","class",1,"Metazoa","Chordata","Actinopteri","","","",""
"1574","ASV1574",186623,"Actinopteri","class",1,"Metazoa","Chordata","Actinopteri","","","",""
"1575","ASV1575",8048,"Gadus","genus",NA,"Metazoa","Chordata","Actinopteri","Gadiformes","Gadidae","Gadus",""
"1576","ASV1576",1,"root","no rank",1,"","","","","","",""
"1577","ASV1577",186623,"Actinopteri","class",1,"Metazoa","Chordata","Actinopteri","","","",""
"1578","ASV1578",186623,"Actinopteri","class",1,"Metazoa","Chordata","Actinopteri","","","",""
"1579","ASV1579",186623,"Actinopteri","class",1,"Metazoa","Chordata","Actinopteri","","","",""
"1580","ASV1580",186623,"Actinopteri","class",1,"Metazoa","Chordata","Actinopteri","","","",""
"1581","ASV1581",186623,"Actinopteri","class",1,"Metazoa","Chordata","Actinopteri","","","",""
"1582","ASV1582",186623,"Actinopteri","class",1,"Metazoa","Chordata","Actinopteri","","","",""
"1583","ASV1583",186623,"Actinopteri","class",1,"Metazoa","Chordata","Actinopteri","","","",""
"1584","ASV1584",186623,"Actinopteri","class",1,"Metazoa","Chordata","Actinopteri","","","",""
"1585","ASV1585",186623,"Actinopteri","class",1,"Metazoa","Chordata","Actinopteri","","","",""
"1586","ASV1586",1,"root","no rank",1,"","","","","","",""
"1587","ASV1587",6072,"Eumetazoa","no rank",1,"Metazoa","","","","","",""
"1588","ASV1588",186623,"Actinopteri","class",1,"Metazoa","Chordata","Actinopteri","","","",""
"1589","ASV1589",186623,"Actinopteri","class",1,"Metazoa","Chordata","Actinopteri","","","",""
"1590","ASV1590",8092,"Cottidae","family",NA,"Metazoa","Chordata","Actinopteri","Perciformes","Cottidae","",""
"1591","ASV1591",186623,"Actinopteri","class",1,"Metazoa","Chordata","Actinopteri","","","",""
"1592","ASV1592",186623,"Actinopteri","class",1,"Metazoa","Chordata","Actinopteri","","","",""
"1593","ASV1593",186623,"Actinopteri","class",1,"Metazoa","Chordata","Actinopteri","","","",""
"1594","ASV1594",186623,"Actinopteri","class",1,"Metazoa","Chordata","Actinopteri","","","",""
"1595","ASV1595",8256,"Pleuronectidae","family",NA,"Metazoa","Chordata","Actinopteri","Pleuronectiformes","Pleuronectidae","",""
"1596","ASV1596",186623,"Actinopteri","class",1,"Metazoa","Chordata","Actinopteri","","","",""
"1597","ASV1597",186623,"Actinopteri","class",1,"Metazoa","Chordata","Actinopteri","","","",""
"1598","ASV1598",8016,"Oncorhynchus","genus",NA,"Metazoa","Chordata","Actinopteri","Salmoniformes","Salmonidae","Oncorhynchus",""
"1599","ASV1599",8033,"Salvelinus","genus",NA,"Metazoa","Chordata","Actinopteri","Salmoniformes","Salmonidae","Salvelinus",""
"1600","ASV1600",186623,"Actinopteri","class",1,"Metazoa","Chordata","Actinopteri","","","",""
"1601","ASV1601",72449,"Hexagrammos","genus",NA,"Metazoa","Chordata","Actinopteri","Perciformes","Hexagrammidae","Hexagrammos",""
"1602","ASV1602",186623,"Actinopteri","class",1,"Metazoa","Chordata","Actinopteri","","","",""
"1603","ASV1603",186623,"Actinopteri","class",1,"Metazoa","Chordata","Actinopteri","","","",""
"1604","ASV1604",186623,"Actinopteri","class",1,"Metazoa","Chordata","Actinopteri","","","",""
"1605","ASV1605",72449,"Hexagrammos","genus",NA,"Metazoa","Chordata","Actinopteri","Perciformes","Hexagrammidae","Hexagrammos",""
"1606","ASV1606",72449,"Hexagrammos","genus",NA,"Metazoa","Chordata","Actinopteri","Perciformes","Hexagrammidae","Hexagrammos",""
"1607","ASV1607",186623,"Actinopteri","class",1,"Metazoa","Chordata","Actinopteri","","","",""
"1608","ASV1608",186623,"Actinopteri","class",1,"Metazoa","Chordata","Actinopteri","","","",""
"1609","ASV1609",186623,"Actinopteri","class",1,"Metazoa","Chordata","Actinopteri","","","",""
"1610","ASV1610",186623,"Actinopteri","class",1,"Metazoa","Chordata","Actinopteri","","","",""
"1611","ASV1611",557346,"Leuroglossus schmidti","species",NA,"Metazoa","Chordata","Actinopteri","Argentiniformes","Bathylagidae","Leuroglossus","Leuroglossus schmidti"
"1612","ASV1612",186623,"Actinopteri","class",1,"Metazoa","Chordata","Actinopteri","","","",""
"1613","ASV1613",186623,"Actinopteri","class",1,"Metazoa","Chordata","Actinopteri","","","",""
"1614","ASV1614",186623,"Actinopteri","class",1,"Metazoa","Chordata","Actinopteri","","","",""
"1615","ASV1615",186623,"Actinopteri","class",1,"Metazoa","Chordata","Actinopteri","","","",""
"1616","ASV1616",186623,"Actinopteri","class",1,"Metazoa","Chordata","Actinopteri","","","",""
"1617","ASV1617",34820,"Sebastes","genus",NA,"Metazoa","Chordata","Actinopteri","Perciformes","Sebastidae","Sebastes",""
"1618","ASV1618",186623,"Actinopteri","class",1,"Metazoa","Chordata","Actinopteri","","","",""
"1619","ASV1619",9605,"Homo","genus",NA,"Metazoa","Chordata","Mammalia","Primates","Hominidae","Homo",""
"1620","ASV1620",186623,"Actinopteri","class",1,"Metazoa","Chordata","Actinopteri","","","",""
"1621","ASV1621",186623,"Actinopteri","class",1,"Metazoa","Chordata","Actinopteri","","","",""
"1622","ASV1622",186623,"Actinopteri","class",1,"Metazoa","Chordata","Actinopteri","","","",""
"1623","ASV1623",186623,"Actinopteri","class",1,"Metazoa","Chordata","Actinopteri","","","",""
"1624","ASV1624",186623,"Actinopteri","class",1,"Metazoa","Chordata","Actinopteri","","","",""
"1625","ASV1625",186623,"Actinopteri","class",1,"Metazoa","Chordata","Actinopteri","","","",""
"1626","ASV1626",186623,"Actinopteri","class",1,"Metazoa","Chordata","Actinopteri","","","",""
"1627","ASV1627",186623,"Actinopteri","class",1,"Metazoa","Chordata","Actinopteri","","","",""
"1628","ASV1628",186623,"Actinopteri","class",1,"Metazoa","Chordata","Actinopteri","","","",""
"1629","ASV1629",1,"root","no rank",1,"","","","","","",""
"1630","ASV1630",186623,"Actinopteri","class",1,"Metazoa","Chordata","Actinopteri","","","",""
"1631","ASV1631",8256,"Pleuronectidae","family",NA,"Metazoa","Chordata","Actinopteri","Pleuronectiformes","Pleuronectidae","",""
"1632","ASV1632",1,"root","no rank",1,"","","","","","",""
"1633","ASV1633",1,"root","no rank",1,"","","","","","",""
"1634","ASV1634",30892,"Stichaeidae","family",NA,"Metazoa","Chordata","Actinopteri","Perciformes","Stichaeidae","",""
"1635","ASV1635",72449,"Hexagrammos","genus",NA,"Metazoa","Chordata","Actinopteri","Perciformes","Hexagrammidae","Hexagrammos",""
"1636","ASV1636",186623,"Actinopteri","class",1,"Metazoa","Chordata","Actinopteri","","","",""
"1637","ASV1637",186623,"Actinopteri","class",1,"Metazoa","Chordata","Actinopteri","","","",""
"1638","ASV1638",186623,"Actinopteri","class",1,"Metazoa","Chordata","Actinopteri","","","",""
"1639","ASV1639",186623,"Actinopteri","class",1,"Metazoa","Chordata","Actinopteri","","","",""
"1640","ASV1640",186623,"Actinopteri","class",1,"Metazoa","Chordata","Actinopteri","","","",""
"1641","ASV1641",186623,"Actinopteri","class",1,"Metazoa","Chordata","Actinopteri","","","",""
"1642","ASV1642",186623,"Actinopteri","class",1,"Metazoa","Chordata","Actinopteri","","","",""
"1643","ASV1643",186623,"Actinopteri","class",1,"Metazoa","Chordata","Actinopteri","","","",""
"1644","ASV1644",8256,"Pleuronectidae","family",NA,"Metazoa","Chordata","Actinopteri","Pleuronectiformes","Pleuronectidae","",""
"1645","ASV1645",186623,"Actinopteri","class",1,"Metazoa","Chordata","Actinopteri","","","",""
"1646","ASV1646",186623,"Actinopteri","class",1,"Metazoa","Chordata","Actinopteri","","","",""
"1647","ASV1647",8830,"Anatidae","family",1,"Metazoa","Chordata","Aves","Anseriformes","Anatidae","",""
"1648","ASV1648",186623,"Actinopteri","class",1,"Metazoa","Chordata","Actinopteri","","","",""
"1649","ASV1649",186623,"Actinopteri","class",1,"Metazoa","Chordata","Actinopteri","","","",""
"1650","ASV1650",186623,"Actinopteri","class",1,"Metazoa","Chordata","Actinopteri","","","",""
"1651","ASV1651",186623,"Actinopteri","class",1,"Metazoa","Chordata","Actinopteri","","","",""
"1652","ASV1652",8016,"Oncorhynchus","genus",NA,"Metazoa","Chordata","Actinopteri","Salmoniformes","Salmonidae","Oncorhynchus",""
"1653","ASV1653",186623,"Actinopteri","class",1,"Metazoa","Chordata","Actinopteri","","","",""
"1654","ASV1654",186623,"Actinopteri","class",1,"Metazoa","Chordata","Actinopteri","","","",""
"1655","ASV1655",186623,"Actinopteri","class",1,"Metazoa","Chordata","Actinopteri","","","",""
"1656","ASV1656",186623,"Actinopteri","class",1,"Metazoa","Chordata","Actinopteri","","","",""
"1657","ASV1657",186623,"Actinopteri","class",1,"Metazoa","Chordata","Actinopteri","","","",""
"1658","ASV1658",186623,"Actinopteri","class",1,"Metazoa","Chordata","Actinopteri","","","",""
"1659","ASV1659",40674,"Mammalia","class",1,"Metazoa","Chordata","Mammalia","","","",""
"1660","ASV1660",9605,"Homo","genus",NA,"Metazoa","Chordata","Mammalia","Primates","Hominidae","Homo",""
"1661","ASV1661",186623,"Actinopteri","class",1,"Metazoa","Chordata","Actinopteri","","","",""
"1662","ASV1662",186623,"Actinopteri","class",1,"Metazoa","Chordata","Actinopteri","","","",""
"1663","ASV1663",186623,"Actinopteri","class",1,"Metazoa","Chordata","Actinopteri","","","",""
"1664","ASV1664",186623,"Actinopteri","class",1,"Metazoa","Chordata","Actinopteri","","","",""
"1665","ASV1665",186623,"Actinopteri","class",1,"Metazoa","Chordata","Actinopteri","","","",""
"1666","ASV1666",186623,"Actinopteri","class",1,"Metazoa","Chordata","Actinopteri","","","",""
"1667","ASV1667",30892,"Stichaeidae","family",NA,"Metazoa","Chordata","Actinopteri","Perciformes","Stichaeidae","",""
"1668","ASV1668",186623,"Actinopteri","class",1,"Metazoa","Chordata","Actinopteri","","","",""
"1669","ASV1669",186623,"Actinopteri","class",1,"Metazoa","Chordata","Actinopteri","","","",""
"1670","ASV1670",1,"root","no rank",1,"","","","","","",""
"1671","ASV1671",8256,"Pleuronectidae","family",NA,"Metazoa","Chordata","Actinopteri","Pleuronectiformes","Pleuronectidae","",""
"1672","ASV1672",186623,"Actinopteri","class",1,"Metazoa","Chordata","Actinopteri","","","",""
"1673","ASV1673",240832,"Thaleichthys pacificus","species",NA,"Metazoa","Chordata","Actinopteri","Osmeriformes","Osmeridae","Thaleichthys","Thaleichthys pacificus"
"1674","ASV1674",186623,"Actinopteri","class",1,"Metazoa","Chordata","Actinopteri","","","",""
"1675","ASV1675",186623,"Actinopteri","class",1,"Metazoa","Chordata","Actinopteri","","","",""
"1676","ASV1676",186623,"Actinopteri","class",1,"Metazoa","Chordata","Actinopteri","","","",""
"1677","ASV1677",72449,"Hexagrammos","genus",NA,"Metazoa","Chordata","Actinopteri","Perciformes","Hexagrammidae","Hexagrammos",""
"1678","ASV1678",186623,"Actinopteri","class",1,"Metazoa","Chordata","Actinopteri","","","",""
"1679","ASV1679",186623,"Actinopteri","class",1,"Metazoa","Chordata","Actinopteri","","","",""
"1680","ASV1680",8016,"Oncorhynchus","genus",NA,"Metazoa","Chordata","Actinopteri","Salmoniformes","Salmonidae","Oncorhynchus",""
"1681","ASV1681",1,"root","no rank",1,"","","","","","",""
"1682","ASV1682",186623,"Actinopteri","class",1,"Metazoa","Chordata","Actinopteri","","","",""
"1683","ASV1683",186623,"Actinopteri","class",1,"Metazoa","Chordata","Actinopteri","","","",""
"1684","ASV1684",186623,"Actinopteri","class",1,"Metazoa","Chordata","Actinopteri","","","",""
"1685","ASV1685",186623,"Actinopteri","class",1,"Metazoa","Chordata","Actinopteri","","","",""
"1686","ASV1686",186623,"Actinopteri","class",1,"Metazoa","Chordata","Actinopteri","","","",""
"1687","ASV1687",8016,"Oncorhynchus","genus",NA,"Metazoa","Chordata","Actinopteri","Salmoniformes","Salmonidae","Oncorhynchus",""
"1688","ASV1688",186623,"Actinopteri","class",1,"Metazoa","Chordata","Actinopteri","","","",""
"1689","ASV1689",8092,"Cottidae","family",NA,"Metazoa","Chordata","Actinopteri","Perciformes","Cottidae","",""
"1690","ASV1690",186623,"Actinopteri","class",1,"Metazoa","Chordata","Actinopteri","","","",""
"1691","ASV1691",186623,"Actinopteri","class",1,"Metazoa","Chordata","Actinopteri","","","",""
"1692","ASV1692",9822,"Sus","genus",NA,"Metazoa","Chordata","Mammalia","","Suidae","Sus",""
"1693","ASV1693",186623,"Actinopteri","class",1,"Metazoa","Chordata","Actinopteri","","","",""
"1694","ASV1694",186623,"Actinopteri","class",1,"Metazoa","Chordata","Actinopteri","","","",""
"1695","ASV1695",1,"root","no rank",1,"","","","","","",""
"1696","ASV1696",186623,"Actinopteri","class",1,"Metazoa","Chordata","Actinopteri","","","",""
"1697","ASV1697",186623,"Actinopteri","class",1,"Metazoa","Chordata","Actinopteri","","","",""
"1698","ASV1698",186623,"Actinopteri","class",1,"Metazoa","Chordata","Actinopteri","","","",""
"1699","ASV1699",186623,"Actinopteri","class",1,"Metazoa","Chordata","Actinopteri","","","",""
"1700","ASV1700",8016,"Oncorhynchus","genus",NA,"Metazoa","Chordata","Actinopteri","Salmoniformes","Salmonidae","Oncorhynchus",""
"1701","ASV1701",186623,"Actinopteri","class",1,"Metazoa","Chordata","Actinopteri","","","",""
"1702","ASV1702",186623,"Actinopteri","class",1,"Metazoa","Chordata","Actinopteri","","","",""
"1703","ASV1703",186623,"Actinopteri","class",1,"Metazoa","Chordata","Actinopteri","","","",""
"1704","ASV1704",186623,"Actinopteri","class",1,"Metazoa","Chordata","Actinopteri","","","",""
"1705","ASV1705",8095,"Myoxocephalus","genus",NA,"Metazoa","Chordata","Actinopteri","Perciformes","Cottidae","Myoxocephalus",""
"1706","ASV1706",6072,"Eumetazoa","no rank",1,"Metazoa","","","","","",""
"1707","ASV1707",186623,"Actinopteri","class",1,"Metazoa","Chordata","Actinopteri","","","",""
"1708","ASV1708",186623,"Actinopteri","class",1,"Metazoa","Chordata","Actinopteri","","","",""
"1709","ASV1709",186623,"Actinopteri","class",1,"Metazoa","Chordata","Actinopteri","","","",""
"1710","ASV1710",186623,"Actinopteri","class",1,"Metazoa","Chordata","Actinopteri","","","",""
"1711","ASV1711",30892,"Stichaeidae","family",NA,"Metazoa","Chordata","Actinopteri","Perciformes","Stichaeidae","",""
"1712","ASV1712",1,"root","no rank",1,"","","","","","",""
"1713","ASV1713",186623,"Actinopteri","class",1,"Metazoa","Chordata","Actinopteri","","","",""
"1714","ASV1714",186623,"Actinopteri","class",1,"Metazoa","Chordata","Actinopteri","","","",""
"1715","ASV1715",186623,"Actinopteri","class",1,"Metazoa","Chordata","Actinopteri","","","",""
"1716","ASV1716",40674,"Mammalia","class",1,"Metazoa","Chordata","Mammalia","","","",""
"1717","ASV1717",186623,"Actinopteri","class",1,"Metazoa","Chordata","Actinopteri","","","",""
"1718","ASV1718",72449,"Hexagrammos","genus",NA,"Metazoa","Chordata","Actinopteri","Perciformes","Hexagrammidae","Hexagrammos",""
"1719","ASV1719",186623,"Actinopteri","class",1,"Metazoa","Chordata","Actinopteri","","","",""
"1720","ASV1720",9615,"Canis lupus familiaris","subspecies",NA,"Metazoa","Chordata","Mammalia","Carnivora","Canidae","Canis","Canis lupus"
"1721","ASV1721",186623,"Actinopteri","class",1,"Metazoa","Chordata","Actinopteri","","","",""
"1722","ASV1722",40674,"Mammalia","class",1,"Metazoa","Chordata","Mammalia","","","",""
"1723","ASV1723",186623,"Actinopteri","class",1,"Metazoa","Chordata","Actinopteri","","","",""
"1724","ASV1724",34820,"Sebastes","genus",NA,"Metazoa","Chordata","Actinopteri","Perciformes","Sebastidae","Sebastes",""
"1725","ASV1725",186623,"Actinopteri","class",1,"Metazoa","Chordata","Actinopteri","","","",""
"1726","ASV1726",186623,"Actinopteri","class",1,"Metazoa","Chordata","Actinopteri","","","",""
"1727","ASV1727",40674,"Mammalia","class",1,"Metazoa","Chordata","Mammalia","","","",""
"1728","ASV1728",8830,"Anatidae","family",1,"Metazoa","Chordata","Aves","Anseriformes","Anatidae","",""
"1729","ASV1729",186623,"Actinopteri","class",1,"Metazoa","Chordata","Actinopteri","","","",""
"1730","ASV1730",40674,"Mammalia","class",1,"Metazoa","Chordata","Mammalia","","","",""
"1731","ASV1731",186623,"Actinopteri","class",1,"Metazoa","Chordata","Actinopteri","","","",""
"1732","ASV1732",1,"root","no rank",1,"","","","","","",""
"1733","ASV1733",9605,"Homo","genus",NA,"Metazoa","Chordata","Mammalia","Primates","Hominidae","Homo",""
"1734","ASV1734",186623,"Actinopteri","class",1,"Metazoa","Chordata","Actinopteri","","","",""
"1735","ASV1735",186623,"Actinopteri","class",1,"Metazoa","Chordata","Actinopteri","","","",""
"1736","ASV1736",186623,"Actinopteri","class",1,"Metazoa","Chordata","Actinopteri","","","",""
"1737","ASV1737",191812,"Somniosus","genus",NA,"Metazoa","Chordata","Chondrichthyes","Squaliformes","Somniosidae","Somniosus",""
"1738","ASV1738",186623,"Actinopteri","class",1,"Metazoa","Chordata","Actinopteri","","","",""
"1739","ASV1739",1,"root","no rank",1,"","","","","","",""
"1740","ASV1740",186623,"Actinopteri","class",1,"Metazoa","Chordata","Actinopteri","","","",""
"1741","ASV1741",1,"root","no rank",1,"","","","","","",""
"1742","ASV1742",1,"root","no rank",1,"","","","","","",""
"1743","ASV1743",1,"root","no rank",1,"","","","","","",""
"1744","ASV1744",186623,"Actinopteri","class",1,"Metazoa","Chordata","Actinopteri","","","",""
