"","Sample_ID","taxon","taxonomic_level","reads","extraction_ID","primer","PCR_replicate","alternative_ID","collection_year","collection_month","collection_day","location3","sample_type"
"1","e02801-1-18S","Actinopteri","class",0,"e02801","18S",1,"162-28",2022,12,2,"Haul 3","sample"
"2","e02801-1-18S","Agaricales","order",0,"e02801","18S",1,"162-28",2022,12,2,"Haul 3","sample"
"3","e02801-1-18S","Agaricomycetes","class",1286,"e02801","18S",1,"162-28",2022,12,2,"Haul 3","sample"
"4","e02801-1-18S","Amylocorticium cebennense","species",0,"e02801","18S",1,"162-28",2022,12,2,"Haul 3","sample"
"5","e02801-1-18S","Ascomycota","phylum",160,"e02801","18S",1,"162-28",2022,12,2,"Haul 3","sample"
"6","e02801-1-18S","Ascomycota/Basidiomycota","phylum",0,"e02801","18S",1,"162-28",2022,12,2,"Haul 3","sample"
"7","e02801-1-18S","Auranticordis quadriverberis","species",0,"e02801","18S",1,"162-28",2022,12,2,"Haul 3","sample"
"8","e02801-1-18S","Basidiomycota","phylum",320,"e02801","18S",1,"162-28",2022,12,2,"Haul 3","sample"
"9","e02801-1-18S","Cercozoa","phylum",0,"e02801","18S",1,"162-28",2022,12,2,"Haul 3","sample"
"10","e02801-1-18S","Chaetoceros","genus",0,"e02801","18S",1,"162-28",2022,12,2,"Haul 3","sample"
"11","e02801-1-18S","Coscinodiscophyceae","class",190,"e02801","18S",1,"162-28",2022,12,2,"Haul 3","sample"
"12","e02801-1-18S","Curvibasidium","genus",0,"e02801","18S",1,"162-28",2022,12,2,"Haul 3","sample"
"13","e02801-1-18S","Cyclotrichium cyclokaryon","species",0,"e02801","18S",1,"162-28",2022,12,2,"Haul 3","sample"
"14","e02801-1-18S","Cyranomonas australis","species",0,"e02801","18S",1,"162-28",2022,12,2,"Haul 3","sample"
"15","e02801-1-18S","Decapoda","order",16185.7685425685,"e02801","18S",1,"162-28",2022,12,2,"Haul 3","sample"
"16","e02801-1-18S","Dichomitus squalens","species",0,"e02801","18S",1,"162-28",2022,12,2,"Haul 3","sample"
"17","e02801-1-18S","Ebria tripartita","species",0,"e02801","18S",1,"162-28",2022,12,2,"Haul 3","sample"
"18","e02801-1-18S","Esquamula lacrimiformis","species",0,"e02801","18S",1,"162-28",2022,12,2,"Haul 3","sample"
"19","e02801-1-18S","Gastropoda","class",0,"e02801","18S",1,"162-28",2022,12,2,"Haul 3","sample"
"20","e02801-1-18S","Mamiellaceae","family",0,"e02801","18S",1,"162-28",2022,12,2,"Haul 3","sample"
"21","e02801-1-18S","Mammalia","class",181,"e02801","18S",1,"162-28",2022,12,2,"Haul 3","sample"
"22","e02801-1-18S","Mataza hastifera","species",0,"e02801","18S",1,"162-28",2022,12,2,"Haul 3","sample"
"23","e02801-1-18S","Pleurocybella porrigens","species",1261,"e02801","18S",1,"162-28",2022,12,2,"Haul 3","sample"
"24","e02801-1-18S","Polychaeta","class",0,"e02801","18S",1,"162-28",2022,12,2,"Haul 3","sample"
"25","e02801-1-18S","Schizoporaceae","family",973,"e02801","18S",1,"162-28",2022,12,2,"Haul 3","sample"
"26","e02801-1-18S","Strombidium biarmatum","species",0,"e02801","18S",1,"162-28",2022,12,2,"Haul 3","sample"
"27","e02801-1-18S","Thaumatomonadida","order",0,"e02801","18S",1,"162-28",2022,12,2,"Haul 3","sample"
"28","e02801-1-18S","Tintinnidium cf. primitivum","species",0,"e02801","18S",1,"162-28",2022,12,2,"Haul 3","sample"
"29","e02801-1-18S","Tremellales","order",0,"e02801","18S",1,"162-28",2022,12,2,"Haul 3","sample"
"30","e02801-1-18S","Triparmaceae","family",0,"e02801","18S",1,"162-28",2022,12,2,"Haul 3","sample"
"31","e02801-1-18S",NA,NA,13,"e02801","18S",1,"162-28",2022,12,2,"Haul 3","sample"
"32","e02801-2-18S","Actinopteri","class",101,"e02801","18S",2,"162-28",2022,12,2,"Haul 3","sample"
"33","e02801-2-18S","Agaricales","order",0,"e02801","18S",2,"162-28",2022,12,2,"Haul 3","sample"
"34","e02801-2-18S","Agaricomycetes","class",403,"e02801","18S",2,"162-28",2022,12,2,"Haul 3","sample"
"35","e02801-2-18S","Amylocorticium cebennense","species",618,"e02801","18S",2,"162-28",2022,12,2,"Haul 3","sample"
"36","e02801-2-18S","Ascomycota","phylum",137,"e02801","18S",2,"162-28",2022,12,2,"Haul 3","sample"
"37","e02801-2-18S","Ascomycota/Basidiomycota","phylum",0,"e02801","18S",2,"162-28",2022,12,2,"Haul 3","sample"
"38","e02801-2-18S","Auranticordis quadriverberis","species",0,"e02801","18S",2,"162-28",2022,12,2,"Haul 3","sample"
"39","e02801-2-18S","Basidiomycota","phylum",704,"e02801","18S",2,"162-28",2022,12,2,"Haul 3","sample"
"40","e02801-2-18S","Cercozoa","phylum",0,"e02801","18S",2,"162-28",2022,12,2,"Haul 3","sample"
"41","e02801-2-18S","Chaetoceros","genus",87.2107901647171,"e02801","18S",2,"162-28",2022,12,2,"Haul 3","sample"
"42","e02801-2-18S","Coscinodiscophyceae","class",0,"e02801","18S",2,"162-28",2022,12,2,"Haul 3","sample"
"43","e02801-2-18S","Curvibasidium","genus",3651,"e02801","18S",2,"162-28",2022,12,2,"Haul 3","sample"
"44","e02801-2-18S","Cyclotrichium cyclokaryon","species",0,"e02801","18S",2,"162-28",2022,12,2,"Haul 3","sample"
"45","e02801-2-18S","Cyranomonas australis","species",0,"e02801","18S",2,"162-28",2022,12,2,"Haul 3","sample"
"46","e02801-2-18S","Decapoda","order",14256.2303030303,"e02801","18S",2,"162-28",2022,12,2,"Haul 3","sample"
"47","e02801-2-18S","Dichomitus squalens","species",0,"e02801","18S",2,"162-28",2022,12,2,"Haul 3","sample"
"48","e02801-2-18S","Ebria tripartita","species",0,"e02801","18S",2,"162-28",2022,12,2,"Haul 3","sample"
"49","e02801-2-18S","Esquamula lacrimiformis","species",0,"e02801","18S",2,"162-28",2022,12,2,"Haul 3","sample"
"50","e02801-2-18S","Gastropoda","class",0,"e02801","18S",2,"162-28",2022,12,2,"Haul 3","sample"
"51","e02801-2-18S","Mamiellaceae","family",0,"e02801","18S",2,"162-28",2022,12,2,"Haul 3","sample"
"52","e02801-2-18S","Mammalia","class",0,"e02801","18S",2,"162-28",2022,12,2,"Haul 3","sample"
"53","e02801-2-18S","Mataza hastifera","species",0,"e02801","18S",2,"162-28",2022,12,2,"Haul 3","sample"
"54","e02801-2-18S","Pleurocybella porrigens","species",292,"e02801","18S",2,"162-28",2022,12,2,"Haul 3","sample"
"55","e02801-2-18S","Polychaeta","class",0,"e02801","18S",2,"162-28",2022,12,2,"Haul 3","sample"
"56","e02801-2-18S","Schizoporaceae","family",0,"e02801","18S",2,"162-28",2022,12,2,"Haul 3","sample"
"57","e02801-2-18S","Strombidium biarmatum","species",0,"e02801","18S",2,"162-28",2022,12,2,"Haul 3","sample"
"58","e02801-2-18S","Thaumatomonadida","order",0,"e02801","18S",2,"162-28",2022,12,2,"Haul 3","sample"
"59","e02801-2-18S","Tintinnidium cf. primitivum","species",0,"e02801","18S",2,"162-28",2022,12,2,"Haul 3","sample"
"60","e02801-2-18S","Tremellales","order",0,"e02801","18S",2,"162-28",2022,12,2,"Haul 3","sample"
"61","e02801-2-18S","Triparmaceae","family",0,"e02801","18S",2,"162-28",2022,12,2,"Haul 3","sample"
"62","e02801-2-18S",NA,NA,0,"e02801","18S",2,"162-28",2022,12,2,"Haul 3","sample"
"63","e02802-1-18S","Actinopteri","class",0,"e02802","18S",1,"162-35",2022,12,2,"Haul 4","sample"
"64","e02802-1-18S","Agaricales","order",0,"e02802","18S",1,"162-35",2022,12,2,"Haul 4","sample"
"65","e02802-1-18S","Agaricomycetes","class",0,"e02802","18S",1,"162-35",2022,12,2,"Haul 4","sample"
"66","e02802-1-18S","Amylocorticium cebennense","species",0,"e02802","18S",1,"162-35",2022,12,2,"Haul 4","sample"
"67","e02802-1-18S","Ascomycota","phylum",0,"e02802","18S",1,"162-35",2022,12,2,"Haul 4","sample"
"68","e02802-1-18S","Ascomycota/Basidiomycota","phylum",0,"e02802","18S",1,"162-35",2022,12,2,"Haul 4","sample"
"69","e02802-1-18S","Auranticordis quadriverberis","species",32,"e02802","18S",1,"162-35",2022,12,2,"Haul 4","sample"
"70","e02802-1-18S","Basidiomycota","phylum",0,"e02802","18S",1,"162-35",2022,12,2,"Haul 4","sample"
"71","e02802-1-18S","Cercozoa","phylum",12,"e02802","18S",1,"162-35",2022,12,2,"Haul 4","sample"
"72","e02802-1-18S","Chaetoceros","genus",569.28018961225,"e02802","18S",1,"162-35",2022,12,2,"Haul 4","sample"
"73","e02802-1-18S","Coscinodiscophyceae","class",39,"e02802","18S",1,"162-35",2022,12,2,"Haul 4","sample"
"74","e02802-1-18S","Curvibasidium","genus",0,"e02802","18S",1,"162-35",2022,12,2,"Haul 4","sample"
"75","e02802-1-18S","Cyclotrichium cyclokaryon","species",0,"e02802","18S",1,"162-35",2022,12,2,"Haul 4","sample"
"76","e02802-1-18S","Cyranomonas australis","species",0,"e02802","18S",1,"162-35",2022,12,2,"Haul 4","sample"
"77","e02802-1-18S","Decapoda","order",25947.2926406926,"e02802","18S",1,"162-35",2022,12,2,"Haul 4","sample"
"78","e02802-1-18S","Dichomitus squalens","species",66,"e02802","18S",1,"162-35",2022,12,2,"Haul 4","sample"
"79","e02802-1-18S","Ebria tripartita","species",0,"e02802","18S",1,"162-35",2022,12,2,"Haul 4","sample"
"80","e02802-1-18S","Esquamula lacrimiformis","species",0,"e02802","18S",1,"162-35",2022,12,2,"Haul 4","sample"
"81","e02802-1-18S","Gastropoda","class",0,"e02802","18S",1,"162-35",2022,12,2,"Haul 4","sample"
"82","e02802-1-18S","Mamiellaceae","family",14,"e02802","18S",1,"162-35",2022,12,2,"Haul 4","sample"
"83","e02802-1-18S","Mammalia","class",0,"e02802","18S",1,"162-35",2022,12,2,"Haul 4","sample"
"84","e02802-1-18S","Mataza hastifera","species",22,"e02802","18S",1,"162-35",2022,12,2,"Haul 4","sample"
"85","e02802-1-18S","Pleurocybella porrigens","species",0,"e02802","18S",1,"162-35",2022,12,2,"Haul 4","sample"
"86","e02802-1-18S","Polychaeta","class",0,"e02802","18S",1,"162-35",2022,12,2,"Haul 4","sample"
"87","e02802-1-18S","Schizoporaceae","family",0,"e02802","18S",1,"162-35",2022,12,2,"Haul 4","sample"
"88","e02802-1-18S","Strombidium biarmatum","species",86,"e02802","18S",1,"162-35",2022,12,2,"Haul 4","sample"
"89","e02802-1-18S","Thaumatomonadida","order",33,"e02802","18S",1,"162-35",2022,12,2,"Haul 4","sample"
"90","e02802-1-18S","Tintinnidium cf. primitivum","species",13,"e02802","18S",1,"162-35",2022,12,2,"Haul 4","sample"
"91","e02802-1-18S","Tremellales","order",0,"e02802","18S",1,"162-35",2022,12,2,"Haul 4","sample"
"92","e02802-1-18S","Triparmaceae","family",0,"e02802","18S",1,"162-35",2022,12,2,"Haul 4","sample"
"93","e02802-1-18S",NA,NA,118,"e02802","18S",1,"162-35",2022,12,2,"Haul 4","sample"
"94","e02802-2-18S","Actinopteri","class",0,"e02802","18S",2,"162-35",2022,12,2,"Haul 4","sample"
"95","e02802-2-18S","Agaricales","order",0,"e02802","18S",2,"162-35",2022,12,2,"Haul 4","sample"
"96","e02802-2-18S","Agaricomycetes","class",0,"e02802","18S",2,"162-35",2022,12,2,"Haul 4","sample"
"97","e02802-2-18S","Amylocorticium cebennense","species",0,"e02802","18S",2,"162-35",2022,12,2,"Haul 4","sample"
"98","e02802-2-18S","Ascomycota","phylum",0,"e02802","18S",2,"162-35",2022,12,2,"Haul 4","sample"
"99","e02802-2-18S","Ascomycota/Basidiomycota","phylum",0,"e02802","18S",2,"162-35",2022,12,2,"Haul 4","sample"
"100","e02802-2-18S","Auranticordis quadriverberis","species",20,"e02802","18S",2,"162-35",2022,12,2,"Haul 4","sample"
"101","e02802-2-18S","Basidiomycota","phylum",0,"e02802","18S",2,"162-35",2022,12,2,"Haul 4","sample"
"102","e02802-2-18S","Cercozoa","phylum",16,"e02802","18S",2,"162-35",2022,12,2,"Haul 4","sample"
"103","e02802-2-18S","Chaetoceros","genus",459.376905500801,"e02802","18S",2,"162-35",2022,12,2,"Haul 4","sample"
"104","e02802-2-18S","Coscinodiscophyceae","class",8,"e02802","18S",2,"162-35",2022,12,2,"Haul 4","sample"
"105","e02802-2-18S","Curvibasidium","genus",0,"e02802","18S",2,"162-35",2022,12,2,"Haul 4","sample"
"106","e02802-2-18S","Cyclotrichium cyclokaryon","species",0,"e02802","18S",2,"162-35",2022,12,2,"Haul 4","sample"
"107","e02802-2-18S","Cyranomonas australis","species",0,"e02802","18S",2,"162-35",2022,12,2,"Haul 4","sample"
"108","e02802-2-18S","Decapoda","order",25508.7018759019,"e02802","18S",2,"162-35",2022,12,2,"Haul 4","sample"
"109","e02802-2-18S","Dichomitus squalens","species",44,"e02802","18S",2,"162-35",2022,12,2,"Haul 4","sample"
"110","e02802-2-18S","Ebria tripartita","species",0,"e02802","18S",2,"162-35",2022,12,2,"Haul 4","sample"
"111","e02802-2-18S","Esquamula lacrimiformis","species",17,"e02802","18S",2,"162-35",2022,12,2,"Haul 4","sample"
"112","e02802-2-18S","Gastropoda","class",0,"e02802","18S",2,"162-35",2022,12,2,"Haul 4","sample"
"113","e02802-2-18S","Mamiellaceae","family",0,"e02802","18S",2,"162-35",2022,12,2,"Haul 4","sample"
"114","e02802-2-18S","Mammalia","class",0,"e02802","18S",2,"162-35",2022,12,2,"Haul 4","sample"
"115","e02802-2-18S","Mataza hastifera","species",11,"e02802","18S",2,"162-35",2022,12,2,"Haul 4","sample"
"116","e02802-2-18S","Pleurocybella porrigens","species",0,"e02802","18S",2,"162-35",2022,12,2,"Haul 4","sample"
"117","e02802-2-18S","Polychaeta","class",0,"e02802","18S",2,"162-35",2022,12,2,"Haul 4","sample"
"118","e02802-2-18S","Schizoporaceae","family",0,"e02802","18S",2,"162-35",2022,12,2,"Haul 4","sample"
"119","e02802-2-18S","Strombidium biarmatum","species",56,"e02802","18S",2,"162-35",2022,12,2,"Haul 4","sample"
"120","e02802-2-18S","Thaumatomonadida","order",23,"e02802","18S",2,"162-35",2022,12,2,"Haul 4","sample"
"121","e02802-2-18S","Tintinnidium cf. primitivum","species",0,"e02802","18S",2,"162-35",2022,12,2,"Haul 4","sample"
"122","e02802-2-18S","Tremellales","order",0,"e02802","18S",2,"162-35",2022,12,2,"Haul 4","sample"
"123","e02802-2-18S","Triparmaceae","family",0,"e02802","18S",2,"162-35",2022,12,2,"Haul 4","sample"
"124","e02802-2-18S",NA,NA,94,"e02802","18S",2,"162-35",2022,12,2,"Haul 4","sample"
"125","e02803-1-18S","Actinopteri","class",73,"e02803","18S",1,"162-31",2022,12,2,"Haul 4","sample"
"126","e02803-1-18S","Agaricales","order",0,"e02803","18S",1,"162-31",2022,12,2,"Haul 4","sample"
"127","e02803-1-18S","Agaricomycetes","class",2442,"e02803","18S",1,"162-31",2022,12,2,"Haul 4","sample"
"128","e02803-1-18S","Amylocorticium cebennense","species",0,"e02803","18S",1,"162-31",2022,12,2,"Haul 4","sample"
"129","e02803-1-18S","Ascomycota","phylum",0,"e02803","18S",1,"162-31",2022,12,2,"Haul 4","sample"
"130","e02803-1-18S","Ascomycota/Basidiomycota","phylum",0,"e02803","18S",1,"162-31",2022,12,2,"Haul 4","sample"
"131","e02803-1-18S","Auranticordis quadriverberis","species",0,"e02803","18S",1,"162-31",2022,12,2,"Haul 4","sample"
"132","e02803-1-18S","Basidiomycota","phylum",0,"e02803","18S",1,"162-31",2022,12,2,"Haul 4","sample"
"133","e02803-1-18S","Cercozoa","phylum",0,"e02803","18S",1,"162-31",2022,12,2,"Haul 4","sample"
"134","e02803-1-18S","Chaetoceros","genus",0,"e02803","18S",1,"162-31",2022,12,2,"Haul 4","sample"
"135","e02803-1-18S","Coscinodiscophyceae","class",0,"e02803","18S",1,"162-31",2022,12,2,"Haul 4","sample"
"136","e02803-1-18S","Curvibasidium","genus",0,"e02803","18S",1,"162-31",2022,12,2,"Haul 4","sample"
"137","e02803-1-18S","Cyclotrichium cyclokaryon","species",0,"e02803","18S",1,"162-31",2022,12,2,"Haul 4","sample"
"138","e02803-1-18S","Cyranomonas australis","species",0,"e02803","18S",1,"162-31",2022,12,2,"Haul 4","sample"
"139","e02803-1-18S","Decapoda","order",3322.32842712843,"e02803","18S",1,"162-31",2022,12,2,"Haul 4","sample"
"140","e02803-1-18S","Dichomitus squalens","species",0,"e02803","18S",1,"162-31",2022,12,2,"Haul 4","sample"
"141","e02803-1-18S","Ebria tripartita","species",0,"e02803","18S",1,"162-31",2022,12,2,"Haul 4","sample"
"142","e02803-1-18S","Esquamula lacrimiformis","species",0,"e02803","18S",1,"162-31",2022,12,2,"Haul 4","sample"
"143","e02803-1-18S","Gastropoda","class",23847,"e02803","18S",1,"162-31",2022,12,2,"Haul 4","sample"
"144","e02803-1-18S","Mamiellaceae","family",0,"e02803","18S",1,"162-31",2022,12,2,"Haul 4","sample"
"145","e02803-1-18S","Mammalia","class",265,"e02803","18S",1,"162-31",2022,12,2,"Haul 4","sample"
"146","e02803-1-18S","Mataza hastifera","species",17,"e02803","18S",1,"162-31",2022,12,2,"Haul 4","sample"
"147","e02803-1-18S","Pleurocybella porrigens","species",0,"e02803","18S",1,"162-31",2022,12,2,"Haul 4","sample"
"148","e02803-1-18S","Polychaeta","class",0,"e02803","18S",1,"162-31",2022,12,2,"Haul 4","sample"
"149","e02803-1-18S","Schizoporaceae","family",0,"e02803","18S",1,"162-31",2022,12,2,"Haul 4","sample"
"150","e02803-1-18S","Strombidium biarmatum","species",0,"e02803","18S",1,"162-31",2022,12,2,"Haul 4","sample"
"151","e02803-1-18S","Thaumatomonadida","order",0,"e02803","18S",1,"162-31",2022,12,2,"Haul 4","sample"
"152","e02803-1-18S","Tintinnidium cf. primitivum","species",0,"e02803","18S",1,"162-31",2022,12,2,"Haul 4","sample"
"153","e02803-1-18S","Tremellales","order",0,"e02803","18S",1,"162-31",2022,12,2,"Haul 4","sample"
"154","e02803-1-18S","Triparmaceae","family",0,"e02803","18S",1,"162-31",2022,12,2,"Haul 4","sample"
"155","e02803-1-18S",NA,NA,238,"e02803","18S",1,"162-31",2022,12,2,"Haul 4","sample"
"156","e02803-2-18S","Actinopteri","class",0,"e02803","18S",2,"162-31",2022,12,2,"Haul 4","sample"
"157","e02803-2-18S","Agaricales","order",99,"e02803","18S",2,"162-31",2022,12,2,"Haul 4","sample"
"158","e02803-2-18S","Agaricomycetes","class",0,"e02803","18S",2,"162-31",2022,12,2,"Haul 4","sample"
"159","e02803-2-18S","Amylocorticium cebennense","species",0,"e02803","18S",2,"162-31",2022,12,2,"Haul 4","sample"
"160","e02803-2-18S","Ascomycota","phylum",0,"e02803","18S",2,"162-31",2022,12,2,"Haul 4","sample"
"161","e02803-2-18S","Ascomycota/Basidiomycota","phylum",0,"e02803","18S",2,"162-31",2022,12,2,"Haul 4","sample"
"162","e02803-2-18S","Auranticordis quadriverberis","species",0,"e02803","18S",2,"162-31",2022,12,2,"Haul 4","sample"
"163","e02803-2-18S","Basidiomycota","phylum",0,"e02803","18S",2,"162-31",2022,12,2,"Haul 4","sample"
"164","e02803-2-18S","Cercozoa","phylum",0,"e02803","18S",2,"162-31",2022,12,2,"Haul 4","sample"
"165","e02803-2-18S","Chaetoceros","genus",0,"e02803","18S",2,"162-31",2022,12,2,"Haul 4","sample"
"166","e02803-2-18S","Coscinodiscophyceae","class",0,"e02803","18S",2,"162-31",2022,12,2,"Haul 4","sample"
"167","e02803-2-18S","Curvibasidium","genus",0,"e02803","18S",2,"162-31",2022,12,2,"Haul 4","sample"
"168","e02803-2-18S","Cyclotrichium cyclokaryon","species",0,"e02803","18S",2,"162-31",2022,12,2,"Haul 4","sample"
"169","e02803-2-18S","Cyranomonas australis","species",0,"e02803","18S",2,"162-31",2022,12,2,"Haul 4","sample"
"170","e02803-2-18S","Decapoda","order",5299.29696969697,"e02803","18S",2,"162-31",2022,12,2,"Haul 4","sample"
"171","e02803-2-18S","Dichomitus squalens","species",0,"e02803","18S",2,"162-31",2022,12,2,"Haul 4","sample"
"172","e02803-2-18S","Ebria tripartita","species",0,"e02803","18S",2,"162-31",2022,12,2,"Haul 4","sample"
"173","e02803-2-18S","Esquamula lacrimiformis","species",0,"e02803","18S",2,"162-31",2022,12,2,"Haul 4","sample"
"174","e02803-2-18S","Gastropoda","class",11891,"e02803","18S",2,"162-31",2022,12,2,"Haul 4","sample"
"175","e02803-2-18S","Mamiellaceae","family",0,"e02803","18S",2,"162-31",2022,12,2,"Haul 4","sample"
"176","e02803-2-18S","Mammalia","class",0,"e02803","18S",2,"162-31",2022,12,2,"Haul 4","sample"
"177","e02803-2-18S","Mataza hastifera","species",0,"e02803","18S",2,"162-31",2022,12,2,"Haul 4","sample"
"178","e02803-2-18S","Pleurocybella porrigens","species",0,"e02803","18S",2,"162-31",2022,12,2,"Haul 4","sample"
"179","e02803-2-18S","Polychaeta","class",0,"e02803","18S",2,"162-31",2022,12,2,"Haul 4","sample"
"180","e02803-2-18S","Schizoporaceae","family",0,"e02803","18S",2,"162-31",2022,12,2,"Haul 4","sample"
"181","e02803-2-18S","Strombidium biarmatum","species",0,"e02803","18S",2,"162-31",2022,12,2,"Haul 4","sample"
"182","e02803-2-18S","Thaumatomonadida","order",0,"e02803","18S",2,"162-31",2022,12,2,"Haul 4","sample"
"183","e02803-2-18S","Tintinnidium cf. primitivum","species",0,"e02803","18S",2,"162-31",2022,12,2,"Haul 4","sample"
"184","e02803-2-18S","Tremellales","order",0,"e02803","18S",2,"162-31",2022,12,2,"Haul 4","sample"
"185","e02803-2-18S","Triparmaceae","family",0,"e02803","18S",2,"162-31",2022,12,2,"Haul 4","sample"
"186","e02803-2-18S",NA,NA,677,"e02803","18S",2,"162-31",2022,12,2,"Haul 4","sample"
"187","e02804-1-18S","Actinopteri","class",0,"e02804","18S",1,"162-17",2022,12,7,"Haul 2","sample"
"188","e02804-1-18S","Agaricales","order",628,"e02804","18S",1,"162-17",2022,12,7,"Haul 2","sample"
"189","e02804-1-18S","Agaricomycetes","class",710,"e02804","18S",1,"162-17",2022,12,7,"Haul 2","sample"
"190","e02804-1-18S","Amylocorticium cebennense","species",0,"e02804","18S",1,"162-17",2022,12,7,"Haul 2","sample"
"191","e02804-1-18S","Ascomycota","phylum",0,"e02804","18S",1,"162-17",2022,12,7,"Haul 2","sample"
"192","e02804-1-18S","Ascomycota/Basidiomycota","phylum",0,"e02804","18S",1,"162-17",2022,12,7,"Haul 2","sample"
"193","e02804-1-18S","Auranticordis quadriverberis","species",4232,"e02804","18S",1,"162-17",2022,12,7,"Haul 2","sample"
"194","e02804-1-18S","Basidiomycota","phylum",0,"e02804","18S",1,"162-17",2022,12,7,"Haul 2","sample"
"195","e02804-1-18S","Cercozoa","phylum",1552,"e02804","18S",1,"162-17",2022,12,7,"Haul 2","sample"
"196","e02804-1-18S","Chaetoceros","genus",1436.97861746752,"e02804","18S",1,"162-17",2022,12,7,"Haul 2","sample"
"197","e02804-1-18S","Coscinodiscophyceae","class",0,"e02804","18S",1,"162-17",2022,12,7,"Haul 2","sample"
"198","e02804-1-18S","Curvibasidium","genus",0,"e02804","18S",1,"162-17",2022,12,7,"Haul 2","sample"
"199","e02804-1-18S","Cyclotrichium cyclokaryon","species",0,"e02804","18S",1,"162-17",2022,12,7,"Haul 2","sample"
"200","e02804-1-18S","Cyranomonas australis","species",0,"e02804","18S",1,"162-17",2022,12,7,"Haul 2","sample"
"201","e02804-1-18S","Decapoda","order",5633.24790764791,"e02804","18S",1,"162-17",2022,12,7,"Haul 2","sample"
"202","e02804-1-18S","Dichomitus squalens","species",0,"e02804","18S",1,"162-17",2022,12,7,"Haul 2","sample"
"203","e02804-1-18S","Ebria tripartita","species",0,"e02804","18S",1,"162-17",2022,12,7,"Haul 2","sample"
"204","e02804-1-18S","Esquamula lacrimiformis","species",0,"e02804","18S",1,"162-17",2022,12,7,"Haul 2","sample"
"205","e02804-1-18S","Gastropoda","class",0,"e02804","18S",1,"162-17",2022,12,7,"Haul 2","sample"
"206","e02804-1-18S","Mamiellaceae","family",0,"e02804","18S",1,"162-17",2022,12,7,"Haul 2","sample"
"207","e02804-1-18S","Mammalia","class",0,"e02804","18S",1,"162-17",2022,12,7,"Haul 2","sample"
"208","e02804-1-18S","Mataza hastifera","species",1677,"e02804","18S",1,"162-17",2022,12,7,"Haul 2","sample"
"209","e02804-1-18S","Pleurocybella porrigens","species",0,"e02804","18S",1,"162-17",2022,12,7,"Haul 2","sample"
"210","e02804-1-18S","Polychaeta","class",0,"e02804","18S",1,"162-17",2022,12,7,"Haul 2","sample"
"211","e02804-1-18S","Schizoporaceae","family",0,"e02804","18S",1,"162-17",2022,12,7,"Haul 2","sample"
"212","e02804-1-18S","Strombidium biarmatum","species",163,"e02804","18S",1,"162-17",2022,12,7,"Haul 2","sample"
"213","e02804-1-18S","Thaumatomonadida","order",196,"e02804","18S",1,"162-17",2022,12,7,"Haul 2","sample"
"214","e02804-1-18S","Tintinnidium cf. primitivum","species",0,"e02804","18S",1,"162-17",2022,12,7,"Haul 2","sample"
"215","e02804-1-18S","Tremellales","order",1927,"e02804","18S",1,"162-17",2022,12,7,"Haul 2","sample"
"216","e02804-1-18S","Triparmaceae","family",0,"e02804","18S",1,"162-17",2022,12,7,"Haul 2","sample"
"217","e02804-1-18S",NA,NA,828,"e02804","18S",1,"162-17",2022,12,7,"Haul 2","sample"
"218","e02804-2-18S","Actinopteri","class",0,"e02804","18S",2,"162-17",2022,12,7,"Haul 2","sample"
"219","e02804-2-18S","Agaricales","order",98,"e02804","18S",2,"162-17",2022,12,7,"Haul 2","sample"
"220","e02804-2-18S","Agaricomycetes","class",3007,"e02804","18S",2,"162-17",2022,12,7,"Haul 2","sample"
"221","e02804-2-18S","Amylocorticium cebennense","species",0,"e02804","18S",2,"162-17",2022,12,7,"Haul 2","sample"
"222","e02804-2-18S","Ascomycota","phylum",0,"e02804","18S",2,"162-17",2022,12,7,"Haul 2","sample"
"223","e02804-2-18S","Ascomycota/Basidiomycota","phylum",771,"e02804","18S",2,"162-17",2022,12,7,"Haul 2","sample"
"224","e02804-2-18S","Auranticordis quadriverberis","species",1484,"e02804","18S",2,"162-17",2022,12,7,"Haul 2","sample"
"225","e02804-2-18S","Basidiomycota","phylum",0,"e02804","18S",2,"162-17",2022,12,7,"Haul 2","sample"
"226","e02804-2-18S","Cercozoa","phylum",3582,"e02804","18S",2,"162-17",2022,12,7,"Haul 2","sample"
"227","e02804-2-18S","Chaetoceros","genus",611.038365787948,"e02804","18S",2,"162-17",2022,12,7,"Haul 2","sample"
"228","e02804-2-18S","Coscinodiscophyceae","class",0,"e02804","18S",2,"162-17",2022,12,7,"Haul 2","sample"
"229","e02804-2-18S","Curvibasidium","genus",0,"e02804","18S",2,"162-17",2022,12,7,"Haul 2","sample"
"230","e02804-2-18S","Cyclotrichium cyclokaryon","species",0,"e02804","18S",2,"162-17",2022,12,7,"Haul 2","sample"
"231","e02804-2-18S","Cyranomonas australis","species",0,"e02804","18S",2,"162-17",2022,12,7,"Haul 2","sample"
"232","e02804-2-18S","Decapoda","order",7559.50072150072,"e02804","18S",2,"162-17",2022,12,7,"Haul 2","sample"
"233","e02804-2-18S","Dichomitus squalens","species",0,"e02804","18S",2,"162-17",2022,12,7,"Haul 2","sample"
"234","e02804-2-18S","Ebria tripartita","species",0,"e02804","18S",2,"162-17",2022,12,7,"Haul 2","sample"
"235","e02804-2-18S","Esquamula lacrimiformis","species",0,"e02804","18S",2,"162-17",2022,12,7,"Haul 2","sample"
"236","e02804-2-18S","Gastropoda","class",0,"e02804","18S",2,"162-17",2022,12,7,"Haul 2","sample"
"237","e02804-2-18S","Mamiellaceae","family",0,"e02804","18S",2,"162-17",2022,12,7,"Haul 2","sample"
"238","e02804-2-18S","Mammalia","class",0,"e02804","18S",2,"162-17",2022,12,7,"Haul 2","sample"
"239","e02804-2-18S","Mataza hastifera","species",30,"e02804","18S",2,"162-17",2022,12,7,"Haul 2","sample"
"240","e02804-2-18S","Pleurocybella porrigens","species",0,"e02804","18S",2,"162-17",2022,12,7,"Haul 2","sample"
"241","e02804-2-18S","Polychaeta","class",0,"e02804","18S",2,"162-17",2022,12,7,"Haul 2","sample"
"242","e02804-2-18S","Schizoporaceae","family",0,"e02804","18S",2,"162-17",2022,12,7,"Haul 2","sample"
"243","e02804-2-18S","Strombidium biarmatum","species",880,"e02804","18S",2,"162-17",2022,12,7,"Haul 2","sample"
"244","e02804-2-18S","Thaumatomonadida","order",764,"e02804","18S",2,"162-17",2022,12,7,"Haul 2","sample"
"245","e02804-2-18S","Tintinnidium cf. primitivum","species",0,"e02804","18S",2,"162-17",2022,12,7,"Haul 2","sample"
"246","e02804-2-18S","Tremellales","order",0,"e02804","18S",2,"162-17",2022,12,7,"Haul 2","sample"
"247","e02804-2-18S","Triparmaceae","family",0,"e02804","18S",2,"162-17",2022,12,7,"Haul 2","sample"
"248","e02804-2-18S",NA,NA,2853,"e02804","18S",2,"162-17",2022,12,7,"Haul 2","sample"
"249","e02805-1-18S","Actinopteri","class",0,"e02805","18S",1,"162-188",2022,12,7,"Haul 186","sample"
"250","e02805-1-18S","Agaricales","order",0,"e02805","18S",1,"162-188",2022,12,7,"Haul 186","sample"
"251","e02805-1-18S","Agaricomycetes","class",0,"e02805","18S",1,"162-188",2022,12,7,"Haul 186","sample"
"252","e02805-1-18S","Amylocorticium cebennense","species",0,"e02805","18S",1,"162-188",2022,12,7,"Haul 186","sample"
"253","e02805-1-18S","Ascomycota","phylum",0,"e02805","18S",1,"162-188",2022,12,7,"Haul 186","sample"
"254","e02805-1-18S","Ascomycota/Basidiomycota","phylum",0,"e02805","18S",1,"162-188",2022,12,7,"Haul 186","sample"
"255","e02805-1-18S","Auranticordis quadriverberis","species",0,"e02805","18S",1,"162-188",2022,12,7,"Haul 186","sample"
"256","e02805-1-18S","Basidiomycota","phylum",0,"e02805","18S",1,"162-188",2022,12,7,"Haul 186","sample"
"257","e02805-1-18S","Cercozoa","phylum",0,"e02805","18S",1,"162-188",2022,12,7,"Haul 186","sample"
"258","e02805-1-18S","Chaetoceros","genus",8.31279200627494,"e02805","18S",1,"162-188",2022,12,7,"Haul 186","sample"
"259","e02805-1-18S","Coscinodiscophyceae","class",4,"e02805","18S",1,"162-188",2022,12,7,"Haul 186","sample"
"260","e02805-1-18S","Curvibasidium","genus",0,"e02805","18S",1,"162-188",2022,12,7,"Haul 186","sample"
"261","e02805-1-18S","Cyclotrichium cyclokaryon","species",0,"e02805","18S",1,"162-188",2022,12,7,"Haul 186","sample"
"262","e02805-1-18S","Cyranomonas australis","species",0,"e02805","18S",1,"162-188",2022,12,7,"Haul 186","sample"
"263","e02805-1-18S","Decapoda","order",26925.4305916306,"e02805","18S",1,"162-188",2022,12,7,"Haul 186","sample"
"264","e02805-1-18S","Dichomitus squalens","species",0,"e02805","18S",1,"162-188",2022,12,7,"Haul 186","sample"
"265","e02805-1-18S","Ebria tripartita","species",0,"e02805","18S",1,"162-188",2022,12,7,"Haul 186","sample"
"266","e02805-1-18S","Esquamula lacrimiformis","species",4,"e02805","18S",1,"162-188",2022,12,7,"Haul 186","sample"
"267","e02805-1-18S","Gastropoda","class",0,"e02805","18S",1,"162-188",2022,12,7,"Haul 186","sample"
"268","e02805-1-18S","Mamiellaceae","family",0,"e02805","18S",1,"162-188",2022,12,7,"Haul 186","sample"
"269","e02805-1-18S","Mammalia","class",0,"e02805","18S",1,"162-188",2022,12,7,"Haul 186","sample"
"270","e02805-1-18S","Mataza hastifera","species",0,"e02805","18S",1,"162-188",2022,12,7,"Haul 186","sample"
"271","e02805-1-18S","Pleurocybella porrigens","species",0,"e02805","18S",1,"162-188",2022,12,7,"Haul 186","sample"
"272","e02805-1-18S","Polychaeta","class",0,"e02805","18S",1,"162-188",2022,12,7,"Haul 186","sample"
"273","e02805-1-18S","Schizoporaceae","family",0,"e02805","18S",1,"162-188",2022,12,7,"Haul 186","sample"
"274","e02805-1-18S","Strombidium biarmatum","species",0,"e02805","18S",1,"162-188",2022,12,7,"Haul 186","sample"
"275","e02805-1-18S","Thaumatomonadida","order",0,"e02805","18S",1,"162-188",2022,12,7,"Haul 186","sample"
"276","e02805-1-18S","Tintinnidium cf. primitivum","species",0,"e02805","18S",1,"162-188",2022,12,7,"Haul 186","sample"
"277","e02805-1-18S","Tremellales","order",0,"e02805","18S",1,"162-188",2022,12,7,"Haul 186","sample"
"278","e02805-1-18S","Triparmaceae","family",0,"e02805","18S",1,"162-188",2022,12,7,"Haul 186","sample"
"279","e02805-1-18S",NA,NA,0,"e02805","18S",1,"162-188",2022,12,7,"Haul 186","sample"
"280","e02805-2-18S","Actinopteri","class",0,"e02805","18S",2,"162-188",2022,12,7,"Haul 186","sample"
"281","e02805-2-18S","Agaricales","order",0,"e02805","18S",2,"162-188",2022,12,7,"Haul 186","sample"
"282","e02805-2-18S","Agaricomycetes","class",0,"e02805","18S",2,"162-188",2022,12,7,"Haul 186","sample"
"283","e02805-2-18S","Amylocorticium cebennense","species",0,"e02805","18S",2,"162-188",2022,12,7,"Haul 186","sample"
"284","e02805-2-18S","Ascomycota","phylum",0,"e02805","18S",2,"162-188",2022,12,7,"Haul 186","sample"
"285","e02805-2-18S","Ascomycota/Basidiomycota","phylum",0,"e02805","18S",2,"162-188",2022,12,7,"Haul 186","sample"
"286","e02805-2-18S","Auranticordis quadriverberis","species",0,"e02805","18S",2,"162-188",2022,12,7,"Haul 186","sample"
"287","e02805-2-18S","Basidiomycota","phylum",0,"e02805","18S",2,"162-188",2022,12,7,"Haul 186","sample"
"288","e02805-2-18S","Cercozoa","phylum",0,"e02805","18S",2,"162-188",2022,12,7,"Haul 186","sample"
"289","e02805-2-18S","Chaetoceros","genus",2.70630563039252,"e02805","18S",2,"162-188",2022,12,7,"Haul 186","sample"
"290","e02805-2-18S","Coscinodiscophyceae","class",10,"e02805","18S",2,"162-188",2022,12,7,"Haul 186","sample"
"291","e02805-2-18S","Curvibasidium","genus",0,"e02805","18S",2,"162-188",2022,12,7,"Haul 186","sample"
"292","e02805-2-18S","Cyclotrichium cyclokaryon","species",0,"e02805","18S",2,"162-188",2022,12,7,"Haul 186","sample"
"293","e02805-2-18S","Cyranomonas australis","species",0,"e02805","18S",2,"162-188",2022,12,7,"Haul 186","sample"
"294","e02805-2-18S","Decapoda","order",31320.8643578644,"e02805","18S",2,"162-188",2022,12,7,"Haul 186","sample"
"295","e02805-2-18S","Dichomitus squalens","species",0,"e02805","18S",2,"162-188",2022,12,7,"Haul 186","sample"
"296","e02805-2-18S","Ebria tripartita","species",0,"e02805","18S",2,"162-188",2022,12,7,"Haul 186","sample"
"297","e02805-2-18S","Esquamula lacrimiformis","species",7,"e02805","18S",2,"162-188",2022,12,7,"Haul 186","sample"
"298","e02805-2-18S","Gastropoda","class",0,"e02805","18S",2,"162-188",2022,12,7,"Haul 186","sample"
"299","e02805-2-18S","Mamiellaceae","family",0,"e02805","18S",2,"162-188",2022,12,7,"Haul 186","sample"
"300","e02805-2-18S","Mammalia","class",0,"e02805","18S",2,"162-188",2022,12,7,"Haul 186","sample"
"301","e02805-2-18S","Mataza hastifera","species",0,"e02805","18S",2,"162-188",2022,12,7,"Haul 186","sample"
"302","e02805-2-18S","Pleurocybella porrigens","species",0,"e02805","18S",2,"162-188",2022,12,7,"Haul 186","sample"
"303","e02805-2-18S","Polychaeta","class",0,"e02805","18S",2,"162-188",2022,12,7,"Haul 186","sample"
"304","e02805-2-18S","Schizoporaceae","family",0,"e02805","18S",2,"162-188",2022,12,7,"Haul 186","sample"
"305","e02805-2-18S","Strombidium biarmatum","species",0,"e02805","18S",2,"162-188",2022,12,7,"Haul 186","sample"
"306","e02805-2-18S","Thaumatomonadida","order",0,"e02805","18S",2,"162-188",2022,12,7,"Haul 186","sample"
"307","e02805-2-18S","Tintinnidium cf. primitivum","species",0,"e02805","18S",2,"162-188",2022,12,7,"Haul 186","sample"
"308","e02805-2-18S","Tremellales","order",0,"e02805","18S",2,"162-188",2022,12,7,"Haul 186","sample"
"309","e02805-2-18S","Triparmaceae","family",0,"e02805","18S",2,"162-188",2022,12,7,"Haul 186","sample"
"310","e02805-2-18S",NA,NA,0,"e02805","18S",2,"162-188",2022,12,7,"Haul 186","sample"
"311","e02806-1-18S","Actinopteri","class",0,"e02806","18S",1,"162-30",2022,12,7,"Haul 3","sample"
"312","e02806-1-18S","Agaricales","order",0,"e02806","18S",1,"162-30",2022,12,7,"Haul 3","sample"
"313","e02806-1-18S","Agaricomycetes","class",995,"e02806","18S",1,"162-30",2022,12,7,"Haul 3","sample"
"314","e02806-1-18S","Amylocorticium cebennense","species",0,"e02806","18S",1,"162-30",2022,12,7,"Haul 3","sample"
"315","e02806-1-18S","Ascomycota","phylum",0,"e02806","18S",1,"162-30",2022,12,7,"Haul 3","sample"
"316","e02806-1-18S","Ascomycota/Basidiomycota","phylum",0,"e02806","18S",1,"162-30",2022,12,7,"Haul 3","sample"
"317","e02806-1-18S","Auranticordis quadriverberis","species",0,"e02806","18S",1,"162-30",2022,12,7,"Haul 3","sample"
"318","e02806-1-18S","Basidiomycota","phylum",633,"e02806","18S",1,"162-30",2022,12,7,"Haul 3","sample"
"319","e02806-1-18S","Cercozoa","phylum",0,"e02806","18S",1,"162-30",2022,12,7,"Haul 3","sample"
"320","e02806-1-18S","Chaetoceros","genus",3.59158339869727,"e02806","18S",1,"162-30",2022,12,7,"Haul 3","sample"
"321","e02806-1-18S","Coscinodiscophyceae","class",0,"e02806","18S",1,"162-30",2022,12,7,"Haul 3","sample"
"322","e02806-1-18S","Curvibasidium","genus",0,"e02806","18S",1,"162-30",2022,12,7,"Haul 3","sample"
"323","e02806-1-18S","Cyclotrichium cyclokaryon","species",0,"e02806","18S",1,"162-30",2022,12,7,"Haul 3","sample"
"324","e02806-1-18S","Cyranomonas australis","species",0,"e02806","18S",1,"162-30",2022,12,7,"Haul 3","sample"
"325","e02806-1-18S","Decapoda","order",30334.3789321789,"e02806","18S",1,"162-30",2022,12,7,"Haul 3","sample"
"326","e02806-1-18S","Dichomitus squalens","species",0,"e02806","18S",1,"162-30",2022,12,7,"Haul 3","sample"
"327","e02806-1-18S","Ebria tripartita","species",0,"e02806","18S",1,"162-30",2022,12,7,"Haul 3","sample"
"328","e02806-1-18S","Esquamula lacrimiformis","species",0,"e02806","18S",1,"162-30",2022,12,7,"Haul 3","sample"
"329","e02806-1-18S","Gastropoda","class",0,"e02806","18S",1,"162-30",2022,12,7,"Haul 3","sample"
"330","e02806-1-18S","Mamiellaceae","family",0,"e02806","18S",1,"162-30",2022,12,7,"Haul 3","sample"
"331","e02806-1-18S","Mammalia","class",240,"e02806","18S",1,"162-30",2022,12,7,"Haul 3","sample"
"332","e02806-1-18S","Mataza hastifera","species",0,"e02806","18S",1,"162-30",2022,12,7,"Haul 3","sample"
"333","e02806-1-18S","Pleurocybella porrigens","species",0,"e02806","18S",1,"162-30",2022,12,7,"Haul 3","sample"
"334","e02806-1-18S","Polychaeta","class",0,"e02806","18S",1,"162-30",2022,12,7,"Haul 3","sample"
"335","e02806-1-18S","Schizoporaceae","family",0,"e02806","18S",1,"162-30",2022,12,7,"Haul 3","sample"
"336","e02806-1-18S","Strombidium biarmatum","species",0,"e02806","18S",1,"162-30",2022,12,7,"Haul 3","sample"
"337","e02806-1-18S","Thaumatomonadida","order",0,"e02806","18S",1,"162-30",2022,12,7,"Haul 3","sample"
"338","e02806-1-18S","Tintinnidium cf. primitivum","species",0,"e02806","18S",1,"162-30",2022,12,7,"Haul 3","sample"
"339","e02806-1-18S","Tremellales","order",0,"e02806","18S",1,"162-30",2022,12,7,"Haul 3","sample"
"340","e02806-1-18S","Triparmaceae","family",0,"e02806","18S",1,"162-30",2022,12,7,"Haul 3","sample"
"341","e02806-1-18S",NA,NA,32,"e02806","18S",1,"162-30",2022,12,7,"Haul 3","sample"
"342","e02806-2-18S","Actinopteri","class",0,"e02806","18S",2,"162-30",2022,12,7,"Haul 3","sample"
"343","e02806-2-18S","Agaricales","order",0,"e02806","18S",2,"162-30",2022,12,7,"Haul 3","sample"
"344","e02806-2-18S","Agaricomycetes","class",366,"e02806","18S",2,"162-30",2022,12,7,"Haul 3","sample"
"345","e02806-2-18S","Amylocorticium cebennense","species",0,"e02806","18S",2,"162-30",2022,12,7,"Haul 3","sample"
"346","e02806-2-18S","Ascomycota","phylum",29,"e02806","18S",2,"162-30",2022,12,7,"Haul 3","sample"
"347","e02806-2-18S","Ascomycota/Basidiomycota","phylum",0,"e02806","18S",2,"162-30",2022,12,7,"Haul 3","sample"
"348","e02806-2-18S","Auranticordis quadriverberis","species",0,"e02806","18S",2,"162-30",2022,12,7,"Haul 3","sample"
"349","e02806-2-18S","Basidiomycota","phylum",167,"e02806","18S",2,"162-30",2022,12,7,"Haul 3","sample"
"350","e02806-2-18S","Cercozoa","phylum",0,"e02806","18S",2,"162-30",2022,12,7,"Haul 3","sample"
"351","e02806-2-18S","Chaetoceros","genus",0,"e02806","18S",2,"162-30",2022,12,7,"Haul 3","sample"
"352","e02806-2-18S","Coscinodiscophyceae","class",0,"e02806","18S",2,"162-30",2022,12,7,"Haul 3","sample"
"353","e02806-2-18S","Curvibasidium","genus",0,"e02806","18S",2,"162-30",2022,12,7,"Haul 3","sample"
"354","e02806-2-18S","Cyclotrichium cyclokaryon","species",0,"e02806","18S",2,"162-30",2022,12,7,"Haul 3","sample"
"355","e02806-2-18S","Cyranomonas australis","species",0,"e02806","18S",2,"162-30",2022,12,7,"Haul 3","sample"
"356","e02806-2-18S","Decapoda","order",28298.0828282828,"e02806","18S",2,"162-30",2022,12,7,"Haul 3","sample"
"357","e02806-2-18S","Dichomitus squalens","species",0,"e02806","18S",2,"162-30",2022,12,7,"Haul 3","sample"
"358","e02806-2-18S","Ebria tripartita","species",0,"e02806","18S",2,"162-30",2022,12,7,"Haul 3","sample"
"359","e02806-2-18S","Esquamula lacrimiformis","species",0,"e02806","18S",2,"162-30",2022,12,7,"Haul 3","sample"
"360","e02806-2-18S","Gastropoda","class",0,"e02806","18S",2,"162-30",2022,12,7,"Haul 3","sample"
"361","e02806-2-18S","Mamiellaceae","family",0,"e02806","18S",2,"162-30",2022,12,7,"Haul 3","sample"
"362","e02806-2-18S","Mammalia","class",25,"e02806","18S",2,"162-30",2022,12,7,"Haul 3","sample"
"363","e02806-2-18S","Mataza hastifera","species",0,"e02806","18S",2,"162-30",2022,12,7,"Haul 3","sample"
"364","e02806-2-18S","Pleurocybella porrigens","species",0,"e02806","18S",2,"162-30",2022,12,7,"Haul 3","sample"
"365","e02806-2-18S","Polychaeta","class",0,"e02806","18S",2,"162-30",2022,12,7,"Haul 3","sample"
"366","e02806-2-18S","Schizoporaceae","family",0,"e02806","18S",2,"162-30",2022,12,7,"Haul 3","sample"
"367","e02806-2-18S","Strombidium biarmatum","species",0,"e02806","18S",2,"162-30",2022,12,7,"Haul 3","sample"
"368","e02806-2-18S","Thaumatomonadida","order",0,"e02806","18S",2,"162-30",2022,12,7,"Haul 3","sample"
"369","e02806-2-18S","Tintinnidium cf. primitivum","species",0,"e02806","18S",2,"162-30",2022,12,7,"Haul 3","sample"
"370","e02806-2-18S","Tremellales","order",0,"e02806","18S",2,"162-30",2022,12,7,"Haul 3","sample"
"371","e02806-2-18S","Triparmaceae","family",0,"e02806","18S",2,"162-30",2022,12,7,"Haul 3","sample"
"372","e02806-2-18S",NA,NA,0,"e02806","18S",2,"162-30",2022,12,7,"Haul 3","sample"
"373","e02807-1-18S","Actinopteri","class",29,"e02807","18S",1,"162-3",2022,12,8,"Haul 1","sample"
"374","e02807-1-18S","Agaricales","order",0,"e02807","18S",1,"162-3",2022,12,8,"Haul 1","sample"
"375","e02807-1-18S","Agaricomycetes","class",0,"e02807","18S",1,"162-3",2022,12,8,"Haul 1","sample"
"376","e02807-1-18S","Amylocorticium cebennense","species",0,"e02807","18S",1,"162-3",2022,12,8,"Haul 1","sample"
"377","e02807-1-18S","Ascomycota","phylum",0,"e02807","18S",1,"162-3",2022,12,8,"Haul 1","sample"
"378","e02807-1-18S","Ascomycota/Basidiomycota","phylum",0,"e02807","18S",1,"162-3",2022,12,8,"Haul 1","sample"
"379","e02807-1-18S","Auranticordis quadriverberis","species",928,"e02807","18S",1,"162-3",2022,12,8,"Haul 1","sample"
"380","e02807-1-18S","Basidiomycota","phylum",0,"e02807","18S",1,"162-3",2022,12,8,"Haul 1","sample"
"381","e02807-1-18S","Cercozoa","phylum",1305,"e02807","18S",1,"162-3",2022,12,8,"Haul 1","sample"
"382","e02807-1-18S","Chaetoceros","genus",1775.78685673362,"e02807","18S",1,"162-3",2022,12,8,"Haul 1","sample"
"383","e02807-1-18S","Coscinodiscophyceae","class",0,"e02807","18S",1,"162-3",2022,12,8,"Haul 1","sample"
"384","e02807-1-18S","Curvibasidium","genus",0,"e02807","18S",1,"162-3",2022,12,8,"Haul 1","sample"
"385","e02807-1-18S","Cyclotrichium cyclokaryon","species",0,"e02807","18S",1,"162-3",2022,12,8,"Haul 1","sample"
"386","e02807-1-18S","Cyranomonas australis","species",0,"e02807","18S",1,"162-3",2022,12,8,"Haul 1","sample"
"387","e02807-1-18S","Decapoda","order",37057.7425685426,"e02807","18S",1,"162-3",2022,12,8,"Haul 1","sample"
"388","e02807-1-18S","Dichomitus squalens","species",1419,"e02807","18S",1,"162-3",2022,12,8,"Haul 1","sample"
"389","e02807-1-18S","Ebria tripartita","species",67,"e02807","18S",1,"162-3",2022,12,8,"Haul 1","sample"
"390","e02807-1-18S","Esquamula lacrimiformis","species",0,"e02807","18S",1,"162-3",2022,12,8,"Haul 1","sample"
"391","e02807-1-18S","Gastropoda","class",0,"e02807","18S",1,"162-3",2022,12,8,"Haul 1","sample"
"392","e02807-1-18S","Mamiellaceae","family",225,"e02807","18S",1,"162-3",2022,12,8,"Haul 1","sample"
"393","e02807-1-18S","Mammalia","class",13,"e02807","18S",1,"162-3",2022,12,8,"Haul 1","sample"
"394","e02807-1-18S","Mataza hastifera","species",264,"e02807","18S",1,"162-3",2022,12,8,"Haul 1","sample"
"395","e02807-1-18S","Pleurocybella porrigens","species",0,"e02807","18S",1,"162-3",2022,12,8,"Haul 1","sample"
"396","e02807-1-18S","Polychaeta","class",0,"e02807","18S",1,"162-3",2022,12,8,"Haul 1","sample"
"397","e02807-1-18S","Schizoporaceae","family",24,"e02807","18S",1,"162-3",2022,12,8,"Haul 1","sample"
"398","e02807-1-18S","Strombidium biarmatum","species",0,"e02807","18S",1,"162-3",2022,12,8,"Haul 1","sample"
"399","e02807-1-18S","Thaumatomonadida","order",325,"e02807","18S",1,"162-3",2022,12,8,"Haul 1","sample"
"400","e02807-1-18S","Tintinnidium cf. primitivum","species",0,"e02807","18S",1,"162-3",2022,12,8,"Haul 1","sample"
"401","e02807-1-18S","Tremellales","order",0,"e02807","18S",1,"162-3",2022,12,8,"Haul 1","sample"
"402","e02807-1-18S","Triparmaceae","family",0,"e02807","18S",1,"162-3",2022,12,8,"Haul 1","sample"
"403","e02807-1-18S",NA,NA,1746,"e02807","18S",1,"162-3",2022,12,8,"Haul 1","sample"
"404","e02807-2-18S","Actinopteri","class",0,"e02807","18S",2,"162-3",2022,12,8,"Haul 1","sample"
"405","e02807-2-18S","Agaricales","order",0,"e02807","18S",2,"162-3",2022,12,8,"Haul 1","sample"
"406","e02807-2-18S","Agaricomycetes","class",191,"e02807","18S",2,"162-3",2022,12,8,"Haul 1","sample"
"407","e02807-2-18S","Amylocorticium cebennense","species",0,"e02807","18S",2,"162-3",2022,12,8,"Haul 1","sample"
"408","e02807-2-18S","Ascomycota","phylum",111,"e02807","18S",2,"162-3",2022,12,8,"Haul 1","sample"
"409","e02807-2-18S","Ascomycota/Basidiomycota","phylum",0,"e02807","18S",2,"162-3",2022,12,8,"Haul 1","sample"
"410","e02807-2-18S","Auranticordis quadriverberis","species",771,"e02807","18S",2,"162-3",2022,12,8,"Haul 1","sample"
"411","e02807-2-18S","Basidiomycota","phylum",0,"e02807","18S",2,"162-3",2022,12,8,"Haul 1","sample"
"412","e02807-2-18S","Cercozoa","phylum",594,"e02807","18S",2,"162-3",2022,12,8,"Haul 1","sample"
"413","e02807-2-18S","Chaetoceros","genus",489.293557957917,"e02807","18S",2,"162-3",2022,12,8,"Haul 1","sample"
"414","e02807-2-18S","Coscinodiscophyceae","class",0,"e02807","18S",2,"162-3",2022,12,8,"Haul 1","sample"
"415","e02807-2-18S","Curvibasidium","genus",0,"e02807","18S",2,"162-3",2022,12,8,"Haul 1","sample"
"416","e02807-2-18S","Cyclotrichium cyclokaryon","species",0,"e02807","18S",2,"162-3",2022,12,8,"Haul 1","sample"
"417","e02807-2-18S","Cyranomonas australis","species",0,"e02807","18S",2,"162-3",2022,12,8,"Haul 1","sample"
"418","e02807-2-18S","Decapoda","order",22687.3492063492,"e02807","18S",2,"162-3",2022,12,8,"Haul 1","sample"
"419","e02807-2-18S","Dichomitus squalens","species",348,"e02807","18S",2,"162-3",2022,12,8,"Haul 1","sample"
"420","e02807-2-18S","Ebria tripartita","species",72,"e02807","18S",2,"162-3",2022,12,8,"Haul 1","sample"
"421","e02807-2-18S","Esquamula lacrimiformis","species",22,"e02807","18S",2,"162-3",2022,12,8,"Haul 1","sample"
"422","e02807-2-18S","Gastropoda","class",0,"e02807","18S",2,"162-3",2022,12,8,"Haul 1","sample"
"423","e02807-2-18S","Mamiellaceae","family",0,"e02807","18S",2,"162-3",2022,12,8,"Haul 1","sample"
"424","e02807-2-18S","Mammalia","class",75,"e02807","18S",2,"162-3",2022,12,8,"Haul 1","sample"
"425","e02807-2-18S","Mataza hastifera","species",327,"e02807","18S",2,"162-3",2022,12,8,"Haul 1","sample"
"426","e02807-2-18S","Pleurocybella porrigens","species",0,"e02807","18S",2,"162-3",2022,12,8,"Haul 1","sample"
"427","e02807-2-18S","Polychaeta","class",0,"e02807","18S",2,"162-3",2022,12,8,"Haul 1","sample"
"428","e02807-2-18S","Schizoporaceae","family",14,"e02807","18S",2,"162-3",2022,12,8,"Haul 1","sample"
"429","e02807-2-18S","Strombidium biarmatum","species",0,"e02807","18S",2,"162-3",2022,12,8,"Haul 1","sample"
"430","e02807-2-18S","Thaumatomonadida","order",145,"e02807","18S",2,"162-3",2022,12,8,"Haul 1","sample"
"431","e02807-2-18S","Tintinnidium cf. primitivum","species",0,"e02807","18S",2,"162-3",2022,12,8,"Haul 1","sample"
"432","e02807-2-18S","Tremellales","order",0,"e02807","18S",2,"162-3",2022,12,8,"Haul 1","sample"
"433","e02807-2-18S","Triparmaceae","family",0,"e02807","18S",2,"162-3",2022,12,8,"Haul 1","sample"
"434","e02807-2-18S",NA,NA,814,"e02807","18S",2,"162-3",2022,12,8,"Haul 1","sample"
"435","e02808-2-18S","Actinopteri","class",0,"e02808","18S",2,"162-20",2022,12,8,"Haul 2","sample"
"436","e02808-2-18S","Agaricales","order",0,"e02808","18S",2,"162-20",2022,12,8,"Haul 2","sample"
"437","e02808-2-18S","Agaricomycetes","class",0,"e02808","18S",2,"162-20",2022,12,8,"Haul 2","sample"
"438","e02808-2-18S","Amylocorticium cebennense","species",0,"e02808","18S",2,"162-20",2022,12,8,"Haul 2","sample"
"439","e02808-2-18S","Ascomycota","phylum",0,"e02808","18S",2,"162-20",2022,12,8,"Haul 2","sample"
"440","e02808-2-18S","Ascomycota/Basidiomycota","phylum",0,"e02808","18S",2,"162-20",2022,12,8,"Haul 2","sample"
"441","e02808-2-18S","Auranticordis quadriverberis","species",0,"e02808","18S",2,"162-20",2022,12,8,"Haul 2","sample"
"442","e02808-2-18S","Basidiomycota","phylum",0,"e02808","18S",2,"162-20",2022,12,8,"Haul 2","sample"
"443","e02808-2-18S","Cercozoa","phylum",0,"e02808","18S",2,"162-20",2022,12,8,"Haul 2","sample"
"444","e02808-2-18S","Chaetoceros","genus",0,"e02808","18S",2,"162-20",2022,12,8,"Haul 2","sample"
"445","e02808-2-18S","Coscinodiscophyceae","class",0,"e02808","18S",2,"162-20",2022,12,8,"Haul 2","sample"
"446","e02808-2-18S","Curvibasidium","genus",0,"e02808","18S",2,"162-20",2022,12,8,"Haul 2","sample"
"447","e02808-2-18S","Cyclotrichium cyclokaryon","species",0,"e02808","18S",2,"162-20",2022,12,8,"Haul 2","sample"
"448","e02808-2-18S","Cyranomonas australis","species",0,"e02808","18S",2,"162-20",2022,12,8,"Haul 2","sample"
"449","e02808-2-18S","Decapoda","order",13495.0556998557,"e02808","18S",2,"162-20",2022,12,8,"Haul 2","sample"
"450","e02808-2-18S","Dichomitus squalens","species",0,"e02808","18S",2,"162-20",2022,12,8,"Haul 2","sample"
"451","e02808-2-18S","Ebria tripartita","species",0,"e02808","18S",2,"162-20",2022,12,8,"Haul 2","sample"
"452","e02808-2-18S","Esquamula lacrimiformis","species",0,"e02808","18S",2,"162-20",2022,12,8,"Haul 2","sample"
"453","e02808-2-18S","Gastropoda","class",11,"e02808","18S",2,"162-20",2022,12,8,"Haul 2","sample"
"454","e02808-2-18S","Mamiellaceae","family",0,"e02808","18S",2,"162-20",2022,12,8,"Haul 2","sample"
"455","e02808-2-18S","Mammalia","class",643,"e02808","18S",2,"162-20",2022,12,8,"Haul 2","sample"
"456","e02808-2-18S","Mataza hastifera","species",0,"e02808","18S",2,"162-20",2022,12,8,"Haul 2","sample"
"457","e02808-2-18S","Pleurocybella porrigens","species",0,"e02808","18S",2,"162-20",2022,12,8,"Haul 2","sample"
"458","e02808-2-18S","Polychaeta","class",0,"e02808","18S",2,"162-20",2022,12,8,"Haul 2","sample"
"459","e02808-2-18S","Schizoporaceae","family",11727,"e02808","18S",2,"162-20",2022,12,8,"Haul 2","sample"
"460","e02808-2-18S","Strombidium biarmatum","species",0,"e02808","18S",2,"162-20",2022,12,8,"Haul 2","sample"
"461","e02808-2-18S","Thaumatomonadida","order",0,"e02808","18S",2,"162-20",2022,12,8,"Haul 2","sample"
"462","e02808-2-18S","Tintinnidium cf. primitivum","species",0,"e02808","18S",2,"162-20",2022,12,8,"Haul 2","sample"
"463","e02808-2-18S","Tremellales","order",0,"e02808","18S",2,"162-20",2022,12,8,"Haul 2","sample"
"464","e02808-2-18S","Triparmaceae","family",0,"e02808","18S",2,"162-20",2022,12,8,"Haul 2","sample"
"465","e02808-2-18S",NA,NA,0,"e02808","18S",2,"162-20",2022,12,8,"Haul 2","sample"
"466","e02809-1-18S","Actinopteri","class",74,"e02809","18S",1,"162-29",2022,12,8,"Haul 3","sample"
"467","e02809-1-18S","Agaricales","order",0,"e02809","18S",1,"162-29",2022,12,8,"Haul 3","sample"
"468","e02809-1-18S","Agaricomycetes","class",927,"e02809","18S",1,"162-29",2022,12,8,"Haul 3","sample"
"469","e02809-1-18S","Amylocorticium cebennense","species",0,"e02809","18S",1,"162-29",2022,12,8,"Haul 3","sample"
"470","e02809-1-18S","Ascomycota","phylum",0,"e02809","18S",1,"162-29",2022,12,8,"Haul 3","sample"
"471","e02809-1-18S","Ascomycota/Basidiomycota","phylum",0,"e02809","18S",1,"162-29",2022,12,8,"Haul 3","sample"
"472","e02809-1-18S","Auranticordis quadriverberis","species",0,"e02809","18S",1,"162-29",2022,12,8,"Haul 3","sample"
"473","e02809-1-18S","Basidiomycota","phylum",51,"e02809","18S",1,"162-29",2022,12,8,"Haul 3","sample"
"474","e02809-1-18S","Cercozoa","phylum",0,"e02809","18S",1,"162-29",2022,12,8,"Haul 3","sample"
"475","e02809-1-18S","Chaetoceros","genus",0,"e02809","18S",1,"162-29",2022,12,8,"Haul 3","sample"
"476","e02809-1-18S","Coscinodiscophyceae","class",0,"e02809","18S",1,"162-29",2022,12,8,"Haul 3","sample"
"477","e02809-1-18S","Curvibasidium","genus",0,"e02809","18S",1,"162-29",2022,12,8,"Haul 3","sample"
"478","e02809-1-18S","Cyclotrichium cyclokaryon","species",0,"e02809","18S",1,"162-29",2022,12,8,"Haul 3","sample"
"479","e02809-1-18S","Cyranomonas australis","species",0,"e02809","18S",1,"162-29",2022,12,8,"Haul 3","sample"
"480","e02809-1-18S","Decapoda","order",14560.4121212121,"e02809","18S",1,"162-29",2022,12,8,"Haul 3","sample"
"481","e02809-1-18S","Dichomitus squalens","species",0,"e02809","18S",1,"162-29",2022,12,8,"Haul 3","sample"
"482","e02809-1-18S","Ebria tripartita","species",0,"e02809","18S",1,"162-29",2022,12,8,"Haul 3","sample"
"483","e02809-1-18S","Esquamula lacrimiformis","species",0,"e02809","18S",1,"162-29",2022,12,8,"Haul 3","sample"
"484","e02809-1-18S","Gastropoda","class",0,"e02809","18S",1,"162-29",2022,12,8,"Haul 3","sample"
"485","e02809-1-18S","Mamiellaceae","family",0,"e02809","18S",1,"162-29",2022,12,8,"Haul 3","sample"
"486","e02809-1-18S","Mammalia","class",60,"e02809","18S",1,"162-29",2022,12,8,"Haul 3","sample"
"487","e02809-1-18S","Mataza hastifera","species",0,"e02809","18S",1,"162-29",2022,12,8,"Haul 3","sample"
"488","e02809-1-18S","Pleurocybella porrigens","species",0,"e02809","18S",1,"162-29",2022,12,8,"Haul 3","sample"
"489","e02809-1-18S","Polychaeta","class",0,"e02809","18S",1,"162-29",2022,12,8,"Haul 3","sample"
"490","e02809-1-18S","Schizoporaceae","family",0,"e02809","18S",1,"162-29",2022,12,8,"Haul 3","sample"
"491","e02809-1-18S","Strombidium biarmatum","species",0,"e02809","18S",1,"162-29",2022,12,8,"Haul 3","sample"
"492","e02809-1-18S","Thaumatomonadida","order",0,"e02809","18S",1,"162-29",2022,12,8,"Haul 3","sample"
"493","e02809-1-18S","Tintinnidium cf. primitivum","species",0,"e02809","18S",1,"162-29",2022,12,8,"Haul 3","sample"
"494","e02809-1-18S","Tremellales","order",0,"e02809","18S",1,"162-29",2022,12,8,"Haul 3","sample"
"495","e02809-1-18S","Triparmaceae","family",0,"e02809","18S",1,"162-29",2022,12,8,"Haul 3","sample"
"496","e02809-1-18S",NA,NA,0,"e02809","18S",1,"162-29",2022,12,8,"Haul 3","sample"
"497","e02809-2-18S","Actinopteri","class",49,"e02809","18S",2,"162-29",2022,12,8,"Haul 3","sample"
"498","e02809-2-18S","Agaricales","order",0,"e02809","18S",2,"162-29",2022,12,8,"Haul 3","sample"
"499","e02809-2-18S","Agaricomycetes","class",0,"e02809","18S",2,"162-29",2022,12,8,"Haul 3","sample"
"500","e02809-2-18S","Amylocorticium cebennense","species",0,"e02809","18S",2,"162-29",2022,12,8,"Haul 3","sample"
"501","e02809-2-18S","Ascomycota","phylum",1613,"e02809","18S",2,"162-29",2022,12,8,"Haul 3","sample"
"502","e02809-2-18S","Ascomycota/Basidiomycota","phylum",0,"e02809","18S",2,"162-29",2022,12,8,"Haul 3","sample"
"503","e02809-2-18S","Auranticordis quadriverberis","species",0,"e02809","18S",2,"162-29",2022,12,8,"Haul 3","sample"
"504","e02809-2-18S","Basidiomycota","phylum",0,"e02809","18S",2,"162-29",2022,12,8,"Haul 3","sample"
"505","e02809-2-18S","Cercozoa","phylum",664,"e02809","18S",2,"162-29",2022,12,8,"Haul 3","sample"
"506","e02809-2-18S","Chaetoceros","genus",0,"e02809","18S",2,"162-29",2022,12,8,"Haul 3","sample"
"507","e02809-2-18S","Coscinodiscophyceae","class",0,"e02809","18S",2,"162-29",2022,12,8,"Haul 3","sample"
"508","e02809-2-18S","Curvibasidium","genus",0,"e02809","18S",2,"162-29",2022,12,8,"Haul 3","sample"
"509","e02809-2-18S","Cyclotrichium cyclokaryon","species",0,"e02809","18S",2,"162-29",2022,12,8,"Haul 3","sample"
"510","e02809-2-18S","Cyranomonas australis","species",0,"e02809","18S",2,"162-29",2022,12,8,"Haul 3","sample"
"511","e02809-2-18S","Decapoda","order",19740.2467532468,"e02809","18S",2,"162-29",2022,12,8,"Haul 3","sample"
"512","e02809-2-18S","Dichomitus squalens","species",0,"e02809","18S",2,"162-29",2022,12,8,"Haul 3","sample"
"513","e02809-2-18S","Ebria tripartita","species",0,"e02809","18S",2,"162-29",2022,12,8,"Haul 3","sample"
"514","e02809-2-18S","Esquamula lacrimiformis","species",0,"e02809","18S",2,"162-29",2022,12,8,"Haul 3","sample"
"515","e02809-2-18S","Gastropoda","class",0,"e02809","18S",2,"162-29",2022,12,8,"Haul 3","sample"
"516","e02809-2-18S","Mamiellaceae","family",0,"e02809","18S",2,"162-29",2022,12,8,"Haul 3","sample"
"517","e02809-2-18S","Mammalia","class",0,"e02809","18S",2,"162-29",2022,12,8,"Haul 3","sample"
"518","e02809-2-18S","Mataza hastifera","species",0,"e02809","18S",2,"162-29",2022,12,8,"Haul 3","sample"
"519","e02809-2-18S","Pleurocybella porrigens","species",0,"e02809","18S",2,"162-29",2022,12,8,"Haul 3","sample"
"520","e02809-2-18S","Polychaeta","class",0,"e02809","18S",2,"162-29",2022,12,8,"Haul 3","sample"
"521","e02809-2-18S","Schizoporaceae","family",0,"e02809","18S",2,"162-29",2022,12,8,"Haul 3","sample"
"522","e02809-2-18S","Strombidium biarmatum","species",0,"e02809","18S",2,"162-29",2022,12,8,"Haul 3","sample"
"523","e02809-2-18S","Thaumatomonadida","order",0,"e02809","18S",2,"162-29",2022,12,8,"Haul 3","sample"
"524","e02809-2-18S","Tintinnidium cf. primitivum","species",0,"e02809","18S",2,"162-29",2022,12,8,"Haul 3","sample"
"525","e02809-2-18S","Tremellales","order",0,"e02809","18S",2,"162-29",2022,12,8,"Haul 3","sample"
"526","e02809-2-18S","Triparmaceae","family",0,"e02809","18S",2,"162-29",2022,12,8,"Haul 3","sample"
"527","e02809-2-18S",NA,NA,0,"e02809","18S",2,"162-29",2022,12,8,"Haul 3","sample"
"528","e02810-1-18S","Actinopteri","class",24,"e02810","18S",1,"162-18",2022,12,8,"Haul 2","sample"
"529","e02810-1-18S","Agaricales","order",0,"e02810","18S",1,"162-18",2022,12,8,"Haul 2","sample"
"530","e02810-1-18S","Agaricomycetes","class",4049,"e02810","18S",1,"162-18",2022,12,8,"Haul 2","sample"
"531","e02810-1-18S","Amylocorticium cebennense","species",0,"e02810","18S",1,"162-18",2022,12,8,"Haul 2","sample"
"532","e02810-1-18S","Ascomycota","phylum",0,"e02810","18S",1,"162-18",2022,12,8,"Haul 2","sample"
"533","e02810-1-18S","Ascomycota/Basidiomycota","phylum",0,"e02810","18S",1,"162-18",2022,12,8,"Haul 2","sample"
"534","e02810-1-18S","Auranticordis quadriverberis","species",0,"e02810","18S",1,"162-18",2022,12,8,"Haul 2","sample"
"535","e02810-1-18S","Basidiomycota","phylum",0,"e02810","18S",1,"162-18",2022,12,8,"Haul 2","sample"
"536","e02810-1-18S","Cercozoa","phylum",0,"e02810","18S",1,"162-18",2022,12,8,"Haul 2","sample"
"537","e02810-1-18S","Chaetoceros","genus",7.91880094124066,"e02810","18S",1,"162-18",2022,12,8,"Haul 2","sample"
"538","e02810-1-18S","Coscinodiscophyceae","class",0,"e02810","18S",1,"162-18",2022,12,8,"Haul 2","sample"
"539","e02810-1-18S","Curvibasidium","genus",0,"e02810","18S",1,"162-18",2022,12,8,"Haul 2","sample"
"540","e02810-1-18S","Cyclotrichium cyclokaryon","species",0,"e02810","18S",1,"162-18",2022,12,8,"Haul 2","sample"
"541","e02810-1-18S","Cyranomonas australis","species",0,"e02810","18S",1,"162-18",2022,12,8,"Haul 2","sample"
"542","e02810-1-18S","Decapoda","order",3459.45743145743,"e02810","18S",1,"162-18",2022,12,8,"Haul 2","sample"
"543","e02810-1-18S","Dichomitus squalens","species",0,"e02810","18S",1,"162-18",2022,12,8,"Haul 2","sample"
"544","e02810-1-18S","Ebria tripartita","species",0,"e02810","18S",1,"162-18",2022,12,8,"Haul 2","sample"
"545","e02810-1-18S","Esquamula lacrimiformis","species",0,"e02810","18S",1,"162-18",2022,12,8,"Haul 2","sample"
"546","e02810-1-18S","Gastropoda","class",0,"e02810","18S",1,"162-18",2022,12,8,"Haul 2","sample"
"547","e02810-1-18S","Mamiellaceae","family",0,"e02810","18S",1,"162-18",2022,12,8,"Haul 2","sample"
"548","e02810-1-18S","Mammalia","class",264,"e02810","18S",1,"162-18",2022,12,8,"Haul 2","sample"
"549","e02810-1-18S","Mataza hastifera","species",0,"e02810","18S",1,"162-18",2022,12,8,"Haul 2","sample"
"550","e02810-1-18S","Pleurocybella porrigens","species",0,"e02810","18S",1,"162-18",2022,12,8,"Haul 2","sample"
"551","e02810-1-18S","Polychaeta","class",0,"e02810","18S",1,"162-18",2022,12,8,"Haul 2","sample"
"552","e02810-1-18S","Schizoporaceae","family",0,"e02810","18S",1,"162-18",2022,12,8,"Haul 2","sample"
"553","e02810-1-18S","Strombidium biarmatum","species",0,"e02810","18S",1,"162-18",2022,12,8,"Haul 2","sample"
"554","e02810-1-18S","Thaumatomonadida","order",0,"e02810","18S",1,"162-18",2022,12,8,"Haul 2","sample"
"555","e02810-1-18S","Tintinnidium cf. primitivum","species",0,"e02810","18S",1,"162-18",2022,12,8,"Haul 2","sample"
"556","e02810-1-18S","Tremellales","order",0,"e02810","18S",1,"162-18",2022,12,8,"Haul 2","sample"
"557","e02810-1-18S","Triparmaceae","family",0,"e02810","18S",1,"162-18",2022,12,8,"Haul 2","sample"
"558","e02810-1-18S",NA,NA,60,"e02810","18S",1,"162-18",2022,12,8,"Haul 2","sample"
"559","e02810-2-18S","Actinopteri","class",0,"e02810","18S",2,"162-18",2022,12,8,"Haul 2","sample"
"560","e02810-2-18S","Agaricales","order",0,"e02810","18S",2,"162-18",2022,12,8,"Haul 2","sample"
"561","e02810-2-18S","Agaricomycetes","class",71,"e02810","18S",2,"162-18",2022,12,8,"Haul 2","sample"
"562","e02810-2-18S","Amylocorticium cebennense","species",0,"e02810","18S",2,"162-18",2022,12,8,"Haul 2","sample"
"563","e02810-2-18S","Ascomycota","phylum",0,"e02810","18S",2,"162-18",2022,12,8,"Haul 2","sample"
"564","e02810-2-18S","Ascomycota/Basidiomycota","phylum",0,"e02810","18S",2,"162-18",2022,12,8,"Haul 2","sample"
"565","e02810-2-18S","Auranticordis quadriverberis","species",0,"e02810","18S",2,"162-18",2022,12,8,"Haul 2","sample"
"566","e02810-2-18S","Basidiomycota","phylum",2239,"e02810","18S",2,"162-18",2022,12,8,"Haul 2","sample"
"567","e02810-2-18S","Cercozoa","phylum",0,"e02810","18S",2,"162-18",2022,12,8,"Haul 2","sample"
"568","e02810-2-18S","Chaetoceros","genus",0,"e02810","18S",2,"162-18",2022,12,8,"Haul 2","sample"
"569","e02810-2-18S","Coscinodiscophyceae","class",0,"e02810","18S",2,"162-18",2022,12,8,"Haul 2","sample"
"570","e02810-2-18S","Curvibasidium","genus",0,"e02810","18S",2,"162-18",2022,12,8,"Haul 2","sample"
"571","e02810-2-18S","Cyclotrichium cyclokaryon","species",0,"e02810","18S",2,"162-18",2022,12,8,"Haul 2","sample"
"572","e02810-2-18S","Cyranomonas australis","species",0,"e02810","18S",2,"162-18",2022,12,8,"Haul 2","sample"
"573","e02810-2-18S","Decapoda","order",26084.9688311688,"e02810","18S",2,"162-18",2022,12,8,"Haul 2","sample"
"574","e02810-2-18S","Dichomitus squalens","species",0,"e02810","18S",2,"162-18",2022,12,8,"Haul 2","sample"
"575","e02810-2-18S","Ebria tripartita","species",0,"e02810","18S",2,"162-18",2022,12,8,"Haul 2","sample"
"576","e02810-2-18S","Esquamula lacrimiformis","species",0,"e02810","18S",2,"162-18",2022,12,8,"Haul 2","sample"
"577","e02810-2-18S","Gastropoda","class",0,"e02810","18S",2,"162-18",2022,12,8,"Haul 2","sample"
"578","e02810-2-18S","Mamiellaceae","family",0,"e02810","18S",2,"162-18",2022,12,8,"Haul 2","sample"
"579","e02810-2-18S","Mammalia","class",2823,"e02810","18S",2,"162-18",2022,12,8,"Haul 2","sample"
"580","e02810-2-18S","Mataza hastifera","species",0,"e02810","18S",2,"162-18",2022,12,8,"Haul 2","sample"
"581","e02810-2-18S","Pleurocybella porrigens","species",0,"e02810","18S",2,"162-18",2022,12,8,"Haul 2","sample"
"582","e02810-2-18S","Polychaeta","class",0,"e02810","18S",2,"162-18",2022,12,8,"Haul 2","sample"
"583","e02810-2-18S","Schizoporaceae","family",0,"e02810","18S",2,"162-18",2022,12,8,"Haul 2","sample"
"584","e02810-2-18S","Strombidium biarmatum","species",0,"e02810","18S",2,"162-18",2022,12,8,"Haul 2","sample"
"585","e02810-2-18S","Thaumatomonadida","order",0,"e02810","18S",2,"162-18",2022,12,8,"Haul 2","sample"
"586","e02810-2-18S","Tintinnidium cf. primitivum","species",0,"e02810","18S",2,"162-18",2022,12,8,"Haul 2","sample"
"587","e02810-2-18S","Tremellales","order",0,"e02810","18S",2,"162-18",2022,12,8,"Haul 2","sample"
"588","e02810-2-18S","Triparmaceae","family",0,"e02810","18S",2,"162-18",2022,12,8,"Haul 2","sample"
"589","e02810-2-18S",NA,NA,0,"e02810","18S",2,"162-18",2022,12,8,"Haul 2","sample"
"590","e02811-1-18S","Actinopteri","class",0,"e02811","18S",1,"162-4",2022,12,8,"Haul 1","sample"
"591","e02811-1-18S","Agaricales","order",0,"e02811","18S",1,"162-4",2022,12,8,"Haul 1","sample"
"592","e02811-1-18S","Agaricomycetes","class",52,"e02811","18S",1,"162-4",2022,12,8,"Haul 1","sample"
"593","e02811-1-18S","Amylocorticium cebennense","species",0,"e02811","18S",1,"162-4",2022,12,8,"Haul 1","sample"
"594","e02811-1-18S","Ascomycota","phylum",0,"e02811","18S",1,"162-4",2022,12,8,"Haul 1","sample"
"595","e02811-1-18S","Ascomycota/Basidiomycota","phylum",0,"e02811","18S",1,"162-4",2022,12,8,"Haul 1","sample"
"596","e02811-1-18S","Auranticordis quadriverberis","species",741,"e02811","18S",1,"162-4",2022,12,8,"Haul 1","sample"
"597","e02811-1-18S","Basidiomycota","phylum",0,"e02811","18S",1,"162-4",2022,12,8,"Haul 1","sample"
"598","e02811-1-18S","Cercozoa","phylum",1585,"e02811","18S",1,"162-4",2022,12,8,"Haul 1","sample"
"599","e02811-1-18S","Chaetoceros","genus",3956.13927633598,"e02811","18S",1,"162-4",2022,12,8,"Haul 1","sample"
"600","e02811-1-18S","Coscinodiscophyceae","class",281,"e02811","18S",1,"162-4",2022,12,8,"Haul 1","sample"
"601","e02811-1-18S","Curvibasidium","genus",0,"e02811","18S",1,"162-4",2022,12,8,"Haul 1","sample"
"602","e02811-1-18S","Cyclotrichium cyclokaryon","species",1359,"e02811","18S",1,"162-4",2022,12,8,"Haul 1","sample"
"603","e02811-1-18S","Cyranomonas australis","species",0,"e02811","18S",1,"162-4",2022,12,8,"Haul 1","sample"
"604","e02811-1-18S","Decapoda","order",8665.69639249639,"e02811","18S",1,"162-4",2022,12,8,"Haul 1","sample"
"605","e02811-1-18S","Dichomitus squalens","species",1594,"e02811","18S",1,"162-4",2022,12,8,"Haul 1","sample"
"606","e02811-1-18S","Ebria tripartita","species",127,"e02811","18S",1,"162-4",2022,12,8,"Haul 1","sample"
"607","e02811-1-18S","Esquamula lacrimiformis","species",2639,"e02811","18S",1,"162-4",2022,12,8,"Haul 1","sample"
"608","e02811-1-18S","Gastropoda","class",0,"e02811","18S",1,"162-4",2022,12,8,"Haul 1","sample"
"609","e02811-1-18S","Mamiellaceae","family",0,"e02811","18S",1,"162-4",2022,12,8,"Haul 1","sample"
"610","e02811-1-18S","Mammalia","class",4,"e02811","18S",1,"162-4",2022,12,8,"Haul 1","sample"
"611","e02811-1-18S","Mataza hastifera","species",318,"e02811","18S",1,"162-4",2022,12,8,"Haul 1","sample"
"612","e02811-1-18S","Pleurocybella porrigens","species",0,"e02811","18S",1,"162-4",2022,12,8,"Haul 1","sample"
"613","e02811-1-18S","Polychaeta","class",0,"e02811","18S",1,"162-4",2022,12,8,"Haul 1","sample"
"614","e02811-1-18S","Schizoporaceae","family",0,"e02811","18S",1,"162-4",2022,12,8,"Haul 1","sample"
"615","e02811-1-18S","Strombidium biarmatum","species",1674,"e02811","18S",1,"162-4",2022,12,8,"Haul 1","sample"
"616","e02811-1-18S","Thaumatomonadida","order",549,"e02811","18S",1,"162-4",2022,12,8,"Haul 1","sample"
"617","e02811-1-18S","Tintinnidium cf. primitivum","species",0,"e02811","18S",1,"162-4",2022,12,8,"Haul 1","sample"
"618","e02811-1-18S","Tremellales","order",0,"e02811","18S",1,"162-4",2022,12,8,"Haul 1","sample"
"619","e02811-1-18S","Triparmaceae","family",18,"e02811","18S",1,"162-4",2022,12,8,"Haul 1","sample"
"620","e02811-1-18S",NA,NA,3061,"e02811","18S",1,"162-4",2022,12,8,"Haul 1","sample"
"621","e02811-2-18S","Actinopteri","class",15,"e02811","18S",2,"162-4",2022,12,8,"Haul 1","sample"
"622","e02811-2-18S","Agaricales","order",0,"e02811","18S",2,"162-4",2022,12,8,"Haul 1","sample"
"623","e02811-2-18S","Agaricomycetes","class",2,"e02811","18S",2,"162-4",2022,12,8,"Haul 1","sample"
"624","e02811-2-18S","Amylocorticium cebennense","species",7,"e02811","18S",2,"162-4",2022,12,8,"Haul 1","sample"
"625","e02811-2-18S","Ascomycota","phylum",0,"e02811","18S",2,"162-4",2022,12,8,"Haul 1","sample"
"626","e02811-2-18S","Ascomycota/Basidiomycota","phylum",0,"e02811","18S",2,"162-4",2022,12,8,"Haul 1","sample"
"627","e02811-2-18S","Auranticordis quadriverberis","species",557,"e02811","18S",2,"162-4",2022,12,8,"Haul 1","sample"
"628","e02811-2-18S","Basidiomycota","phylum",28,"e02811","18S",2,"162-4",2022,12,8,"Haul 1","sample"
"629","e02811-2-18S","Cercozoa","phylum",1008,"e02811","18S",2,"162-4",2022,12,8,"Haul 1","sample"
"630","e02811-2-18S","Chaetoceros","genus",3189.16031783924,"e02811","18S",2,"162-4",2022,12,8,"Haul 1","sample"
"631","e02811-2-18S","Coscinodiscophyceae","class",164,"e02811","18S",2,"162-4",2022,12,8,"Haul 1","sample"
"632","e02811-2-18S","Curvibasidium","genus",0,"e02811","18S",2,"162-4",2022,12,8,"Haul 1","sample"
"633","e02811-2-18S","Cyclotrichium cyclokaryon","species",882,"e02811","18S",2,"162-4",2022,12,8,"Haul 1","sample"
"634","e02811-2-18S","Cyranomonas australis","species",0,"e02811","18S",2,"162-4",2022,12,8,"Haul 1","sample"
"635","e02811-2-18S","Decapoda","order",6551.01673881674,"e02811","18S",2,"162-4",2022,12,8,"Haul 1","sample"
"636","e02811-2-18S","Dichomitus squalens","species",1179,"e02811","18S",2,"162-4",2022,12,8,"Haul 1","sample"
"637","e02811-2-18S","Ebria tripartita","species",26,"e02811","18S",2,"162-4",2022,12,8,"Haul 1","sample"
"638","e02811-2-18S","Esquamula lacrimiformis","species",1822,"e02811","18S",2,"162-4",2022,12,8,"Haul 1","sample"
"639","e02811-2-18S","Gastropoda","class",0,"e02811","18S",2,"162-4",2022,12,8,"Haul 1","sample"
"640","e02811-2-18S","Mamiellaceae","family",12,"e02811","18S",2,"162-4",2022,12,8,"Haul 1","sample"
"641","e02811-2-18S","Mammalia","class",0,"e02811","18S",2,"162-4",2022,12,8,"Haul 1","sample"
"642","e02811-2-18S","Mataza hastifera","species",178,"e02811","18S",2,"162-4",2022,12,8,"Haul 1","sample"
"643","e02811-2-18S","Pleurocybella porrigens","species",0,"e02811","18S",2,"162-4",2022,12,8,"Haul 1","sample"
"644","e02811-2-18S","Polychaeta","class",0,"e02811","18S",2,"162-4",2022,12,8,"Haul 1","sample"
"645","e02811-2-18S","Schizoporaceae","family",0,"e02811","18S",2,"162-4",2022,12,8,"Haul 1","sample"
"646","e02811-2-18S","Strombidium biarmatum","species",1135,"e02811","18S",2,"162-4",2022,12,8,"Haul 1","sample"
"647","e02811-2-18S","Thaumatomonadida","order",431,"e02811","18S",2,"162-4",2022,12,8,"Haul 1","sample"
"648","e02811-2-18S","Tintinnidium cf. primitivum","species",0,"e02811","18S",2,"162-4",2022,12,8,"Haul 1","sample"
"649","e02811-2-18S","Tremellales","order",0,"e02811","18S",2,"162-4",2022,12,8,"Haul 1","sample"
"650","e02811-2-18S","Triparmaceae","family",12,"e02811","18S",2,"162-4",2022,12,8,"Haul 1","sample"
"651","e02811-2-18S",NA,NA,2390,"e02811","18S",2,"162-4",2022,12,8,"Haul 1","sample"
"652","e02812-1-18S","Actinopteri","class",0,"e02812","18S",1,"162-16",2022,12,14,"Haul 2","sample"
"653","e02812-1-18S","Agaricales","order",0,"e02812","18S",1,"162-16",2022,12,14,"Haul 2","sample"
"654","e02812-1-18S","Agaricomycetes","class",0,"e02812","18S",1,"162-16",2022,12,14,"Haul 2","sample"
"655","e02812-1-18S","Amylocorticium cebennense","species",0,"e02812","18S",1,"162-16",2022,12,14,"Haul 2","sample"
"656","e02812-1-18S","Ascomycota","phylum",0,"e02812","18S",1,"162-16",2022,12,14,"Haul 2","sample"
"657","e02812-1-18S","Ascomycota/Basidiomycota","phylum",0,"e02812","18S",1,"162-16",2022,12,14,"Haul 2","sample"
"658","e02812-1-18S","Auranticordis quadriverberis","species",0,"e02812","18S",1,"162-16",2022,12,14,"Haul 2","sample"
"659","e02812-1-18S","Basidiomycota","phylum",0,"e02812","18S",1,"162-16",2022,12,14,"Haul 2","sample"
"660","e02812-1-18S","Cercozoa","phylum",0,"e02812","18S",1,"162-16",2022,12,14,"Haul 2","sample"
"661","e02812-1-18S","Chaetoceros","genus",37.5276404187839,"e02812","18S",1,"162-16",2022,12,14,"Haul 2","sample"
"662","e02812-1-18S","Coscinodiscophyceae","class",0,"e02812","18S",1,"162-16",2022,12,14,"Haul 2","sample"
"663","e02812-1-18S","Curvibasidium","genus",0,"e02812","18S",1,"162-16",2022,12,14,"Haul 2","sample"
"664","e02812-1-18S","Cyclotrichium cyclokaryon","species",0,"e02812","18S",1,"162-16",2022,12,14,"Haul 2","sample"
"665","e02812-1-18S","Cyranomonas australis","species",0,"e02812","18S",1,"162-16",2022,12,14,"Haul 2","sample"
"666","e02812-1-18S","Decapoda","order",25264.3396825397,"e02812","18S",1,"162-16",2022,12,14,"Haul 2","sample"
"667","e02812-1-18S","Dichomitus squalens","species",6,"e02812","18S",1,"162-16",2022,12,14,"Haul 2","sample"
"668","e02812-1-18S","Ebria tripartita","species",0,"e02812","18S",1,"162-16",2022,12,14,"Haul 2","sample"
"669","e02812-1-18S","Esquamula lacrimiformis","species",19,"e02812","18S",1,"162-16",2022,12,14,"Haul 2","sample"
"670","e02812-1-18S","Gastropoda","class",0,"e02812","18S",1,"162-16",2022,12,14,"Haul 2","sample"
"671","e02812-1-18S","Mamiellaceae","family",3,"e02812","18S",1,"162-16",2022,12,14,"Haul 2","sample"
"672","e02812-1-18S","Mammalia","class",0,"e02812","18S",1,"162-16",2022,12,14,"Haul 2","sample"
"673","e02812-1-18S","Mataza hastifera","species",0,"e02812","18S",1,"162-16",2022,12,14,"Haul 2","sample"
"674","e02812-1-18S","Pleurocybella porrigens","species",0,"e02812","18S",1,"162-16",2022,12,14,"Haul 2","sample"
"675","e02812-1-18S","Polychaeta","class",0,"e02812","18S",1,"162-16",2022,12,14,"Haul 2","sample"
"676","e02812-1-18S","Schizoporaceae","family",0,"e02812","18S",1,"162-16",2022,12,14,"Haul 2","sample"
"677","e02812-1-18S","Strombidium biarmatum","species",0,"e02812","18S",1,"162-16",2022,12,14,"Haul 2","sample"
"678","e02812-1-18S","Thaumatomonadida","order",6,"e02812","18S",1,"162-16",2022,12,14,"Haul 2","sample"
"679","e02812-1-18S","Tintinnidium cf. primitivum","species",0,"e02812","18S",1,"162-16",2022,12,14,"Haul 2","sample"
"680","e02812-1-18S","Tremellales","order",0,"e02812","18S",1,"162-16",2022,12,14,"Haul 2","sample"
"681","e02812-1-18S","Triparmaceae","family",0,"e02812","18S",1,"162-16",2022,12,14,"Haul 2","sample"
"682","e02812-1-18S",NA,NA,25,"e02812","18S",1,"162-16",2022,12,14,"Haul 2","sample"
"683","e02812-2-18S","Actinopteri","class",0,"e02812","18S",2,"162-16",2022,12,14,"Haul 2","sample"
"684","e02812-2-18S","Agaricales","order",0,"e02812","18S",2,"162-16",2022,12,14,"Haul 2","sample"
"685","e02812-2-18S","Agaricomycetes","class",0,"e02812","18S",2,"162-16",2022,12,14,"Haul 2","sample"
"686","e02812-2-18S","Amylocorticium cebennense","species",0,"e02812","18S",2,"162-16",2022,12,14,"Haul 2","sample"
"687","e02812-2-18S","Ascomycota","phylum",0,"e02812","18S",2,"162-16",2022,12,14,"Haul 2","sample"
"688","e02812-2-18S","Ascomycota/Basidiomycota","phylum",0,"e02812","18S",2,"162-16",2022,12,14,"Haul 2","sample"
"689","e02812-2-18S","Auranticordis quadriverberis","species",0,"e02812","18S",2,"162-16",2022,12,14,"Haul 2","sample"
"690","e02812-2-18S","Basidiomycota","phylum",0,"e02812","18S",2,"162-16",2022,12,14,"Haul 2","sample"
"691","e02812-2-18S","Cercozoa","phylum",0,"e02812","18S",2,"162-16",2022,12,14,"Haul 2","sample"
"692","e02812-2-18S","Chaetoceros","genus",52.5877979742864,"e02812","18S",2,"162-16",2022,12,14,"Haul 2","sample"
"693","e02812-2-18S","Coscinodiscophyceae","class",0,"e02812","18S",2,"162-16",2022,12,14,"Haul 2","sample"
"694","e02812-2-18S","Curvibasidium","genus",0,"e02812","18S",2,"162-16",2022,12,14,"Haul 2","sample"
"695","e02812-2-18S","Cyclotrichium cyclokaryon","species",0,"e02812","18S",2,"162-16",2022,12,14,"Haul 2","sample"
"696","e02812-2-18S","Cyranomonas australis","species",0,"e02812","18S",2,"162-16",2022,12,14,"Haul 2","sample"
"697","e02812-2-18S","Decapoda","order",24756.5942279942,"e02812","18S",2,"162-16",2022,12,14,"Haul 2","sample"
"698","e02812-2-18S","Dichomitus squalens","species",17,"e02812","18S",2,"162-16",2022,12,14,"Haul 2","sample"
"699","e02812-2-18S","Ebria tripartita","species",0,"e02812","18S",2,"162-16",2022,12,14,"Haul 2","sample"
"700","e02812-2-18S","Esquamula lacrimiformis","species",0,"e02812","18S",2,"162-16",2022,12,14,"Haul 2","sample"
"701","e02812-2-18S","Gastropoda","class",0,"e02812","18S",2,"162-16",2022,12,14,"Haul 2","sample"
"702","e02812-2-18S","Mamiellaceae","family",6,"e02812","18S",2,"162-16",2022,12,14,"Haul 2","sample"
"703","e02812-2-18S","Mammalia","class",0,"e02812","18S",2,"162-16",2022,12,14,"Haul 2","sample"
"704","e02812-2-18S","Mataza hastifera","species",0,"e02812","18S",2,"162-16",2022,12,14,"Haul 2","sample"
"705","e02812-2-18S","Pleurocybella porrigens","species",0,"e02812","18S",2,"162-16",2022,12,14,"Haul 2","sample"
"706","e02812-2-18S","Polychaeta","class",0,"e02812","18S",2,"162-16",2022,12,14,"Haul 2","sample"
"707","e02812-2-18S","Schizoporaceae","family",0,"e02812","18S",2,"162-16",2022,12,14,"Haul 2","sample"
"708","e02812-2-18S","Strombidium biarmatum","species",0,"e02812","18S",2,"162-16",2022,12,14,"Haul 2","sample"
"709","e02812-2-18S","Thaumatomonadida","order",0,"e02812","18S",2,"162-16",2022,12,14,"Haul 2","sample"
"710","e02812-2-18S","Tintinnidium cf. primitivum","species",0,"e02812","18S",2,"162-16",2022,12,14,"Haul 2","sample"
"711","e02812-2-18S","Tremellales","order",0,"e02812","18S",2,"162-16",2022,12,14,"Haul 2","sample"
"712","e02812-2-18S","Triparmaceae","family",0,"e02812","18S",2,"162-16",2022,12,14,"Haul 2","sample"
"713","e02812-2-18S",NA,NA,51,"e02812","18S",2,"162-16",2022,12,14,"Haul 2","sample"
"714","e02813-1-18S","Actinopteri","class",0,"e02813","18S",1,"162-26",2022,12,14,"Haul 3","sample"
"715","e02813-1-18S","Agaricales","order",0,"e02813","18S",1,"162-26",2022,12,14,"Haul 3","sample"
"716","e02813-1-18S","Agaricomycetes","class",825,"e02813","18S",1,"162-26",2022,12,14,"Haul 3","sample"
"717","e02813-1-18S","Amylocorticium cebennense","species",645,"e02813","18S",1,"162-26",2022,12,14,"Haul 3","sample"
"718","e02813-1-18S","Ascomycota","phylum",932,"e02813","18S",1,"162-26",2022,12,14,"Haul 3","sample"
"719","e02813-1-18S","Ascomycota/Basidiomycota","phylum",0,"e02813","18S",1,"162-26",2022,12,14,"Haul 3","sample"
"720","e02813-1-18S","Auranticordis quadriverberis","species",0,"e02813","18S",1,"162-26",2022,12,14,"Haul 3","sample"
"721","e02813-1-18S","Basidiomycota","phylum",0,"e02813","18S",1,"162-26",2022,12,14,"Haul 3","sample"
"722","e02813-1-18S","Cercozoa","phylum",0,"e02813","18S",1,"162-26",2022,12,14,"Haul 3","sample"
"723","e02813-1-18S","Chaetoceros","genus",1809.53500665007,"e02813","18S",1,"162-26",2022,12,14,"Haul 3","sample"
"724","e02813-1-18S","Coscinodiscophyceae","class",0,"e02813","18S",1,"162-26",2022,12,14,"Haul 3","sample"
"725","e02813-1-18S","Curvibasidium","genus",0,"e02813","18S",1,"162-26",2022,12,14,"Haul 3","sample"
"726","e02813-1-18S","Cyclotrichium cyclokaryon","species",0,"e02813","18S",1,"162-26",2022,12,14,"Haul 3","sample"
"727","e02813-1-18S","Cyranomonas australis","species",28,"e02813","18S",1,"162-26",2022,12,14,"Haul 3","sample"
"728","e02813-1-18S","Decapoda","order",8179.37085137085,"e02813","18S",1,"162-26",2022,12,14,"Haul 3","sample"
"729","e02813-1-18S","Dichomitus squalens","species",688,"e02813","18S",1,"162-26",2022,12,14,"Haul 3","sample"
"730","e02813-1-18S","Ebria tripartita","species",0,"e02813","18S",1,"162-26",2022,12,14,"Haul 3","sample"
"731","e02813-1-18S","Esquamula lacrimiformis","species",155,"e02813","18S",1,"162-26",2022,12,14,"Haul 3","sample"
"732","e02813-1-18S","Gastropoda","class",0,"e02813","18S",1,"162-26",2022,12,14,"Haul 3","sample"
"733","e02813-1-18S","Mamiellaceae","family",4720,"e02813","18S",1,"162-26",2022,12,14,"Haul 3","sample"
"734","e02813-1-18S","Mammalia","class",139,"e02813","18S",1,"162-26",2022,12,14,"Haul 3","sample"
"735","e02813-1-18S","Mataza hastifera","species",0,"e02813","18S",1,"162-26",2022,12,14,"Haul 3","sample"
"736","e02813-1-18S","Pleurocybella porrigens","species",0,"e02813","18S",1,"162-26",2022,12,14,"Haul 3","sample"
"737","e02813-1-18S","Polychaeta","class",5877,"e02813","18S",1,"162-26",2022,12,14,"Haul 3","sample"
"738","e02813-1-18S","Schizoporaceae","family",0,"e02813","18S",1,"162-26",2022,12,14,"Haul 3","sample"
"739","e02813-1-18S","Strombidium biarmatum","species",0,"e02813","18S",1,"162-26",2022,12,14,"Haul 3","sample"
"740","e02813-1-18S","Thaumatomonadida","order",0,"e02813","18S",1,"162-26",2022,12,14,"Haul 3","sample"
"741","e02813-1-18S","Tintinnidium cf. primitivum","species",0,"e02813","18S",1,"162-26",2022,12,14,"Haul 3","sample"
"742","e02813-1-18S","Tremellales","order",0,"e02813","18S",1,"162-26",2022,12,14,"Haul 3","sample"
"743","e02813-1-18S","Triparmaceae","family",0,"e02813","18S",1,"162-26",2022,12,14,"Haul 3","sample"
"744","e02813-1-18S",NA,NA,0,"e02813","18S",1,"162-26",2022,12,14,"Haul 3","sample"
"745","e02813-2-18S","Actinopteri","class",0,"e02813","18S",2,"162-26",2022,12,14,"Haul 3","sample"
"746","e02813-2-18S","Agaricales","order",0,"e02813","18S",2,"162-26",2022,12,14,"Haul 3","sample"
"747","e02813-2-18S","Agaricomycetes","class",19,"e02813","18S",2,"162-26",2022,12,14,"Haul 3","sample"
"748","e02813-2-18S","Amylocorticium cebennense","species",0,"e02813","18S",2,"162-26",2022,12,14,"Haul 3","sample"
"749","e02813-2-18S","Ascomycota","phylum",34,"e02813","18S",2,"162-26",2022,12,14,"Haul 3","sample"
"750","e02813-2-18S","Ascomycota/Basidiomycota","phylum",0,"e02813","18S",2,"162-26",2022,12,14,"Haul 3","sample"
"751","e02813-2-18S","Auranticordis quadriverberis","species",0,"e02813","18S",2,"162-26",2022,12,14,"Haul 3","sample"
"752","e02813-2-18S","Basidiomycota","phylum",0,"e02813","18S",2,"162-26",2022,12,14,"Haul 3","sample"
"753","e02813-2-18S","Cercozoa","phylum",0,"e02813","18S",2,"162-26",2022,12,14,"Haul 3","sample"
"754","e02813-2-18S","Chaetoceros","genus",679.328956791597,"e02813","18S",2,"162-26",2022,12,14,"Haul 3","sample"
"755","e02813-2-18S","Coscinodiscophyceae","class",0,"e02813","18S",2,"162-26",2022,12,14,"Haul 3","sample"
"756","e02813-2-18S","Curvibasidium","genus",0,"e02813","18S",2,"162-26",2022,12,14,"Haul 3","sample"
"757","e02813-2-18S","Cyclotrichium cyclokaryon","species",0,"e02813","18S",2,"162-26",2022,12,14,"Haul 3","sample"
"758","e02813-2-18S","Cyranomonas australis","species",0,"e02813","18S",2,"162-26",2022,12,14,"Haul 3","sample"
"759","e02813-2-18S","Decapoda","order",2726.96161616162,"e02813","18S",2,"162-26",2022,12,14,"Haul 3","sample"
"760","e02813-2-18S","Dichomitus squalens","species",1681,"e02813","18S",2,"162-26",2022,12,14,"Haul 3","sample"
"761","e02813-2-18S","Ebria tripartita","species",0,"e02813","18S",2,"162-26",2022,12,14,"Haul 3","sample"
"762","e02813-2-18S","Esquamula lacrimiformis","species",0,"e02813","18S",2,"162-26",2022,12,14,"Haul 3","sample"
"763","e02813-2-18S","Gastropoda","class",0,"e02813","18S",2,"162-26",2022,12,14,"Haul 3","sample"
"764","e02813-2-18S","Mamiellaceae","family",120,"e02813","18S",2,"162-26",2022,12,14,"Haul 3","sample"
"765","e02813-2-18S","Mammalia","class",0,"e02813","18S",2,"162-26",2022,12,14,"Haul 3","sample"
"766","e02813-2-18S","Mataza hastifera","species",0,"e02813","18S",2,"162-26",2022,12,14,"Haul 3","sample"
"767","e02813-2-18S","Pleurocybella porrigens","species",0,"e02813","18S",2,"162-26",2022,12,14,"Haul 3","sample"
"768","e02813-2-18S","Polychaeta","class",5970,"e02813","18S",2,"162-26",2022,12,14,"Haul 3","sample"
"769","e02813-2-18S","Schizoporaceae","family",0,"e02813","18S",2,"162-26",2022,12,14,"Haul 3","sample"
"770","e02813-2-18S","Strombidium biarmatum","species",0,"e02813","18S",2,"162-26",2022,12,14,"Haul 3","sample"
"771","e02813-2-18S","Thaumatomonadida","order",360,"e02813","18S",2,"162-26",2022,12,14,"Haul 3","sample"
"772","e02813-2-18S","Tintinnidium cf. primitivum","species",0,"e02813","18S",2,"162-26",2022,12,14,"Haul 3","sample"
"773","e02813-2-18S","Tremellales","order",0,"e02813","18S",2,"162-26",2022,12,14,"Haul 3","sample"
"774","e02813-2-18S","Triparmaceae","family",0,"e02813","18S",2,"162-26",2022,12,14,"Haul 3","sample"
"775","e02813-2-18S",NA,NA,0,"e02813","18S",2,"162-26",2022,12,14,"Haul 3","sample"
"776","e02814-1-18S","Actinopteri","class",0,"e02814","18S",1,"162-53",2022,12,14,"Haul 21","sample"
"777","e02814-1-18S","Agaricales","order",526,"e02814","18S",1,"162-53",2022,12,14,"Haul 21","sample"
"778","e02814-1-18S","Agaricomycetes","class",211,"e02814","18S",1,"162-53",2022,12,14,"Haul 21","sample"
"779","e02814-1-18S","Amylocorticium cebennense","species",0,"e02814","18S",1,"162-53",2022,12,14,"Haul 21","sample"
"780","e02814-1-18S","Ascomycota","phylum",28,"e02814","18S",1,"162-53",2022,12,14,"Haul 21","sample"
"781","e02814-1-18S","Ascomycota/Basidiomycota","phylum",0,"e02814","18S",1,"162-53",2022,12,14,"Haul 21","sample"
"782","e02814-1-18S","Auranticordis quadriverberis","species",0,"e02814","18S",1,"162-53",2022,12,14,"Haul 21","sample"
"783","e02814-1-18S","Basidiomycota","phylum",0,"e02814","18S",1,"162-53",2022,12,14,"Haul 21","sample"
"784","e02814-1-18S","Cercozoa","phylum",0,"e02814","18S",1,"162-53",2022,12,14,"Haul 21","sample"
"785","e02814-1-18S","Chaetoceros","genus",219.255123964124,"e02814","18S",1,"162-53",2022,12,14,"Haul 21","sample"
"786","e02814-1-18S","Coscinodiscophyceae","class",0,"e02814","18S",1,"162-53",2022,12,14,"Haul 21","sample"
"787","e02814-1-18S","Curvibasidium","genus",0,"e02814","18S",1,"162-53",2022,12,14,"Haul 21","sample"
"788","e02814-1-18S","Cyclotrichium cyclokaryon","species",0,"e02814","18S",1,"162-53",2022,12,14,"Haul 21","sample"
"789","e02814-1-18S","Cyranomonas australis","species",0,"e02814","18S",1,"162-53",2022,12,14,"Haul 21","sample"
"790","e02814-1-18S","Decapoda","order",11254.4178932179,"e02814","18S",1,"162-53",2022,12,14,"Haul 21","sample"
"791","e02814-1-18S","Dichomitus squalens","species",5762,"e02814","18S",1,"162-53",2022,12,14,"Haul 21","sample"
"792","e02814-1-18S","Ebria tripartita","species",0,"e02814","18S",1,"162-53",2022,12,14,"Haul 21","sample"
"793","e02814-1-18S","Esquamula lacrimiformis","species",0,"e02814","18S",1,"162-53",2022,12,14,"Haul 21","sample"
"794","e02814-1-18S","Gastropoda","class",0,"e02814","18S",1,"162-53",2022,12,14,"Haul 21","sample"
"795","e02814-1-18S","Mamiellaceae","family",0,"e02814","18S",1,"162-53",2022,12,14,"Haul 21","sample"
"796","e02814-1-18S","Mammalia","class",0,"e02814","18S",1,"162-53",2022,12,14,"Haul 21","sample"
"797","e02814-1-18S","Mataza hastifera","species",127,"e02814","18S",1,"162-53",2022,12,14,"Haul 21","sample"
"798","e02814-1-18S","Pleurocybella porrigens","species",0,"e02814","18S",1,"162-53",2022,12,14,"Haul 21","sample"
"799","e02814-1-18S","Polychaeta","class",0,"e02814","18S",1,"162-53",2022,12,14,"Haul 21","sample"
"800","e02814-1-18S","Schizoporaceae","family",0,"e02814","18S",1,"162-53",2022,12,14,"Haul 21","sample"
"801","e02814-1-18S","Strombidium biarmatum","species",0,"e02814","18S",1,"162-53",2022,12,14,"Haul 21","sample"
"802","e02814-1-18S","Thaumatomonadida","order",73,"e02814","18S",1,"162-53",2022,12,14,"Haul 21","sample"
"803","e02814-1-18S","Tintinnidium cf. primitivum","species",0,"e02814","18S",1,"162-53",2022,12,14,"Haul 21","sample"
"804","e02814-1-18S","Tremellales","order",0,"e02814","18S",1,"162-53",2022,12,14,"Haul 21","sample"
"805","e02814-1-18S","Triparmaceae","family",0,"e02814","18S",1,"162-53",2022,12,14,"Haul 21","sample"
"806","e02814-1-18S",NA,NA,1851,"e02814","18S",1,"162-53",2022,12,14,"Haul 21","sample"
"807","e02814-2-18S","Actinopteri","class",0,"e02814","18S",2,"162-53",2022,12,14,"Haul 21","sample"
"808","e02814-2-18S","Agaricales","order",4058,"e02814","18S",2,"162-53",2022,12,14,"Haul 21","sample"
"809","e02814-2-18S","Agaricomycetes","class",179,"e02814","18S",2,"162-53",2022,12,14,"Haul 21","sample"
"810","e02814-2-18S","Amylocorticium cebennense","species",0,"e02814","18S",2,"162-53",2022,12,14,"Haul 21","sample"
"811","e02814-2-18S","Ascomycota","phylum",0,"e02814","18S",2,"162-53",2022,12,14,"Haul 21","sample"
"812","e02814-2-18S","Ascomycota/Basidiomycota","phylum",0,"e02814","18S",2,"162-53",2022,12,14,"Haul 21","sample"
"813","e02814-2-18S","Auranticordis quadriverberis","species",0,"e02814","18S",2,"162-53",2022,12,14,"Haul 21","sample"
"814","e02814-2-18S","Basidiomycota","phylum",0,"e02814","18S",2,"162-53",2022,12,14,"Haul 21","sample"
"815","e02814-2-18S","Cercozoa","phylum",0,"e02814","18S",2,"162-53",2022,12,14,"Haul 21","sample"
"816","e02814-2-18S","Chaetoceros","genus",516.923779967943,"e02814","18S",2,"162-53",2022,12,14,"Haul 21","sample"
"817","e02814-2-18S","Coscinodiscophyceae","class",0,"e02814","18S",2,"162-53",2022,12,14,"Haul 21","sample"
"818","e02814-2-18S","Curvibasidium","genus",0,"e02814","18S",2,"162-53",2022,12,14,"Haul 21","sample"
"819","e02814-2-18S","Cyclotrichium cyclokaryon","species",0,"e02814","18S",2,"162-53",2022,12,14,"Haul 21","sample"
"820","e02814-2-18S","Cyranomonas australis","species",0,"e02814","18S",2,"162-53",2022,12,14,"Haul 21","sample"
"821","e02814-2-18S","Decapoda","order",14797.0158730159,"e02814","18S",2,"162-53",2022,12,14,"Haul 21","sample"
"822","e02814-2-18S","Dichomitus squalens","species",1354,"e02814","18S",2,"162-53",2022,12,14,"Haul 21","sample"
"823","e02814-2-18S","Ebria tripartita","species",0,"e02814","18S",2,"162-53",2022,12,14,"Haul 21","sample"
"824","e02814-2-18S","Esquamula lacrimiformis","species",0,"e02814","18S",2,"162-53",2022,12,14,"Haul 21","sample"
"825","e02814-2-18S","Gastropoda","class",0,"e02814","18S",2,"162-53",2022,12,14,"Haul 21","sample"
"826","e02814-2-18S","Mamiellaceae","family",469,"e02814","18S",2,"162-53",2022,12,14,"Haul 21","sample"
"827","e02814-2-18S","Mammalia","class",0,"e02814","18S",2,"162-53",2022,12,14,"Haul 21","sample"
"828","e02814-2-18S","Mataza hastifera","species",17,"e02814","18S",2,"162-53",2022,12,14,"Haul 21","sample"
"829","e02814-2-18S","Pleurocybella porrigens","species",0,"e02814","18S",2,"162-53",2022,12,14,"Haul 21","sample"
"830","e02814-2-18S","Polychaeta","class",0,"e02814","18S",2,"162-53",2022,12,14,"Haul 21","sample"
"831","e02814-2-18S","Schizoporaceae","family",0,"e02814","18S",2,"162-53",2022,12,14,"Haul 21","sample"
"832","e02814-2-18S","Strombidium biarmatum","species",0,"e02814","18S",2,"162-53",2022,12,14,"Haul 21","sample"
"833","e02814-2-18S","Thaumatomonadida","order",554,"e02814","18S",2,"162-53",2022,12,14,"Haul 21","sample"
"834","e02814-2-18S","Tintinnidium cf. primitivum","species",0,"e02814","18S",2,"162-53",2022,12,14,"Haul 21","sample"
"835","e02814-2-18S","Tremellales","order",0,"e02814","18S",2,"162-53",2022,12,14,"Haul 21","sample"
"836","e02814-2-18S","Triparmaceae","family",0,"e02814","18S",2,"162-53",2022,12,14,"Haul 21","sample"
"837","e02814-2-18S",NA,NA,521,"e02814","18S",2,"162-53",2022,12,14,"Haul 21","sample"
"838","e02815-1-18S","Actinopteri","class",0,"e02815","18S",1,"162-2",2022,12,14,"Haul 2","sample"
"839","e02815-1-18S","Agaricales","order",0,"e02815","18S",1,"162-2",2022,12,14,"Haul 2","sample"
"840","e02815-1-18S","Agaricomycetes","class",44,"e02815","18S",1,"162-2",2022,12,14,"Haul 2","sample"
"841","e02815-1-18S","Amylocorticium cebennense","species",0,"e02815","18S",1,"162-2",2022,12,14,"Haul 2","sample"
"842","e02815-1-18S","Ascomycota","phylum",85,"e02815","18S",1,"162-2",2022,12,14,"Haul 2","sample"
"843","e02815-1-18S","Ascomycota/Basidiomycota","phylum",0,"e02815","18S",1,"162-2",2022,12,14,"Haul 2","sample"
"844","e02815-1-18S","Auranticordis quadriverberis","species",1384,"e02815","18S",1,"162-2",2022,12,14,"Haul 2","sample"
"845","e02815-1-18S","Basidiomycota","phylum",223,"e02815","18S",1,"162-2",2022,12,14,"Haul 2","sample"
"846","e02815-1-18S","Cercozoa","phylum",317,"e02815","18S",1,"162-2",2022,12,14,"Haul 2","sample"
"847","e02815-1-18S","Chaetoceros","genus",357.560652047881,"e02815","18S",1,"162-2",2022,12,14,"Haul 2","sample"
"848","e02815-1-18S","Coscinodiscophyceae","class",0,"e02815","18S",1,"162-2",2022,12,14,"Haul 2","sample"
"849","e02815-1-18S","Curvibasidium","genus",0,"e02815","18S",1,"162-2",2022,12,14,"Haul 2","sample"
"850","e02815-1-18S","Cyclotrichium cyclokaryon","species",0,"e02815","18S",1,"162-2",2022,12,14,"Haul 2","sample"
"851","e02815-1-18S","Cyranomonas australis","species",9,"e02815","18S",1,"162-2",2022,12,14,"Haul 2","sample"
"852","e02815-1-18S","Decapoda","order",20031.4793650794,"e02815","18S",1,"162-2",2022,12,14,"Haul 2","sample"
"853","e02815-1-18S","Dichomitus squalens","species",398,"e02815","18S",1,"162-2",2022,12,14,"Haul 2","sample"
"854","e02815-1-18S","Ebria tripartita","species",0,"e02815","18S",1,"162-2",2022,12,14,"Haul 2","sample"
"855","e02815-1-18S","Esquamula lacrimiformis","species",502,"e02815","18S",1,"162-2",2022,12,14,"Haul 2","sample"
"856","e02815-1-18S","Gastropoda","class",0,"e02815","18S",1,"162-2",2022,12,14,"Haul 2","sample"
"857","e02815-1-18S","Mamiellaceae","family",0,"e02815","18S",1,"162-2",2022,12,14,"Haul 2","sample"
"858","e02815-1-18S","Mammalia","class",0,"e02815","18S",1,"162-2",2022,12,14,"Haul 2","sample"
"859","e02815-1-18S","Mataza hastifera","species",0,"e02815","18S",1,"162-2",2022,12,14,"Haul 2","sample"
"860","e02815-1-18S","Pleurocybella porrigens","species",0,"e02815","18S",1,"162-2",2022,12,14,"Haul 2","sample"
"861","e02815-1-18S","Polychaeta","class",0,"e02815","18S",1,"162-2",2022,12,14,"Haul 2","sample"
"862","e02815-1-18S","Schizoporaceae","family",0,"e02815","18S",1,"162-2",2022,12,14,"Haul 2","sample"
"863","e02815-1-18S","Strombidium biarmatum","species",0,"e02815","18S",1,"162-2",2022,12,14,"Haul 2","sample"
"864","e02815-1-18S","Thaumatomonadida","order",141,"e02815","18S",1,"162-2",2022,12,14,"Haul 2","sample"
"865","e02815-1-18S","Tintinnidium cf. primitivum","species",0,"e02815","18S",1,"162-2",2022,12,14,"Haul 2","sample"
"866","e02815-1-18S","Tremellales","order",0,"e02815","18S",1,"162-2",2022,12,14,"Haul 2","sample"
"867","e02815-1-18S","Triparmaceae","family",0,"e02815","18S",1,"162-2",2022,12,14,"Haul 2","sample"
"868","e02815-1-18S",NA,NA,1476,"e02815","18S",1,"162-2",2022,12,14,"Haul 2","sample"
"869","e02815-2-18S","Actinopteri","class",0,"e02815","18S",2,"162-2",2022,12,14,"Haul 2","sample"
"870","e02815-2-18S","Agaricales","order",0,"e02815","18S",2,"162-2",2022,12,14,"Haul 2","sample"
"871","e02815-2-18S","Agaricomycetes","class",719,"e02815","18S",2,"162-2",2022,12,14,"Haul 2","sample"
"872","e02815-2-18S","Amylocorticium cebennense","species",0,"e02815","18S",2,"162-2",2022,12,14,"Haul 2","sample"
"873","e02815-2-18S","Ascomycota","phylum",0,"e02815","18S",2,"162-2",2022,12,14,"Haul 2","sample"
"874","e02815-2-18S","Ascomycota/Basidiomycota","phylum",0,"e02815","18S",2,"162-2",2022,12,14,"Haul 2","sample"
"875","e02815-2-18S","Auranticordis quadriverberis","species",761,"e02815","18S",2,"162-2",2022,12,14,"Haul 2","sample"
"876","e02815-2-18S","Basidiomycota","phylum",0,"e02815","18S",2,"162-2",2022,12,14,"Haul 2","sample"
"877","e02815-2-18S","Cercozoa","phylum",1165,"e02815","18S",2,"162-2",2022,12,14,"Haul 2","sample"
"878","e02815-2-18S","Chaetoceros","genus",235.86621423456,"e02815","18S",2,"162-2",2022,12,14,"Haul 2","sample"
"879","e02815-2-18S","Coscinodiscophyceae","class",0,"e02815","18S",2,"162-2",2022,12,14,"Haul 2","sample"
"880","e02815-2-18S","Curvibasidium","genus",0,"e02815","18S",2,"162-2",2022,12,14,"Haul 2","sample"
"881","e02815-2-18S","Cyclotrichium cyclokaryon","species",0,"e02815","18S",2,"162-2",2022,12,14,"Haul 2","sample"
"882","e02815-2-18S","Cyranomonas australis","species",0,"e02815","18S",2,"162-2",2022,12,14,"Haul 2","sample"
"883","e02815-2-18S","Decapoda","order",17021.7722943723,"e02815","18S",2,"162-2",2022,12,14,"Haul 2","sample"
"884","e02815-2-18S","Dichomitus squalens","species",1238,"e02815","18S",2,"162-2",2022,12,14,"Haul 2","sample"
"885","e02815-2-18S","Ebria tripartita","species",0,"e02815","18S",2,"162-2",2022,12,14,"Haul 2","sample"
"886","e02815-2-18S","Esquamula lacrimiformis","species",266,"e02815","18S",2,"162-2",2022,12,14,"Haul 2","sample"
"887","e02815-2-18S","Gastropoda","class",0,"e02815","18S",2,"162-2",2022,12,14,"Haul 2","sample"
"888","e02815-2-18S","Mamiellaceae","family",0,"e02815","18S",2,"162-2",2022,12,14,"Haul 2","sample"
"889","e02815-2-18S","Mammalia","class",0,"e02815","18S",2,"162-2",2022,12,14,"Haul 2","sample"
"890","e02815-2-18S","Mataza hastifera","species",135,"e02815","18S",2,"162-2",2022,12,14,"Haul 2","sample"
"891","e02815-2-18S","Pleurocybella porrigens","species",0,"e02815","18S",2,"162-2",2022,12,14,"Haul 2","sample"
"892","e02815-2-18S","Polychaeta","class",0,"e02815","18S",2,"162-2",2022,12,14,"Haul 2","sample"
"893","e02815-2-18S","Schizoporaceae","family",0,"e02815","18S",2,"162-2",2022,12,14,"Haul 2","sample"
"894","e02815-2-18S","Strombidium biarmatum","species",563,"e02815","18S",2,"162-2",2022,12,14,"Haul 2","sample"
"895","e02815-2-18S","Thaumatomonadida","order",245,"e02815","18S",2,"162-2",2022,12,14,"Haul 2","sample"
"896","e02815-2-18S","Tintinnidium cf. primitivum","species",0,"e02815","18S",2,"162-2",2022,12,14,"Haul 2","sample"
"897","e02815-2-18S","Tremellales","order",0,"e02815","18S",2,"162-2",2022,12,14,"Haul 2","sample"
"898","e02815-2-18S","Triparmaceae","family",0,"e02815","18S",2,"162-2",2022,12,14,"Haul 2","sample"
"899","e02815-2-18S",NA,NA,459,"e02815","18S",2,"162-2",2022,12,14,"Haul 2","sample"
"900","e02816-1-18S","Actinopteri","class",0,"e02816","18S",1,"162-185",2022,12,14,"Haul 151","sample"
"901","e02816-1-18S","Agaricales","order",0,"e02816","18S",1,"162-185",2022,12,14,"Haul 151","sample"
"902","e02816-1-18S","Agaricomycetes","class",9,"e02816","18S",1,"162-185",2022,12,14,"Haul 151","sample"
"903","e02816-1-18S","Amylocorticium cebennense","species",0,"e02816","18S",1,"162-185",2022,12,14,"Haul 151","sample"
"904","e02816-1-18S","Ascomycota","phylum",0,"e02816","18S",1,"162-185",2022,12,14,"Haul 151","sample"
"905","e02816-1-18S","Ascomycota/Basidiomycota","phylum",0,"e02816","18S",1,"162-185",2022,12,14,"Haul 151","sample"
"906","e02816-1-18S","Auranticordis quadriverberis","species",65,"e02816","18S",1,"162-185",2022,12,14,"Haul 151","sample"
"907","e02816-1-18S","Basidiomycota","phylum",0,"e02816","18S",1,"162-185",2022,12,14,"Haul 151","sample"
"908","e02816-1-18S","Cercozoa","phylum",35,"e02816","18S",1,"162-185",2022,12,14,"Haul 151","sample"
"909","e02816-1-18S","Chaetoceros","genus",155.573542952631,"e02816","18S",1,"162-185",2022,12,14,"Haul 151","sample"
"910","e02816-1-18S","Coscinodiscophyceae","class",0,"e02816","18S",1,"162-185",2022,12,14,"Haul 151","sample"
"911","e02816-1-18S","Curvibasidium","genus",0,"e02816","18S",1,"162-185",2022,12,14,"Haul 151","sample"
"912","e02816-1-18S","Cyclotrichium cyclokaryon","species",0,"e02816","18S",1,"162-185",2022,12,14,"Haul 151","sample"
"913","e02816-1-18S","Cyranomonas australis","species",0,"e02816","18S",1,"162-185",2022,12,14,"Haul 151","sample"
"914","e02816-1-18S","Decapoda","order",9321.99653679654,"e02816","18S",1,"162-185",2022,12,14,"Haul 151","sample"
"915","e02816-1-18S","Dichomitus squalens","species",0,"e02816","18S",1,"162-185",2022,12,14,"Haul 151","sample"
"916","e02816-1-18S","Ebria tripartita","species",0,"e02816","18S",1,"162-185",2022,12,14,"Haul 151","sample"
"917","e02816-1-18S","Esquamula lacrimiformis","species",0,"e02816","18S",1,"162-185",2022,12,14,"Haul 151","sample"
"918","e02816-1-18S","Gastropoda","class",0,"e02816","18S",1,"162-185",2022,12,14,"Haul 151","sample"
"919","e02816-1-18S","Mamiellaceae","family",2,"e02816","18S",1,"162-185",2022,12,14,"Haul 151","sample"
"920","e02816-1-18S","Mammalia","class",0,"e02816","18S",1,"162-185",2022,12,14,"Haul 151","sample"
"921","e02816-1-18S","Mataza hastifera","species",19,"e02816","18S",1,"162-185",2022,12,14,"Haul 151","sample"
"922","e02816-1-18S","Pleurocybella porrigens","species",0,"e02816","18S",1,"162-185",2022,12,14,"Haul 151","sample"
"923","e02816-1-18S","Polychaeta","class",0,"e02816","18S",1,"162-185",2022,12,14,"Haul 151","sample"
"924","e02816-1-18S","Schizoporaceae","family",0,"e02816","18S",1,"162-185",2022,12,14,"Haul 151","sample"
"925","e02816-1-18S","Strombidium biarmatum","species",232,"e02816","18S",1,"162-185",2022,12,14,"Haul 151","sample"
"926","e02816-1-18S","Thaumatomonadida","order",214,"e02816","18S",1,"162-185",2022,12,14,"Haul 151","sample"
"927","e02816-1-18S","Tintinnidium cf. primitivum","species",0,"e02816","18S",1,"162-185",2022,12,14,"Haul 151","sample"
"928","e02816-1-18S","Tremellales","order",0,"e02816","18S",1,"162-185",2022,12,14,"Haul 151","sample"
"929","e02816-1-18S","Triparmaceae","family",0,"e02816","18S",1,"162-185",2022,12,14,"Haul 151","sample"
"930","e02816-1-18S",NA,NA,257,"e02816","18S",1,"162-185",2022,12,14,"Haul 151","sample"
"931","e02816-2-18S","Actinopteri","class",0,"e02816","18S",2,"162-185",2022,12,14,"Haul 151","sample"
"932","e02816-2-18S","Agaricales","order",0,"e02816","18S",2,"162-185",2022,12,14,"Haul 151","sample"
"933","e02816-2-18S","Agaricomycetes","class",0,"e02816","18S",2,"162-185",2022,12,14,"Haul 151","sample"
"934","e02816-2-18S","Amylocorticium cebennense","species",0,"e02816","18S",2,"162-185",2022,12,14,"Haul 151","sample"
"935","e02816-2-18S","Ascomycota","phylum",0,"e02816","18S",2,"162-185",2022,12,14,"Haul 151","sample"
"936","e02816-2-18S","Ascomycota/Basidiomycota","phylum",0,"e02816","18S",2,"162-185",2022,12,14,"Haul 151","sample"
"937","e02816-2-18S","Auranticordis quadriverberis","species",34,"e02816","18S",2,"162-185",2022,12,14,"Haul 151","sample"
"938","e02816-2-18S","Basidiomycota","phylum",0,"e02816","18S",2,"162-185",2022,12,14,"Haul 151","sample"
"939","e02816-2-18S","Cercozoa","phylum",0,"e02816","18S",2,"162-185",2022,12,14,"Haul 151","sample"
"940","e02816-2-18S","Chaetoceros","genus",42.485489206425,"e02816","18S",2,"162-185",2022,12,14,"Haul 151","sample"
"941","e02816-2-18S","Coscinodiscophyceae","class",0,"e02816","18S",2,"162-185",2022,12,14,"Haul 151","sample"
"942","e02816-2-18S","Curvibasidium","genus",0,"e02816","18S",2,"162-185",2022,12,14,"Haul 151","sample"
"943","e02816-2-18S","Cyclotrichium cyclokaryon","species",0,"e02816","18S",2,"162-185",2022,12,14,"Haul 151","sample"
"944","e02816-2-18S","Cyranomonas australis","species",0,"e02816","18S",2,"162-185",2022,12,14,"Haul 151","sample"
"945","e02816-2-18S","Decapoda","order",25209.1613275613,"e02816","18S",2,"162-185",2022,12,14,"Haul 151","sample"
"946","e02816-2-18S","Dichomitus squalens","species",0,"e02816","18S",2,"162-185",2022,12,14,"Haul 151","sample"
"947","e02816-2-18S","Ebria tripartita","species",0,"e02816","18S",2,"162-185",2022,12,14,"Haul 151","sample"
"948","e02816-2-18S","Esquamula lacrimiformis","species",0,"e02816","18S",2,"162-185",2022,12,14,"Haul 151","sample"
"949","e02816-2-18S","Gastropoda","class",0,"e02816","18S",2,"162-185",2022,12,14,"Haul 151","sample"
"950","e02816-2-18S","Mamiellaceae","family",0,"e02816","18S",2,"162-185",2022,12,14,"Haul 151","sample"
"951","e02816-2-18S","Mammalia","class",0,"e02816","18S",2,"162-185",2022,12,14,"Haul 151","sample"
"952","e02816-2-18S","Mataza hastifera","species",0,"e02816","18S",2,"162-185",2022,12,14,"Haul 151","sample"
"953","e02816-2-18S","Pleurocybella porrigens","species",0,"e02816","18S",2,"162-185",2022,12,14,"Haul 151","sample"
"954","e02816-2-18S","Polychaeta","class",0,"e02816","18S",2,"162-185",2022,12,14,"Haul 151","sample"
"955","e02816-2-18S","Schizoporaceae","family",0,"e02816","18S",2,"162-185",2022,12,14,"Haul 151","sample"
"956","e02816-2-18S","Strombidium biarmatum","species",85,"e02816","18S",2,"162-185",2022,12,14,"Haul 151","sample"
"957","e02816-2-18S","Thaumatomonadida","order",113,"e02816","18S",2,"162-185",2022,12,14,"Haul 151","sample"
"958","e02816-2-18S","Tintinnidium cf. primitivum","species",0,"e02816","18S",2,"162-185",2022,12,14,"Haul 151","sample"
"959","e02816-2-18S","Tremellales","order",0,"e02816","18S",2,"162-185",2022,12,14,"Haul 151","sample"
"960","e02816-2-18S","Triparmaceae","family",0,"e02816","18S",2,"162-185",2022,12,14,"Haul 151","sample"
"961","e02816-2-18S",NA,NA,179,"e02816","18S",2,"162-185",2022,12,14,"Haul 151","sample"
"962","e02817-1-18S","Actinopteri","class",19266,"e02817","18S",1,"162-8",2022,12,16,"Haul 1","sample"
"963","e02817-1-18S","Agaricales","order",0,"e02817","18S",1,"162-8",2022,12,16,"Haul 1","sample"
"964","e02817-1-18S","Agaricomycetes","class",72,"e02817","18S",1,"162-8",2022,12,16,"Haul 1","sample"
"965","e02817-1-18S","Amylocorticium cebennense","species",0,"e02817","18S",1,"162-8",2022,12,16,"Haul 1","sample"
"966","e02817-1-18S","Ascomycota","phylum",0,"e02817","18S",1,"162-8",2022,12,16,"Haul 1","sample"
"967","e02817-1-18S","Ascomycota/Basidiomycota","phylum",0,"e02817","18S",1,"162-8",2022,12,16,"Haul 1","sample"
"968","e02817-1-18S","Auranticordis quadriverberis","species",44,"e02817","18S",1,"162-8",2022,12,16,"Haul 1","sample"
"969","e02817-1-18S","Basidiomycota","phylum",0,"e02817","18S",1,"162-8",2022,12,16,"Haul 1","sample"
"970","e02817-1-18S","Cercozoa","phylum",36,"e02817","18S",1,"162-8",2022,12,16,"Haul 1","sample"
"971","e02817-1-18S","Chaetoceros","genus",146.252941377076,"e02817","18S",1,"162-8",2022,12,16,"Haul 1","sample"
"972","e02817-1-18S","Coscinodiscophyceae","class",23,"e02817","18S",1,"162-8",2022,12,16,"Haul 1","sample"
"973","e02817-1-18S","Curvibasidium","genus",0,"e02817","18S",1,"162-8",2022,12,16,"Haul 1","sample"
"974","e02817-1-18S","Cyclotrichium cyclokaryon","species",0,"e02817","18S",1,"162-8",2022,12,16,"Haul 1","sample"
"975","e02817-1-18S","Cyranomonas australis","species",0,"e02817","18S",1,"162-8",2022,12,16,"Haul 1","sample"
"976","e02817-1-18S","Decapoda","order",244.408658008658,"e02817","18S",1,"162-8",2022,12,16,"Haul 1","sample"
"977","e02817-1-18S","Dichomitus squalens","species",18,"e02817","18S",1,"162-8",2022,12,16,"Haul 1","sample"
"978","e02817-1-18S","Ebria tripartita","species",0,"e02817","18S",1,"162-8",2022,12,16,"Haul 1","sample"
"979","e02817-1-18S","Esquamula lacrimiformis","species",31,"e02817","18S",1,"162-8",2022,12,16,"Haul 1","sample"
"980","e02817-1-18S","Gastropoda","class",0,"e02817","18S",1,"162-8",2022,12,16,"Haul 1","sample"
"981","e02817-1-18S","Mamiellaceae","family",60,"e02817","18S",1,"162-8",2022,12,16,"Haul 1","sample"
"982","e02817-1-18S","Mammalia","class",0,"e02817","18S",1,"162-8",2022,12,16,"Haul 1","sample"
"983","e02817-1-18S","Mataza hastifera","species",0,"e02817","18S",1,"162-8",2022,12,16,"Haul 1","sample"
"984","e02817-1-18S","Pleurocybella porrigens","species",0,"e02817","18S",1,"162-8",2022,12,16,"Haul 1","sample"
"985","e02817-1-18S","Polychaeta","class",0,"e02817","18S",1,"162-8",2022,12,16,"Haul 1","sample"
"986","e02817-1-18S","Schizoporaceae","family",0,"e02817","18S",1,"162-8",2022,12,16,"Haul 1","sample"
"987","e02817-1-18S","Strombidium biarmatum","species",21,"e02817","18S",1,"162-8",2022,12,16,"Haul 1","sample"
"988","e02817-1-18S","Thaumatomonadida","order",0,"e02817","18S",1,"162-8",2022,12,16,"Haul 1","sample"
"989","e02817-1-18S","Tintinnidium cf. primitivum","species",0,"e02817","18S",1,"162-8",2022,12,16,"Haul 1","sample"
"990","e02817-1-18S","Tremellales","order",0,"e02817","18S",1,"162-8",2022,12,16,"Haul 1","sample"
"991","e02817-1-18S","Triparmaceae","family",0,"e02817","18S",1,"162-8",2022,12,16,"Haul 1","sample"
"992","e02817-1-18S",NA,NA,75,"e02817","18S",1,"162-8",2022,12,16,"Haul 1","sample"
"993","e02817-2-18S","Actinopteri","class",20505,"e02817","18S",2,"162-8",2022,12,16,"Haul 1","sample"
"994","e02817-2-18S","Agaricales","order",0,"e02817","18S",2,"162-8",2022,12,16,"Haul 1","sample"
"995","e02817-2-18S","Agaricomycetes","class",57,"e02817","18S",2,"162-8",2022,12,16,"Haul 1","sample"
"996","e02817-2-18S","Amylocorticium cebennense","species",0,"e02817","18S",2,"162-8",2022,12,16,"Haul 1","sample"
"997","e02817-2-18S","Ascomycota","phylum",0,"e02817","18S",2,"162-8",2022,12,16,"Haul 1","sample"
"998","e02817-2-18S","Ascomycota/Basidiomycota","phylum",0,"e02817","18S",2,"162-8",2022,12,16,"Haul 1","sample"
"999","e02817-2-18S","Auranticordis quadriverberis","species",62,"e02817","18S",2,"162-8",2022,12,16,"Haul 1","sample"
"1000","e02817-2-18S","Basidiomycota","phylum",0,"e02817","18S",2,"162-8",2022,12,16,"Haul 1","sample"
"1001","e02817-2-18S","Cercozoa","phylum",29,"e02817","18S",2,"162-8",2022,12,16,"Haul 1","sample"
"1002","e02817-2-18S","Chaetoceros","genus",128.048596664734,"e02817","18S",2,"162-8",2022,12,16,"Haul 1","sample"
"1003","e02817-2-18S","Coscinodiscophyceae","class",40,"e02817","18S",2,"162-8",2022,12,16,"Haul 1","sample"
"1004","e02817-2-18S","Curvibasidium","genus",10,"e02817","18S",2,"162-8",2022,12,16,"Haul 1","sample"
"1005","e02817-2-18S","Cyclotrichium cyclokaryon","species",0,"e02817","18S",2,"162-8",2022,12,16,"Haul 1","sample"
"1006","e02817-2-18S","Cyranomonas australis","species",0,"e02817","18S",2,"162-8",2022,12,16,"Haul 1","sample"
"1007","e02817-2-18S","Decapoda","order",390.544011544012,"e02817","18S",2,"162-8",2022,12,16,"Haul 1","sample"
"1008","e02817-2-18S","Dichomitus squalens","species",0,"e02817","18S",2,"162-8",2022,12,16,"Haul 1","sample"
"1009","e02817-2-18S","Ebria tripartita","species",0,"e02817","18S",2,"162-8",2022,12,16,"Haul 1","sample"
"1010","e02817-2-18S","Esquamula lacrimiformis","species",36,"e02817","18S",2,"162-8",2022,12,16,"Haul 1","sample"
"1011","e02817-2-18S","Gastropoda","class",0,"e02817","18S",2,"162-8",2022,12,16,"Haul 1","sample"
"1012","e02817-2-18S","Mamiellaceae","family",55,"e02817","18S",2,"162-8",2022,12,16,"Haul 1","sample"
"1013","e02817-2-18S","Mammalia","class",0,"e02817","18S",2,"162-8",2022,12,16,"Haul 1","sample"
"1014","e02817-2-18S","Mataza hastifera","species",0,"e02817","18S",2,"162-8",2022,12,16,"Haul 1","sample"
"1015","e02817-2-18S","Pleurocybella porrigens","species",0,"e02817","18S",2,"162-8",2022,12,16,"Haul 1","sample"
"1016","e02817-2-18S","Polychaeta","class",0,"e02817","18S",2,"162-8",2022,12,16,"Haul 1","sample"
"1017","e02817-2-18S","Schizoporaceae","family",0,"e02817","18S",2,"162-8",2022,12,16,"Haul 1","sample"
"1018","e02817-2-18S","Strombidium biarmatum","species",18,"e02817","18S",2,"162-8",2022,12,16,"Haul 1","sample"
"1019","e02817-2-18S","Thaumatomonadida","order",0,"e02817","18S",2,"162-8",2022,12,16,"Haul 1","sample"
"1020","e02817-2-18S","Tintinnidium cf. primitivum","species",0,"e02817","18S",2,"162-8",2022,12,16,"Haul 1","sample"
"1021","e02817-2-18S","Tremellales","order",0,"e02817","18S",2,"162-8",2022,12,16,"Haul 1","sample"
"1022","e02817-2-18S","Triparmaceae","family",0,"e02817","18S",2,"162-8",2022,12,16,"Haul 1","sample"
"1023","e02817-2-18S",NA,NA,83,"e02817","18S",2,"162-8",2022,12,16,"Haul 1","sample"
"1024","e02818-1-18S","Actinopteri","class",0,"e02818","18S",1,"162-15",2022,12,16,"Haul 2","sample"
"1025","e02818-1-18S","Agaricales","order",0,"e02818","18S",1,"162-15",2022,12,16,"Haul 2","sample"
"1026","e02818-1-18S","Agaricomycetes","class",0,"e02818","18S",1,"162-15",2022,12,16,"Haul 2","sample"
"1027","e02818-1-18S","Amylocorticium cebennense","species",0,"e02818","18S",1,"162-15",2022,12,16,"Haul 2","sample"
"1028","e02818-1-18S","Ascomycota","phylum",0,"e02818","18S",1,"162-15",2022,12,16,"Haul 2","sample"
"1029","e02818-1-18S","Ascomycota/Basidiomycota","phylum",0,"e02818","18S",1,"162-15",2022,12,16,"Haul 2","sample"
"1030","e02818-1-18S","Auranticordis quadriverberis","species",13,"e02818","18S",1,"162-15",2022,12,16,"Haul 2","sample"
"1031","e02818-1-18S","Basidiomycota","phylum",18,"e02818","18S",1,"162-15",2022,12,16,"Haul 2","sample"
"1032","e02818-1-18S","Cercozoa","phylum",106,"e02818","18S",1,"162-15",2022,12,16,"Haul 2","sample"
"1033","e02818-1-18S","Chaetoceros","genus",58.1606247655424,"e02818","18S",1,"162-15",2022,12,16,"Haul 2","sample"
"1034","e02818-1-18S","Coscinodiscophyceae","class",0,"e02818","18S",1,"162-15",2022,12,16,"Haul 2","sample"
"1035","e02818-1-18S","Curvibasidium","genus",0,"e02818","18S",1,"162-15",2022,12,16,"Haul 2","sample"
"1036","e02818-1-18S","Cyclotrichium cyclokaryon","species",0,"e02818","18S",1,"162-15",2022,12,16,"Haul 2","sample"
"1037","e02818-1-18S","Cyranomonas australis","species",0,"e02818","18S",1,"162-15",2022,12,16,"Haul 2","sample"
"1038","e02818-1-18S","Decapoda","order",12894.2493506494,"e02818","18S",1,"162-15",2022,12,16,"Haul 2","sample"
"1039","e02818-1-18S","Dichomitus squalens","species",62,"e02818","18S",1,"162-15",2022,12,16,"Haul 2","sample"
"1040","e02818-1-18S","Ebria tripartita","species",0,"e02818","18S",1,"162-15",2022,12,16,"Haul 2","sample"
"1041","e02818-1-18S","Esquamula lacrimiformis","species",0,"e02818","18S",1,"162-15",2022,12,16,"Haul 2","sample"
"1042","e02818-1-18S","Gastropoda","class",0,"e02818","18S",1,"162-15",2022,12,16,"Haul 2","sample"
"1043","e02818-1-18S","Mamiellaceae","family",62,"e02818","18S",1,"162-15",2022,12,16,"Haul 2","sample"
"1044","e02818-1-18S","Mammalia","class",21,"e02818","18S",1,"162-15",2022,12,16,"Haul 2","sample"
"1045","e02818-1-18S","Mataza hastifera","species",24,"e02818","18S",1,"162-15",2022,12,16,"Haul 2","sample"
"1046","e02818-1-18S","Pleurocybella porrigens","species",0,"e02818","18S",1,"162-15",2022,12,16,"Haul 2","sample"
"1047","e02818-1-18S","Polychaeta","class",0,"e02818","18S",1,"162-15",2022,12,16,"Haul 2","sample"
"1048","e02818-1-18S","Schizoporaceae","family",0,"e02818","18S",1,"162-15",2022,12,16,"Haul 2","sample"
"1049","e02818-1-18S","Strombidium biarmatum","species",0,"e02818","18S",1,"162-15",2022,12,16,"Haul 2","sample"
"1050","e02818-1-18S","Thaumatomonadida","order",0,"e02818","18S",1,"162-15",2022,12,16,"Haul 2","sample"
"1051","e02818-1-18S","Tintinnidium cf. primitivum","species",0,"e02818","18S",1,"162-15",2022,12,16,"Haul 2","sample"
"1052","e02818-1-18S","Tremellales","order",0,"e02818","18S",1,"162-15",2022,12,16,"Haul 2","sample"
"1053","e02818-1-18S","Triparmaceae","family",0,"e02818","18S",1,"162-15",2022,12,16,"Haul 2","sample"
"1054","e02818-1-18S",NA,NA,69,"e02818","18S",1,"162-15",2022,12,16,"Haul 2","sample"
"1055","e02818-2-18S","Actinopteri","class",0,"e02818","18S",2,"162-15",2022,12,16,"Haul 2","sample"
"1056","e02818-2-18S","Agaricales","order",0,"e02818","18S",2,"162-15",2022,12,16,"Haul 2","sample"
"1057","e02818-2-18S","Agaricomycetes","class",0,"e02818","18S",2,"162-15",2022,12,16,"Haul 2","sample"
"1058","e02818-2-18S","Amylocorticium cebennense","species",0,"e02818","18S",2,"162-15",2022,12,16,"Haul 2","sample"
"1059","e02818-2-18S","Ascomycota","phylum",0,"e02818","18S",2,"162-15",2022,12,16,"Haul 2","sample"
"1060","e02818-2-18S","Ascomycota/Basidiomycota","phylum",0,"e02818","18S",2,"162-15",2022,12,16,"Haul 2","sample"
"1061","e02818-2-18S","Auranticordis quadriverberis","species",0,"e02818","18S",2,"162-15",2022,12,16,"Haul 2","sample"
"1062","e02818-2-18S","Basidiomycota","phylum",0,"e02818","18S",2,"162-15",2022,12,16,"Haul 2","sample"
"1063","e02818-2-18S","Cercozoa","phylum",173,"e02818","18S",2,"162-15",2022,12,16,"Haul 2","sample"
"1064","e02818-2-18S","Chaetoceros","genus",23.4985847287113,"e02818","18S",2,"162-15",2022,12,16,"Haul 2","sample"
"1065","e02818-2-18S","Coscinodiscophyceae","class",25,"e02818","18S",2,"162-15",2022,12,16,"Haul 2","sample"
"1066","e02818-2-18S","Curvibasidium","genus",0,"e02818","18S",2,"162-15",2022,12,16,"Haul 2","sample"
"1067","e02818-2-18S","Cyclotrichium cyclokaryon","species",0,"e02818","18S",2,"162-15",2022,12,16,"Haul 2","sample"
"1068","e02818-2-18S","Cyranomonas australis","species",0,"e02818","18S",2,"162-15",2022,12,16,"Haul 2","sample"
"1069","e02818-2-18S","Decapoda","order",24976.2167388167,"e02818","18S",2,"162-15",2022,12,16,"Haul 2","sample"
"1070","e02818-2-18S","Dichomitus squalens","species",30,"e02818","18S",2,"162-15",2022,12,16,"Haul 2","sample"
"1071","e02818-2-18S","Ebria tripartita","species",0,"e02818","18S",2,"162-15",2022,12,16,"Haul 2","sample"
"1072","e02818-2-18S","Esquamula lacrimiformis","species",0,"e02818","18S",2,"162-15",2022,12,16,"Haul 2","sample"
"1073","e02818-2-18S","Gastropoda","class",0,"e02818","18S",2,"162-15",2022,12,16,"Haul 2","sample"
"1074","e02818-2-18S","Mamiellaceae","family",84,"e02818","18S",2,"162-15",2022,12,16,"Haul 2","sample"
"1075","e02818-2-18S","Mammalia","class",0,"e02818","18S",2,"162-15",2022,12,16,"Haul 2","sample"
"1076","e02818-2-18S","Mataza hastifera","species",0,"e02818","18S",2,"162-15",2022,12,16,"Haul 2","sample"
"1077","e02818-2-18S","Pleurocybella porrigens","species",0,"e02818","18S",2,"162-15",2022,12,16,"Haul 2","sample"
"1078","e02818-2-18S","Polychaeta","class",0,"e02818","18S",2,"162-15",2022,12,16,"Haul 2","sample"
"1079","e02818-2-18S","Schizoporaceae","family",0,"e02818","18S",2,"162-15",2022,12,16,"Haul 2","sample"
"1080","e02818-2-18S","Strombidium biarmatum","species",0,"e02818","18S",2,"162-15",2022,12,16,"Haul 2","sample"
"1081","e02818-2-18S","Thaumatomonadida","order",0,"e02818","18S",2,"162-15",2022,12,16,"Haul 2","sample"
"1082","e02818-2-18S","Tintinnidium cf. primitivum","species",0,"e02818","18S",2,"162-15",2022,12,16,"Haul 2","sample"
"1083","e02818-2-18S","Tremellales","order",0,"e02818","18S",2,"162-15",2022,12,16,"Haul 2","sample"
"1084","e02818-2-18S","Triparmaceae","family",0,"e02818","18S",2,"162-15",2022,12,16,"Haul 2","sample"
"1085","e02818-2-18S",NA,NA,93,"e02818","18S",2,"162-15",2022,12,16,"Haul 2","sample"
"1086","e02819-1-18S","Actinopteri","class",0,"e02819","18S",1,"162-9",2022,12,16,"Haul 1","sample"
"1087","e02819-1-18S","Agaricales","order",0,"e02819","18S",1,"162-9",2022,12,16,"Haul 1","sample"
"1088","e02819-1-18S","Agaricomycetes","class",50,"e02819","18S",1,"162-9",2022,12,16,"Haul 1","sample"
"1089","e02819-1-18S","Amylocorticium cebennense","species",0,"e02819","18S",1,"162-9",2022,12,16,"Haul 1","sample"
"1090","e02819-1-18S","Ascomycota","phylum",0,"e02819","18S",1,"162-9",2022,12,16,"Haul 1","sample"
"1091","e02819-1-18S","Ascomycota/Basidiomycota","phylum",0,"e02819","18S",1,"162-9",2022,12,16,"Haul 1","sample"
"1092","e02819-1-18S","Auranticordis quadriverberis","species",65004,"e02819","18S",1,"162-9",2022,12,16,"Haul 1","sample"
"1093","e02819-1-18S","Basidiomycota","phylum",0,"e02819","18S",1,"162-9",2022,12,16,"Haul 1","sample"
"1094","e02819-1-18S","Cercozoa","phylum",32254,"e02819","18S",1,"162-9",2022,12,16,"Haul 1","sample"
"1095","e02819-1-18S","Chaetoceros","genus",4163.03608089213,"e02819","18S",1,"162-9",2022,12,16,"Haul 1","sample"
"1096","e02819-1-18S","Coscinodiscophyceae","class",1396,"e02819","18S",1,"162-9",2022,12,16,"Haul 1","sample"
"1097","e02819-1-18S","Curvibasidium","genus",0,"e02819","18S",1,"162-9",2022,12,16,"Haul 1","sample"
"1098","e02819-1-18S","Cyclotrichium cyclokaryon","species",0,"e02819","18S",1,"162-9",2022,12,16,"Haul 1","sample"
"1099","e02819-1-18S","Cyranomonas australis","species",915,"e02819","18S",1,"162-9",2022,12,16,"Haul 1","sample"
"1100","e02819-1-18S","Decapoda","order",369.170851370851,"e02819","18S",1,"162-9",2022,12,16,"Haul 1","sample"
"1101","e02819-1-18S","Dichomitus squalens","species",10713,"e02819","18S",1,"162-9",2022,12,16,"Haul 1","sample"
"1102","e02819-1-18S","Ebria tripartita","species",0,"e02819","18S",1,"162-9",2022,12,16,"Haul 1","sample"
"1103","e02819-1-18S","Esquamula lacrimiformis","species",15768,"e02819","18S",1,"162-9",2022,12,16,"Haul 1","sample"
"1104","e02819-1-18S","Gastropoda","class",0,"e02819","18S",1,"162-9",2022,12,16,"Haul 1","sample"
"1105","e02819-1-18S","Mamiellaceae","family",985,"e02819","18S",1,"162-9",2022,12,16,"Haul 1","sample"
"1106","e02819-1-18S","Mammalia","class",72,"e02819","18S",1,"162-9",2022,12,16,"Haul 1","sample"
"1107","e02819-1-18S","Mataza hastifera","species",2060,"e02819","18S",1,"162-9",2022,12,16,"Haul 1","sample"
"1108","e02819-1-18S","Pleurocybella porrigens","species",0,"e02819","18S",1,"162-9",2022,12,16,"Haul 1","sample"
"1109","e02819-1-18S","Polychaeta","class",0,"e02819","18S",1,"162-9",2022,12,16,"Haul 1","sample"
"1110","e02819-1-18S","Schizoporaceae","family",0,"e02819","18S",1,"162-9",2022,12,16,"Haul 1","sample"
"1111","e02819-1-18S","Strombidium biarmatum","species",3474,"e02819","18S",1,"162-9",2022,12,16,"Haul 1","sample"
"1112","e02819-1-18S","Thaumatomonadida","order",6949,"e02819","18S",1,"162-9",2022,12,16,"Haul 1","sample"
"1113","e02819-1-18S","Tintinnidium cf. primitivum","species",2245,"e02819","18S",1,"162-9",2022,12,16,"Haul 1","sample"
"1114","e02819-1-18S","Tremellales","order",0,"e02819","18S",1,"162-9",2022,12,16,"Haul 1","sample"
"1115","e02819-1-18S","Triparmaceae","family",530,"e02819","18S",1,"162-9",2022,12,16,"Haul 1","sample"
"1116","e02819-1-18S",NA,NA,37447,"e02819","18S",1,"162-9",2022,12,16,"Haul 1","sample"
"1117","e02819-2-18S","Actinopteri","class",0,"e02819","18S",2,"162-9",2022,12,16,"Haul 1","sample"
"1118","e02819-2-18S","Agaricales","order",0,"e02819","18S",2,"162-9",2022,12,16,"Haul 1","sample"
"1119","e02819-2-18S","Agaricomycetes","class",35,"e02819","18S",2,"162-9",2022,12,16,"Haul 1","sample"
"1120","e02819-2-18S","Amylocorticium cebennense","species",0,"e02819","18S",2,"162-9",2022,12,16,"Haul 1","sample"
"1121","e02819-2-18S","Ascomycota","phylum",0,"e02819","18S",2,"162-9",2022,12,16,"Haul 1","sample"
"1122","e02819-2-18S","Ascomycota/Basidiomycota","phylum",0,"e02819","18S",2,"162-9",2022,12,16,"Haul 1","sample"
"1123","e02819-2-18S","Auranticordis quadriverberis","species",9879,"e02819","18S",2,"162-9",2022,12,16,"Haul 1","sample"
"1124","e02819-2-18S","Basidiomycota","phylum",0,"e02819","18S",2,"162-9",2022,12,16,"Haul 1","sample"
"1125","e02819-2-18S","Cercozoa","phylum",3542,"e02819","18S",2,"162-9",2022,12,16,"Haul 1","sample"
"1126","e02819-2-18S","Chaetoceros","genus",299.550284759404,"e02819","18S",2,"162-9",2022,12,16,"Haul 1","sample"
"1127","e02819-2-18S","Coscinodiscophyceae","class",312,"e02819","18S",2,"162-9",2022,12,16,"Haul 1","sample"
"1128","e02819-2-18S","Curvibasidium","genus",0,"e02819","18S",2,"162-9",2022,12,16,"Haul 1","sample"
"1129","e02819-2-18S","Cyclotrichium cyclokaryon","species",0,"e02819","18S",2,"162-9",2022,12,16,"Haul 1","sample"
"1130","e02819-2-18S","Cyranomonas australis","species",250,"e02819","18S",2,"162-9",2022,12,16,"Haul 1","sample"
"1131","e02819-2-18S","Decapoda","order",20.4354978354978,"e02819","18S",2,"162-9",2022,12,16,"Haul 1","sample"
"1132","e02819-2-18S","Dichomitus squalens","species",1383,"e02819","18S",2,"162-9",2022,12,16,"Haul 1","sample"
"1133","e02819-2-18S","Ebria tripartita","species",0,"e02819","18S",2,"162-9",2022,12,16,"Haul 1","sample"
"1134","e02819-2-18S","Esquamula lacrimiformis","species",1340,"e02819","18S",2,"162-9",2022,12,16,"Haul 1","sample"
"1135","e02819-2-18S","Gastropoda","class",0,"e02819","18S",2,"162-9",2022,12,16,"Haul 1","sample"
"1136","e02819-2-18S","Mamiellaceae","family",239,"e02819","18S",2,"162-9",2022,12,16,"Haul 1","sample"
"1137","e02819-2-18S","Mammalia","class",0,"e02819","18S",2,"162-9",2022,12,16,"Haul 1","sample"
"1138","e02819-2-18S","Mataza hastifera","species",478,"e02819","18S",2,"162-9",2022,12,16,"Haul 1","sample"
"1139","e02819-2-18S","Pleurocybella porrigens","species",0,"e02819","18S",2,"162-9",2022,12,16,"Haul 1","sample"
"1140","e02819-2-18S","Polychaeta","class",0,"e02819","18S",2,"162-9",2022,12,16,"Haul 1","sample"
"1141","e02819-2-18S","Schizoporaceae","family",0,"e02819","18S",2,"162-9",2022,12,16,"Haul 1","sample"
"1142","e02819-2-18S","Strombidium biarmatum","species",524,"e02819","18S",2,"162-9",2022,12,16,"Haul 1","sample"
"1143","e02819-2-18S","Thaumatomonadida","order",621,"e02819","18S",2,"162-9",2022,12,16,"Haul 1","sample"
"1144","e02819-2-18S","Tintinnidium cf. primitivum","species",200,"e02819","18S",2,"162-9",2022,12,16,"Haul 1","sample"
"1145","e02819-2-18S","Tremellales","order",0,"e02819","18S",2,"162-9",2022,12,16,"Haul 1","sample"
"1146","e02819-2-18S","Triparmaceae","family",540,"e02819","18S",2,"162-9",2022,12,16,"Haul 1","sample"
"1147","e02819-2-18S",NA,NA,4934,"e02819","18S",2,"162-9",2022,12,16,"Haul 1","sample"
"1148","e02820-1-18S","Actinopteri","class",0,"e02820","18S",1,"162-55",2022,12,16,"Haul 23","sample"
"1149","e02820-1-18S","Agaricales","order",0,"e02820","18S",1,"162-55",2022,12,16,"Haul 23","sample"
"1150","e02820-1-18S","Agaricomycetes","class",0,"e02820","18S",1,"162-55",2022,12,16,"Haul 23","sample"
"1151","e02820-1-18S","Amylocorticium cebennense","species",0,"e02820","18S",1,"162-55",2022,12,16,"Haul 23","sample"
"1152","e02820-1-18S","Ascomycota","phylum",0,"e02820","18S",1,"162-55",2022,12,16,"Haul 23","sample"
"1153","e02820-1-18S","Ascomycota/Basidiomycota","phylum",0,"e02820","18S",1,"162-55",2022,12,16,"Haul 23","sample"
"1154","e02820-1-18S","Auranticordis quadriverberis","species",0,"e02820","18S",1,"162-55",2022,12,16,"Haul 23","sample"
"1155","e02820-1-18S","Basidiomycota","phylum",0,"e02820","18S",1,"162-55",2022,12,16,"Haul 23","sample"
"1156","e02820-1-18S","Cercozoa","phylum",0,"e02820","18S",1,"162-55",2022,12,16,"Haul 23","sample"
"1157","e02820-1-18S","Chaetoceros","genus",0,"e02820","18S",1,"162-55",2022,12,16,"Haul 23","sample"
"1158","e02820-1-18S","Coscinodiscophyceae","class",0,"e02820","18S",1,"162-55",2022,12,16,"Haul 23","sample"
"1159","e02820-1-18S","Curvibasidium","genus",0,"e02820","18S",1,"162-55",2022,12,16,"Haul 23","sample"
"1160","e02820-1-18S","Cyclotrichium cyclokaryon","species",0,"e02820","18S",1,"162-55",2022,12,16,"Haul 23","sample"
"1161","e02820-1-18S","Cyranomonas australis","species",0,"e02820","18S",1,"162-55",2022,12,16,"Haul 23","sample"
"1162","e02820-1-18S","Decapoda","order",23822.2216450216,"e02820","18S",1,"162-55",2022,12,16,"Haul 23","sample"
"1163","e02820-1-18S","Dichomitus squalens","species",0,"e02820","18S",1,"162-55",2022,12,16,"Haul 23","sample"
"1164","e02820-1-18S","Ebria tripartita","species",0,"e02820","18S",1,"162-55",2022,12,16,"Haul 23","sample"
"1165","e02820-1-18S","Esquamula lacrimiformis","species",0,"e02820","18S",1,"162-55",2022,12,16,"Haul 23","sample"
"1166","e02820-1-18S","Gastropoda","class",0,"e02820","18S",1,"162-55",2022,12,16,"Haul 23","sample"
"1167","e02820-1-18S","Mamiellaceae","family",0,"e02820","18S",1,"162-55",2022,12,16,"Haul 23","sample"
"1168","e02820-1-18S","Mammalia","class",0,"e02820","18S",1,"162-55",2022,12,16,"Haul 23","sample"
"1169","e02820-1-18S","Mataza hastifera","species",0,"e02820","18S",1,"162-55",2022,12,16,"Haul 23","sample"
"1170","e02820-1-18S","Pleurocybella porrigens","species",0,"e02820","18S",1,"162-55",2022,12,16,"Haul 23","sample"
"1171","e02820-1-18S","Polychaeta","class",0,"e02820","18S",1,"162-55",2022,12,16,"Haul 23","sample"
"1172","e02820-1-18S","Schizoporaceae","family",0,"e02820","18S",1,"162-55",2022,12,16,"Haul 23","sample"
"1173","e02820-1-18S","Strombidium biarmatum","species",0,"e02820","18S",1,"162-55",2022,12,16,"Haul 23","sample"
"1174","e02820-1-18S","Thaumatomonadida","order",0,"e02820","18S",1,"162-55",2022,12,16,"Haul 23","sample"
"1175","e02820-1-18S","Tintinnidium cf. primitivum","species",0,"e02820","18S",1,"162-55",2022,12,16,"Haul 23","sample"
"1176","e02820-1-18S","Tremellales","order",0,"e02820","18S",1,"162-55",2022,12,16,"Haul 23","sample"
"1177","e02820-1-18S","Triparmaceae","family",0,"e02820","18S",1,"162-55",2022,12,16,"Haul 23","sample"
"1178","e02820-1-18S",NA,NA,0,"e02820","18S",1,"162-55",2022,12,16,"Haul 23","sample"
"1179","e02820-2-18S","Actinopteri","class",0,"e02820","18S",2,"162-55",2022,12,16,"Haul 23","sample"
"1180","e02820-2-18S","Agaricales","order",0,"e02820","18S",2,"162-55",2022,12,16,"Haul 23","sample"
"1181","e02820-2-18S","Agaricomycetes","class",0,"e02820","18S",2,"162-55",2022,12,16,"Haul 23","sample"
"1182","e02820-2-18S","Amylocorticium cebennense","species",0,"e02820","18S",2,"162-55",2022,12,16,"Haul 23","sample"
"1183","e02820-2-18S","Ascomycota","phylum",0,"e02820","18S",2,"162-55",2022,12,16,"Haul 23","sample"
"1184","e02820-2-18S","Ascomycota/Basidiomycota","phylum",0,"e02820","18S",2,"162-55",2022,12,16,"Haul 23","sample"
"1185","e02820-2-18S","Auranticordis quadriverberis","species",0,"e02820","18S",2,"162-55",2022,12,16,"Haul 23","sample"
"1186","e02820-2-18S","Basidiomycota","phylum",0,"e02820","18S",2,"162-55",2022,12,16,"Haul 23","sample"
"1187","e02820-2-18S","Cercozoa","phylum",0,"e02820","18S",2,"162-55",2022,12,16,"Haul 23","sample"
"1188","e02820-2-18S","Chaetoceros","genus",0,"e02820","18S",2,"162-55",2022,12,16,"Haul 23","sample"
"1189","e02820-2-18S","Coscinodiscophyceae","class",0,"e02820","18S",2,"162-55",2022,12,16,"Haul 23","sample"
"1190","e02820-2-18S","Curvibasidium","genus",0,"e02820","18S",2,"162-55",2022,12,16,"Haul 23","sample"
"1191","e02820-2-18S","Cyclotrichium cyclokaryon","species",0,"e02820","18S",2,"162-55",2022,12,16,"Haul 23","sample"
"1192","e02820-2-18S","Cyranomonas australis","species",0,"e02820","18S",2,"162-55",2022,12,16,"Haul 23","sample"
"1193","e02820-2-18S","Decapoda","order",25113.4764790765,"e02820","18S",2,"162-55",2022,12,16,"Haul 23","sample"
"1194","e02820-2-18S","Dichomitus squalens","species",0,"e02820","18S",2,"162-55",2022,12,16,"Haul 23","sample"
"1195","e02820-2-18S","Ebria tripartita","species",0,"e02820","18S",2,"162-55",2022,12,16,"Haul 23","sample"
"1196","e02820-2-18S","Esquamula lacrimiformis","species",0,"e02820","18S",2,"162-55",2022,12,16,"Haul 23","sample"
"1197","e02820-2-18S","Gastropoda","class",0,"e02820","18S",2,"162-55",2022,12,16,"Haul 23","sample"
"1198","e02820-2-18S","Mamiellaceae","family",0,"e02820","18S",2,"162-55",2022,12,16,"Haul 23","sample"
"1199","e02820-2-18S","Mammalia","class",0,"e02820","18S",2,"162-55",2022,12,16,"Haul 23","sample"
"1200","e02820-2-18S","Mataza hastifera","species",0,"e02820","18S",2,"162-55",2022,12,16,"Haul 23","sample"
"1201","e02820-2-18S","Pleurocybella porrigens","species",0,"e02820","18S",2,"162-55",2022,12,16,"Haul 23","sample"
"1202","e02820-2-18S","Polychaeta","class",0,"e02820","18S",2,"162-55",2022,12,16,"Haul 23","sample"
"1203","e02820-2-18S","Schizoporaceae","family",0,"e02820","18S",2,"162-55",2022,12,16,"Haul 23","sample"
"1204","e02820-2-18S","Strombidium biarmatum","species",0,"e02820","18S",2,"162-55",2022,12,16,"Haul 23","sample"
"1205","e02820-2-18S","Thaumatomonadida","order",0,"e02820","18S",2,"162-55",2022,12,16,"Haul 23","sample"
"1206","e02820-2-18S","Tintinnidium cf. primitivum","species",0,"e02820","18S",2,"162-55",2022,12,16,"Haul 23","sample"
"1207","e02820-2-18S","Tremellales","order",0,"e02820","18S",2,"162-55",2022,12,16,"Haul 23","sample"
"1208","e02820-2-18S","Triparmaceae","family",0,"e02820","18S",2,"162-55",2022,12,16,"Haul 23","sample"
"1209","e02820-2-18S",NA,NA,0,"e02820","18S",2,"162-55",2022,12,16,"Haul 23","sample"
"1210","e02821-1-18S","Actinopteri","class",9,"e02821","18S",1,"162-1",2022,12,16,"Haul 1","sample"
"1211","e02821-1-18S","Agaricales","order",0,"e02821","18S",1,"162-1",2022,12,16,"Haul 1","sample"
"1212","e02821-1-18S","Agaricomycetes","class",21,"e02821","18S",1,"162-1",2022,12,16,"Haul 1","sample"
"1213","e02821-1-18S","Amylocorticium cebennense","species",0,"e02821","18S",1,"162-1",2022,12,16,"Haul 1","sample"
"1214","e02821-1-18S","Ascomycota","phylum",0,"e02821","18S",1,"162-1",2022,12,16,"Haul 1","sample"
"1215","e02821-1-18S","Ascomycota/Basidiomycota","phylum",0,"e02821","18S",1,"162-1",2022,12,16,"Haul 1","sample"
"1216","e02821-1-18S","Auranticordis quadriverberis","species",83,"e02821","18S",1,"162-1",2022,12,16,"Haul 1","sample"
"1217","e02821-1-18S","Basidiomycota","phylum",0,"e02821","18S",1,"162-1",2022,12,16,"Haul 1","sample"
"1218","e02821-1-18S","Cercozoa","phylum",71,"e02821","18S",1,"162-1",2022,12,16,"Haul 1","sample"
"1219","e02821-1-18S","Chaetoceros","genus",1431.30133342427,"e02821","18S",1,"162-1",2022,12,16,"Haul 1","sample"
"1220","e02821-1-18S","Coscinodiscophyceae","class",107,"e02821","18S",1,"162-1",2022,12,16,"Haul 1","sample"
"1221","e02821-1-18S","Curvibasidium","genus",0,"e02821","18S",1,"162-1",2022,12,16,"Haul 1","sample"
"1222","e02821-1-18S","Cyclotrichium cyclokaryon","species",0,"e02821","18S",1,"162-1",2022,12,16,"Haul 1","sample"
"1223","e02821-1-18S","Cyranomonas australis","species",0,"e02821","18S",1,"162-1",2022,12,16,"Haul 1","sample"
"1224","e02821-1-18S","Decapoda","order",24020.3821067821,"e02821","18S",1,"162-1",2022,12,16,"Haul 1","sample"
"1225","e02821-1-18S","Dichomitus squalens","species",121,"e02821","18S",1,"162-1",2022,12,16,"Haul 1","sample"
"1226","e02821-1-18S","Ebria tripartita","species",0,"e02821","18S",1,"162-1",2022,12,16,"Haul 1","sample"
"1227","e02821-1-18S","Esquamula lacrimiformis","species",263,"e02821","18S",1,"162-1",2022,12,16,"Haul 1","sample"
"1228","e02821-1-18S","Gastropoda","class",0,"e02821","18S",1,"162-1",2022,12,16,"Haul 1","sample"
"1229","e02821-1-18S","Mamiellaceae","family",16,"e02821","18S",1,"162-1",2022,12,16,"Haul 1","sample"
"1230","e02821-1-18S","Mammalia","class",0,"e02821","18S",1,"162-1",2022,12,16,"Haul 1","sample"
"1231","e02821-1-18S","Mataza hastifera","species",60,"e02821","18S",1,"162-1",2022,12,16,"Haul 1","sample"
"1232","e02821-1-18S","Pleurocybella porrigens","species",0,"e02821","18S",1,"162-1",2022,12,16,"Haul 1","sample"
"1233","e02821-1-18S","Polychaeta","class",7,"e02821","18S",1,"162-1",2022,12,16,"Haul 1","sample"
"1234","e02821-1-18S","Schizoporaceae","family",0,"e02821","18S",1,"162-1",2022,12,16,"Haul 1","sample"
"1235","e02821-1-18S","Strombidium biarmatum","species",0,"e02821","18S",1,"162-1",2022,12,16,"Haul 1","sample"
"1236","e02821-1-18S","Thaumatomonadida","order",0,"e02821","18S",1,"162-1",2022,12,16,"Haul 1","sample"
"1237","e02821-1-18S","Tintinnidium cf. primitivum","species",122,"e02821","18S",1,"162-1",2022,12,16,"Haul 1","sample"
"1238","e02821-1-18S","Tremellales","order",0,"e02821","18S",1,"162-1",2022,12,16,"Haul 1","sample"
"1239","e02821-1-18S","Triparmaceae","family",8,"e02821","18S",1,"162-1",2022,12,16,"Haul 1","sample"
"1240","e02821-1-18S",NA,NA,508,"e02821","18S",1,"162-1",2022,12,16,"Haul 1","sample"
"1241","e02821-2-18S","Actinopteri","class",0,"e02821","18S",2,"162-1",2022,12,16,"Haul 1","sample"
"1242","e02821-2-18S","Agaricales","order",0,"e02821","18S",2,"162-1",2022,12,16,"Haul 1","sample"
"1243","e02821-2-18S","Agaricomycetes","class",0,"e02821","18S",2,"162-1",2022,12,16,"Haul 1","sample"
"1244","e02821-2-18S","Amylocorticium cebennense","species",0,"e02821","18S",2,"162-1",2022,12,16,"Haul 1","sample"
"1245","e02821-2-18S","Ascomycota","phylum",0,"e02821","18S",2,"162-1",2022,12,16,"Haul 1","sample"
"1246","e02821-2-18S","Ascomycota/Basidiomycota","phylum",0,"e02821","18S",2,"162-1",2022,12,16,"Haul 1","sample"
"1247","e02821-2-18S","Auranticordis quadriverberis","species",55,"e02821","18S",2,"162-1",2022,12,16,"Haul 1","sample"
"1248","e02821-2-18S","Basidiomycota","phylum",0,"e02821","18S",2,"162-1",2022,12,16,"Haul 1","sample"
"1249","e02821-2-18S","Cercozoa","phylum",81,"e02821","18S",2,"162-1",2022,12,16,"Haul 1","sample"
"1250","e02821-2-18S","Chaetoceros","genus",983.570200866214,"e02821","18S",2,"162-1",2022,12,16,"Haul 1","sample"
"1251","e02821-2-18S","Coscinodiscophyceae","class",155,"e02821","18S",2,"162-1",2022,12,16,"Haul 1","sample"
"1252","e02821-2-18S","Curvibasidium","genus",0,"e02821","18S",2,"162-1",2022,12,16,"Haul 1","sample"
"1253","e02821-2-18S","Cyclotrichium cyclokaryon","species",0,"e02821","18S",2,"162-1",2022,12,16,"Haul 1","sample"
"1254","e02821-2-18S","Cyranomonas australis","species",5,"e02821","18S",2,"162-1",2022,12,16,"Haul 1","sample"
"1255","e02821-2-18S","Decapoda","order",22746.5197691198,"e02821","18S",2,"162-1",2022,12,16,"Haul 1","sample"
"1256","e02821-2-18S","Dichomitus squalens","species",114,"e02821","18S",2,"162-1",2022,12,16,"Haul 1","sample"
"1257","e02821-2-18S","Ebria tripartita","species",0,"e02821","18S",2,"162-1",2022,12,16,"Haul 1","sample"
"1258","e02821-2-18S","Esquamula lacrimiformis","species",177,"e02821","18S",2,"162-1",2022,12,16,"Haul 1","sample"
"1259","e02821-2-18S","Gastropoda","class",0,"e02821","18S",2,"162-1",2022,12,16,"Haul 1","sample"
"1260","e02821-2-18S","Mamiellaceae","family",0,"e02821","18S",2,"162-1",2022,12,16,"Haul 1","sample"
"1261","e02821-2-18S","Mammalia","class",0,"e02821","18S",2,"162-1",2022,12,16,"Haul 1","sample"
"1262","e02821-2-18S","Mataza hastifera","species",83,"e02821","18S",2,"162-1",2022,12,16,"Haul 1","sample"
"1263","e02821-2-18S","Pleurocybella porrigens","species",0,"e02821","18S",2,"162-1",2022,12,16,"Haul 1","sample"
"1264","e02821-2-18S","Polychaeta","class",0,"e02821","18S",2,"162-1",2022,12,16,"Haul 1","sample"
"1265","e02821-2-18S","Schizoporaceae","family",0,"e02821","18S",2,"162-1",2022,12,16,"Haul 1","sample"
"1266","e02821-2-18S","Strombidium biarmatum","species",0,"e02821","18S",2,"162-1",2022,12,16,"Haul 1","sample"
"1267","e02821-2-18S","Thaumatomonadida","order",0,"e02821","18S",2,"162-1",2022,12,16,"Haul 1","sample"
"1268","e02821-2-18S","Tintinnidium cf. primitivum","species",96,"e02821","18S",2,"162-1",2022,12,16,"Haul 1","sample"
"1269","e02821-2-18S","Tremellales","order",0,"e02821","18S",2,"162-1",2022,12,16,"Haul 1","sample"
"1270","e02821-2-18S","Triparmaceae","family",0,"e02821","18S",2,"162-1",2022,12,16,"Haul 1","sample"
"1271","e02821-2-18S",NA,NA,382,"e02821","18S",2,"162-1",2022,12,16,"Haul 1","sample"
"1272","e02822-1-18S","Actinopteri","class",0,"e02822","18S",1,"162-199",2022,12,16,"Haul 127","sample"
"1273","e02822-1-18S","Agaricales","order",0,"e02822","18S",1,"162-199",2022,12,16,"Haul 127","sample"
"1274","e02822-1-18S","Agaricomycetes","class",53,"e02822","18S",1,"162-199",2022,12,16,"Haul 127","sample"
"1275","e02822-1-18S","Amylocorticium cebennense","species",0,"e02822","18S",1,"162-199",2022,12,16,"Haul 127","sample"
"1276","e02822-1-18S","Ascomycota","phylum",0,"e02822","18S",1,"162-199",2022,12,16,"Haul 127","sample"
"1277","e02822-1-18S","Ascomycota/Basidiomycota","phylum",0,"e02822","18S",1,"162-199",2022,12,16,"Haul 127","sample"
"1278","e02822-1-18S","Auranticordis quadriverberis","species",0,"e02822","18S",1,"162-199",2022,12,16,"Haul 127","sample"
"1279","e02822-1-18S","Basidiomycota","phylum",0,"e02822","18S",1,"162-199",2022,12,16,"Haul 127","sample"
"1280","e02822-1-18S","Cercozoa","phylum",0,"e02822","18S",1,"162-199",2022,12,16,"Haul 127","sample"
"1281","e02822-1-18S","Chaetoceros","genus",3254.04095761007,"e02822","18S",1,"162-199",2022,12,16,"Haul 127","sample"
"1282","e02822-1-18S","Coscinodiscophyceae","class",0,"e02822","18S",1,"162-199",2022,12,16,"Haul 127","sample"
"1283","e02822-1-18S","Curvibasidium","genus",0,"e02822","18S",1,"162-199",2022,12,16,"Haul 127","sample"
"1284","e02822-1-18S","Cyclotrichium cyclokaryon","species",0,"e02822","18S",1,"162-199",2022,12,16,"Haul 127","sample"
"1285","e02822-1-18S","Cyranomonas australis","species",0,"e02822","18S",1,"162-199",2022,12,16,"Haul 127","sample"
"1286","e02822-1-18S","Decapoda","order",11137.5116883117,"e02822","18S",1,"162-199",2022,12,16,"Haul 127","sample"
"1287","e02822-1-18S","Dichomitus squalens","species",0,"e02822","18S",1,"162-199",2022,12,16,"Haul 127","sample"
"1288","e02822-1-18S","Ebria tripartita","species",0,"e02822","18S",1,"162-199",2022,12,16,"Haul 127","sample"
"1289","e02822-1-18S","Esquamula lacrimiformis","species",0,"e02822","18S",1,"162-199",2022,12,16,"Haul 127","sample"
"1290","e02822-1-18S","Gastropoda","class",0,"e02822","18S",1,"162-199",2022,12,16,"Haul 127","sample"
"1291","e02822-1-18S","Mamiellaceae","family",0,"e02822","18S",1,"162-199",2022,12,16,"Haul 127","sample"
"1292","e02822-1-18S","Mammalia","class",47,"e02822","18S",1,"162-199",2022,12,16,"Haul 127","sample"
"1293","e02822-1-18S","Mataza hastifera","species",0,"e02822","18S",1,"162-199",2022,12,16,"Haul 127","sample"
"1294","e02822-1-18S","Pleurocybella porrigens","species",0,"e02822","18S",1,"162-199",2022,12,16,"Haul 127","sample"
"1295","e02822-1-18S","Polychaeta","class",0,"e02822","18S",1,"162-199",2022,12,16,"Haul 127","sample"
"1296","e02822-1-18S","Schizoporaceae","family",0,"e02822","18S",1,"162-199",2022,12,16,"Haul 127","sample"
"1297","e02822-1-18S","Strombidium biarmatum","species",815,"e02822","18S",1,"162-199",2022,12,16,"Haul 127","sample"
"1298","e02822-1-18S","Thaumatomonadida","order",190,"e02822","18S",1,"162-199",2022,12,16,"Haul 127","sample"
"1299","e02822-1-18S","Tintinnidium cf. primitivum","species",0,"e02822","18S",1,"162-199",2022,12,16,"Haul 127","sample"
"1300","e02822-1-18S","Tremellales","order",0,"e02822","18S",1,"162-199",2022,12,16,"Haul 127","sample"
"1301","e02822-1-18S","Triparmaceae","family",0,"e02822","18S",1,"162-199",2022,12,16,"Haul 127","sample"
"1302","e02822-1-18S",NA,NA,5193,"e02822","18S",1,"162-199",2022,12,16,"Haul 127","sample"
"1303","e02822-2-18S","Actinopteri","class",0,"e02822","18S",2,"162-199",2022,12,16,"Haul 127","sample"
"1304","e02822-2-18S","Agaricales","order",0,"e02822","18S",2,"162-199",2022,12,16,"Haul 127","sample"
"1305","e02822-2-18S","Agaricomycetes","class",256,"e02822","18S",2,"162-199",2022,12,16,"Haul 127","sample"
"1306","e02822-2-18S","Amylocorticium cebennense","species",0,"e02822","18S",2,"162-199",2022,12,16,"Haul 127","sample"
"1307","e02822-2-18S","Ascomycota","phylum",0,"e02822","18S",2,"162-199",2022,12,16,"Haul 127","sample"
"1308","e02822-2-18S","Ascomycota/Basidiomycota","phylum",0,"e02822","18S",2,"162-199",2022,12,16,"Haul 127","sample"
"1309","e02822-2-18S","Auranticordis quadriverberis","species",0,"e02822","18S",2,"162-199",2022,12,16,"Haul 127","sample"
"1310","e02822-2-18S","Basidiomycota","phylum",0,"e02822","18S",2,"162-199",2022,12,16,"Haul 127","sample"
"1311","e02822-2-18S","Cercozoa","phylum",0,"e02822","18S",2,"162-199",2022,12,16,"Haul 127","sample"
"1312","e02822-2-18S","Chaetoceros","genus",2962.94761791086,"e02822","18S",2,"162-199",2022,12,16,"Haul 127","sample"
"1313","e02822-2-18S","Coscinodiscophyceae","class",0,"e02822","18S",2,"162-199",2022,12,16,"Haul 127","sample"
"1314","e02822-2-18S","Curvibasidium","genus",0,"e02822","18S",2,"162-199",2022,12,16,"Haul 127","sample"
"1315","e02822-2-18S","Cyclotrichium cyclokaryon","species",0,"e02822","18S",2,"162-199",2022,12,16,"Haul 127","sample"
"1316","e02822-2-18S","Cyranomonas australis","species",0,"e02822","18S",2,"162-199",2022,12,16,"Haul 127","sample"
"1317","e02822-2-18S","Decapoda","order",16356.8854256854,"e02822","18S",2,"162-199",2022,12,16,"Haul 127","sample"
"1318","e02822-2-18S","Dichomitus squalens","species",94,"e02822","18S",2,"162-199",2022,12,16,"Haul 127","sample"
"1319","e02822-2-18S","Ebria tripartita","species",0,"e02822","18S",2,"162-199",2022,12,16,"Haul 127","sample"
"1320","e02822-2-18S","Esquamula lacrimiformis","species",0,"e02822","18S",2,"162-199",2022,12,16,"Haul 127","sample"
"1321","e02822-2-18S","Gastropoda","class",0,"e02822","18S",2,"162-199",2022,12,16,"Haul 127","sample"
"1322","e02822-2-18S","Mamiellaceae","family",0,"e02822","18S",2,"162-199",2022,12,16,"Haul 127","sample"
"1323","e02822-2-18S","Mammalia","class",0,"e02822","18S",2,"162-199",2022,12,16,"Haul 127","sample"
"1324","e02822-2-18S","Mataza hastifera","species",0,"e02822","18S",2,"162-199",2022,12,16,"Haul 127","sample"
"1325","e02822-2-18S","Pleurocybella porrigens","species",0,"e02822","18S",2,"162-199",2022,12,16,"Haul 127","sample"
"1326","e02822-2-18S","Polychaeta","class",0,"e02822","18S",2,"162-199",2022,12,16,"Haul 127","sample"
"1327","e02822-2-18S","Schizoporaceae","family",0,"e02822","18S",2,"162-199",2022,12,16,"Haul 127","sample"
"1328","e02822-2-18S","Strombidium biarmatum","species",2357,"e02822","18S",2,"162-199",2022,12,16,"Haul 127","sample"
"1329","e02822-2-18S","Thaumatomonadida","order",39,"e02822","18S",2,"162-199",2022,12,16,"Haul 127","sample"
"1330","e02822-2-18S","Tintinnidium cf. primitivum","species",0,"e02822","18S",2,"162-199",2022,12,16,"Haul 127","sample"
"1331","e02822-2-18S","Tremellales","order",0,"e02822","18S",2,"162-199",2022,12,16,"Haul 127","sample"
"1332","e02822-2-18S","Triparmaceae","family",0,"e02822","18S",2,"162-199",2022,12,16,"Haul 127","sample"
"1333","e02822-2-18S",NA,NA,5982,"e02822","18S",2,"162-199",2022,12,16,"Haul 127","sample"
"1334","e02823-1-18S","Actinopteri","class",0,"e02823","18S",1,"94-65",2022,12,NA,NA,"sample"
"1335","e02823-1-18S","Agaricales","order",0,"e02823","18S",1,"94-65",2022,12,NA,NA,"sample"
"1336","e02823-1-18S","Agaricomycetes","class",0,"e02823","18S",1,"94-65",2022,12,NA,NA,"sample"
"1337","e02823-1-18S","Amylocorticium cebennense","species",0,"e02823","18S",1,"94-65",2022,12,NA,NA,"sample"
"1338","e02823-1-18S","Ascomycota","phylum",0,"e02823","18S",1,"94-65",2022,12,NA,NA,"sample"
"1339","e02823-1-18S","Ascomycota/Basidiomycota","phylum",0,"e02823","18S",1,"94-65",2022,12,NA,NA,"sample"
"1340","e02823-1-18S","Auranticordis quadriverberis","species",0,"e02823","18S",1,"94-65",2022,12,NA,NA,"sample"
"1341","e02823-1-18S","Basidiomycota","phylum",0,"e02823","18S",1,"94-65",2022,12,NA,NA,"sample"
"1342","e02823-1-18S","Cercozoa","phylum",0,"e02823","18S",1,"94-65",2022,12,NA,NA,"sample"
"1343","e02823-1-18S","Chaetoceros","genus",199.112812468029,"e02823","18S",1,"94-65",2022,12,NA,NA,"sample"
"1344","e02823-1-18S","Coscinodiscophyceae","class",0,"e02823","18S",1,"94-65",2022,12,NA,NA,"sample"
"1345","e02823-1-18S","Curvibasidium","genus",0,"e02823","18S",1,"94-65",2022,12,NA,NA,"sample"
"1346","e02823-1-18S","Cyclotrichium cyclokaryon","species",0,"e02823","18S",1,"94-65",2022,12,NA,NA,"sample"
"1347","e02823-1-18S","Cyranomonas australis","species",0,"e02823","18S",1,"94-65",2022,12,NA,NA,"sample"
"1348","e02823-1-18S","Decapoda","order",28192.5844155844,"e02823","18S",1,"94-65",2022,12,NA,NA,"sample"
"1349","e02823-1-18S","Dichomitus squalens","species",0,"e02823","18S",1,"94-65",2022,12,NA,NA,"sample"
"1350","e02823-1-18S","Ebria tripartita","species",0,"e02823","18S",1,"94-65",2022,12,NA,NA,"sample"
"1351","e02823-1-18S","Esquamula lacrimiformis","species",0,"e02823","18S",1,"94-65",2022,12,NA,NA,"sample"
"1352","e02823-1-18S","Gastropoda","class",0,"e02823","18S",1,"94-65",2022,12,NA,NA,"sample"
"1353","e02823-1-18S","Mamiellaceae","family",0,"e02823","18S",1,"94-65",2022,12,NA,NA,"sample"
"1354","e02823-1-18S","Mammalia","class",0,"e02823","18S",1,"94-65",2022,12,NA,NA,"sample"
"1355","e02823-1-18S","Mataza hastifera","species",0,"e02823","18S",1,"94-65",2022,12,NA,NA,"sample"
"1356","e02823-1-18S","Pleurocybella porrigens","species",0,"e02823","18S",1,"94-65",2022,12,NA,NA,"sample"
"1357","e02823-1-18S","Polychaeta","class",0,"e02823","18S",1,"94-65",2022,12,NA,NA,"sample"
"1358","e02823-1-18S","Schizoporaceae","family",0,"e02823","18S",1,"94-65",2022,12,NA,NA,"sample"
"1359","e02823-1-18S","Strombidium biarmatum","species",0,"e02823","18S",1,"94-65",2022,12,NA,NA,"sample"
"1360","e02823-1-18S","Thaumatomonadida","order",0,"e02823","18S",1,"94-65",2022,12,NA,NA,"sample"
"1361","e02823-1-18S","Tintinnidium cf. primitivum","species",0,"e02823","18S",1,"94-65",2022,12,NA,NA,"sample"
"1362","e02823-1-18S","Tremellales","order",0,"e02823","18S",1,"94-65",2022,12,NA,NA,"sample"
"1363","e02823-1-18S","Triparmaceae","family",0,"e02823","18S",1,"94-65",2022,12,NA,NA,"sample"
"1364","e02823-1-18S",NA,NA,0,"e02823","18S",1,"94-65",2022,12,NA,NA,"sample"
"1365","e02823-2-18S","Actinopteri","class",0,"e02823","18S",2,"94-65",2022,12,NA,NA,"sample"
"1366","e02823-2-18S","Agaricales","order",0,"e02823","18S",2,"94-65",2022,12,NA,NA,"sample"
"1367","e02823-2-18S","Agaricomycetes","class",7,"e02823","18S",2,"94-65",2022,12,NA,NA,"sample"
"1368","e02823-2-18S","Amylocorticium cebennense","species",0,"e02823","18S",2,"94-65",2022,12,NA,NA,"sample"
"1369","e02823-2-18S","Ascomycota","phylum",0,"e02823","18S",2,"94-65",2022,12,NA,NA,"sample"
"1370","e02823-2-18S","Ascomycota/Basidiomycota","phylum",0,"e02823","18S",2,"94-65",2022,12,NA,NA,"sample"
"1371","e02823-2-18S","Auranticordis quadriverberis","species",0,"e02823","18S",2,"94-65",2022,12,NA,NA,"sample"
"1372","e02823-2-18S","Basidiomycota","phylum",0,"e02823","18S",2,"94-65",2022,12,NA,NA,"sample"
"1373","e02823-2-18S","Cercozoa","phylum",0,"e02823","18S",2,"94-65",2022,12,NA,NA,"sample"
"1374","e02823-2-18S","Chaetoceros","genus",147.148961566006,"e02823","18S",2,"94-65",2022,12,NA,NA,"sample"
"1375","e02823-2-18S","Coscinodiscophyceae","class",0,"e02823","18S",2,"94-65",2022,12,NA,NA,"sample"
"1376","e02823-2-18S","Curvibasidium","genus",0,"e02823","18S",2,"94-65",2022,12,NA,NA,"sample"
"1377","e02823-2-18S","Cyclotrichium cyclokaryon","species",0,"e02823","18S",2,"94-65",2022,12,NA,NA,"sample"
"1378","e02823-2-18S","Cyranomonas australis","species",0,"e02823","18S",2,"94-65",2022,12,NA,NA,"sample"
"1379","e02823-2-18S","Decapoda","order",27960.7373737374,"e02823","18S",2,"94-65",2022,12,NA,NA,"sample"
"1380","e02823-2-18S","Dichomitus squalens","species",0,"e02823","18S",2,"94-65",2022,12,NA,NA,"sample"
"1381","e02823-2-18S","Ebria tripartita","species",0,"e02823","18S",2,"94-65",2022,12,NA,NA,"sample"
"1382","e02823-2-18S","Esquamula lacrimiformis","species",0,"e02823","18S",2,"94-65",2022,12,NA,NA,"sample"
"1383","e02823-2-18S","Gastropoda","class",0,"e02823","18S",2,"94-65",2022,12,NA,NA,"sample"
"1384","e02823-2-18S","Mamiellaceae","family",0,"e02823","18S",2,"94-65",2022,12,NA,NA,"sample"
"1385","e02823-2-18S","Mammalia","class",0,"e02823","18S",2,"94-65",2022,12,NA,NA,"sample"
"1386","e02823-2-18S","Mataza hastifera","species",0,"e02823","18S",2,"94-65",2022,12,NA,NA,"sample"
"1387","e02823-2-18S","Pleurocybella porrigens","species",0,"e02823","18S",2,"94-65",2022,12,NA,NA,"sample"
"1388","e02823-2-18S","Polychaeta","class",0,"e02823","18S",2,"94-65",2022,12,NA,NA,"sample"
"1389","e02823-2-18S","Schizoporaceae","family",0,"e02823","18S",2,"94-65",2022,12,NA,NA,"sample"
"1390","e02823-2-18S","Strombidium biarmatum","species",0,"e02823","18S",2,"94-65",2022,12,NA,NA,"sample"
"1391","e02823-2-18S","Thaumatomonadida","order",0,"e02823","18S",2,"94-65",2022,12,NA,NA,"sample"
"1392","e02823-2-18S","Tintinnidium cf. primitivum","species",0,"e02823","18S",2,"94-65",2022,12,NA,NA,"sample"
"1393","e02823-2-18S","Tremellales","order",0,"e02823","18S",2,"94-65",2022,12,NA,NA,"sample"
"1394","e02823-2-18S","Triparmaceae","family",0,"e02823","18S",2,"94-65",2022,12,NA,NA,"sample"
"1395","e02823-2-18S",NA,NA,0,"e02823","18S",2,"94-65",2022,12,NA,NA,"sample"
"1396","e02824-1-18S","Actinopteri","class",0,"e02824","18S",1,"94-75",2022,12,NA,NA,"sample"
"1397","e02824-1-18S","Agaricales","order",0,"e02824","18S",1,"94-75",2022,12,NA,NA,"sample"
"1398","e02824-1-18S","Agaricomycetes","class",0,"e02824","18S",1,"94-75",2022,12,NA,NA,"sample"
"1399","e02824-1-18S","Amylocorticium cebennense","species",0,"e02824","18S",1,"94-75",2022,12,NA,NA,"sample"
"1400","e02824-1-18S","Ascomycota","phylum",0,"e02824","18S",1,"94-75",2022,12,NA,NA,"sample"
"1401","e02824-1-18S","Ascomycota/Basidiomycota","phylum",0,"e02824","18S",1,"94-75",2022,12,NA,NA,"sample"
"1402","e02824-1-18S","Auranticordis quadriverberis","species",382,"e02824","18S",1,"94-75",2022,12,NA,NA,"sample"
"1403","e02824-1-18S","Basidiomycota","phylum",0,"e02824","18S",1,"94-75",2022,12,NA,NA,"sample"
"1404","e02824-1-18S","Cercozoa","phylum",153,"e02824","18S",1,"94-75",2022,12,NA,NA,"sample"
"1405","e02824-1-18S","Chaetoceros","genus",5021.1967397606,"e02824","18S",1,"94-75",2022,12,NA,NA,"sample"
"1406","e02824-1-18S","Coscinodiscophyceae","class",0,"e02824","18S",1,"94-75",2022,12,NA,NA,"sample"
"1407","e02824-1-18S","Curvibasidium","genus",0,"e02824","18S",1,"94-75",2022,12,NA,NA,"sample"
"1408","e02824-1-18S","Cyclotrichium cyclokaryon","species",0,"e02824","18S",1,"94-75",2022,12,NA,NA,"sample"
"1409","e02824-1-18S","Cyranomonas australis","species",0,"e02824","18S",1,"94-75",2022,12,NA,NA,"sample"
"1410","e02824-1-18S","Decapoda","order",3979.17085137085,"e02824","18S",1,"94-75",2022,12,NA,NA,"sample"
"1411","e02824-1-18S","Dichomitus squalens","species",24,"e02824","18S",1,"94-75",2022,12,NA,NA,"sample"
"1412","e02824-1-18S","Ebria tripartita","species",0,"e02824","18S",1,"94-75",2022,12,NA,NA,"sample"
"1413","e02824-1-18S","Esquamula lacrimiformis","species",0,"e02824","18S",1,"94-75",2022,12,NA,NA,"sample"
"1414","e02824-1-18S","Gastropoda","class",0,"e02824","18S",1,"94-75",2022,12,NA,NA,"sample"
"1415","e02824-1-18S","Mamiellaceae","family",0,"e02824","18S",1,"94-75",2022,12,NA,NA,"sample"
"1416","e02824-1-18S","Mammalia","class",0,"e02824","18S",1,"94-75",2022,12,NA,NA,"sample"
"1417","e02824-1-18S","Mataza hastifera","species",196,"e02824","18S",1,"94-75",2022,12,NA,NA,"sample"
"1418","e02824-1-18S","Pleurocybella porrigens","species",0,"e02824","18S",1,"94-75",2022,12,NA,NA,"sample"
"1419","e02824-1-18S","Polychaeta","class",0,"e02824","18S",1,"94-75",2022,12,NA,NA,"sample"
"1420","e02824-1-18S","Schizoporaceae","family",0,"e02824","18S",1,"94-75",2022,12,NA,NA,"sample"
"1421","e02824-1-18S","Strombidium biarmatum","species",0,"e02824","18S",1,"94-75",2022,12,NA,NA,"sample"
"1422","e02824-1-18S","Thaumatomonadida","order",1604,"e02824","18S",1,"94-75",2022,12,NA,NA,"sample"
"1423","e02824-1-18S","Tintinnidium cf. primitivum","species",0,"e02824","18S",1,"94-75",2022,12,NA,NA,"sample"
"1424","e02824-1-18S","Tremellales","order",0,"e02824","18S",1,"94-75",2022,12,NA,NA,"sample"
"1425","e02824-1-18S","Triparmaceae","family",0,"e02824","18S",1,"94-75",2022,12,NA,NA,"sample"
"1426","e02824-1-18S",NA,NA,8503,"e02824","18S",1,"94-75",2022,12,NA,NA,"sample"
"1427","e02824-2-18S","Actinopteri","class",0,"e02824","18S",2,"94-75",2022,12,NA,NA,"sample"
"1428","e02824-2-18S","Agaricales","order",0,"e02824","18S",2,"94-75",2022,12,NA,NA,"sample"
"1429","e02824-2-18S","Agaricomycetes","class",671,"e02824","18S",2,"94-75",2022,12,NA,NA,"sample"
"1430","e02824-2-18S","Amylocorticium cebennense","species",303,"e02824","18S",2,"94-75",2022,12,NA,NA,"sample"
"1431","e02824-2-18S","Ascomycota","phylum",0,"e02824","18S",2,"94-75",2022,12,NA,NA,"sample"
"1432","e02824-2-18S","Ascomycota/Basidiomycota","phylum",0,"e02824","18S",2,"94-75",2022,12,NA,NA,"sample"
"1433","e02824-2-18S","Auranticordis quadriverberis","species",1981,"e02824","18S",2,"94-75",2022,12,NA,NA,"sample"
"1434","e02824-2-18S","Basidiomycota","phylum",0,"e02824","18S",2,"94-75",2022,12,NA,NA,"sample"
"1435","e02824-2-18S","Cercozoa","phylum",257,"e02824","18S",2,"94-75",2022,12,NA,NA,"sample"
"1436","e02824-2-18S","Chaetoceros","genus",82.86270163353,"e02824","18S",2,"94-75",2022,12,NA,NA,"sample"
"1437","e02824-2-18S","Coscinodiscophyceae","class",0,"e02824","18S",2,"94-75",2022,12,NA,NA,"sample"
"1438","e02824-2-18S","Curvibasidium","genus",0,"e02824","18S",2,"94-75",2022,12,NA,NA,"sample"
"1439","e02824-2-18S","Cyclotrichium cyclokaryon","species",0,"e02824","18S",2,"94-75",2022,12,NA,NA,"sample"
"1440","e02824-2-18S","Cyranomonas australis","species",0,"e02824","18S",2,"94-75",2022,12,NA,NA,"sample"
"1441","e02824-2-18S","Decapoda","order",5647.98874458875,"e02824","18S",2,"94-75",2022,12,NA,NA,"sample"
"1442","e02824-2-18S","Dichomitus squalens","species",0,"e02824","18S",2,"94-75",2022,12,NA,NA,"sample"
"1443","e02824-2-18S","Ebria tripartita","species",3673,"e02824","18S",2,"94-75",2022,12,NA,NA,"sample"
"1444","e02824-2-18S","Esquamula lacrimiformis","species",0,"e02824","18S",2,"94-75",2022,12,NA,NA,"sample"
"1445","e02824-2-18S","Gastropoda","class",0,"e02824","18S",2,"94-75",2022,12,NA,NA,"sample"
"1446","e02824-2-18S","Mamiellaceae","family",0,"e02824","18S",2,"94-75",2022,12,NA,NA,"sample"
"1447","e02824-2-18S","Mammalia","class",0,"e02824","18S",2,"94-75",2022,12,NA,NA,"sample"
"1448","e02824-2-18S","Mataza hastifera","species",49,"e02824","18S",2,"94-75",2022,12,NA,NA,"sample"
"1449","e02824-2-18S","Pleurocybella porrigens","species",0,"e02824","18S",2,"94-75",2022,12,NA,NA,"sample"
"1450","e02824-2-18S","Polychaeta","class",0,"e02824","18S",2,"94-75",2022,12,NA,NA,"sample"
"1451","e02824-2-18S","Schizoporaceae","family",0,"e02824","18S",2,"94-75",2022,12,NA,NA,"sample"
"1452","e02824-2-18S","Strombidium biarmatum","species",0,"e02824","18S",2,"94-75",2022,12,NA,NA,"sample"
"1453","e02824-2-18S","Thaumatomonadida","order",685,"e02824","18S",2,"94-75",2022,12,NA,NA,"sample"
"1454","e02824-2-18S","Tintinnidium cf. primitivum","species",0,"e02824","18S",2,"94-75",2022,12,NA,NA,"sample"
"1455","e02824-2-18S","Tremellales","order",0,"e02824","18S",2,"94-75",2022,12,NA,NA,"sample"
"1456","e02824-2-18S","Triparmaceae","family",0,"e02824","18S",2,"94-75",2022,12,NA,NA,"sample"
"1457","e02824-2-18S",NA,NA,2006,"e02824","18S",2,"94-75",2022,12,NA,NA,"sample"
"1458","e02825-1-18S","Actinopteri","class",2314,"e02825","18S",1,"94-77",2022,12,NA,NA,"sample"
"1459","e02825-1-18S","Agaricales","order",0,"e02825","18S",1,"94-77",2022,12,NA,NA,"sample"
"1460","e02825-1-18S","Agaricomycetes","class",5524,"e02825","18S",1,"94-77",2022,12,NA,NA,"sample"
"1461","e02825-1-18S","Amylocorticium cebennense","species",0,"e02825","18S",1,"94-77",2022,12,NA,NA,"sample"
"1462","e02825-1-18S","Ascomycota","phylum",0,"e02825","18S",1,"94-77",2022,12,NA,NA,"sample"
"1463","e02825-1-18S","Ascomycota/Basidiomycota","phylum",0,"e02825","18S",1,"94-77",2022,12,NA,NA,"sample"
"1464","e02825-1-18S","Auranticordis quadriverberis","species",0,"e02825","18S",1,"94-77",2022,12,NA,NA,"sample"
"1465","e02825-1-18S","Basidiomycota","phylum",3357,"e02825","18S",1,"94-77",2022,12,NA,NA,"sample"
"1466","e02825-1-18S","Cercozoa","phylum",0,"e02825","18S",1,"94-77",2022,12,NA,NA,"sample"
"1467","e02825-1-18S","Chaetoceros","genus",3558.34167718173,"e02825","18S",1,"94-77",2022,12,NA,NA,"sample"
"1468","e02825-1-18S","Coscinodiscophyceae","class",0,"e02825","18S",1,"94-77",2022,12,NA,NA,"sample"
"1469","e02825-1-18S","Curvibasidium","genus",10,"e02825","18S",1,"94-77",2022,12,NA,NA,"sample"
"1470","e02825-1-18S","Cyclotrichium cyclokaryon","species",0,"e02825","18S",1,"94-77",2022,12,NA,NA,"sample"
"1471","e02825-1-18S","Cyranomonas australis","species",0,"e02825","18S",1,"94-77",2022,12,NA,NA,"sample"
"1472","e02825-1-18S","Decapoda","order",16643.3215007215,"e02825","18S",1,"94-77",2022,12,NA,NA,"sample"
"1473","e02825-1-18S","Dichomitus squalens","species",0,"e02825","18S",1,"94-77",2022,12,NA,NA,"sample"
"1474","e02825-1-18S","Ebria tripartita","species",0,"e02825","18S",1,"94-77",2022,12,NA,NA,"sample"
"1475","e02825-1-18S","Esquamula lacrimiformis","species",0,"e02825","18S",1,"94-77",2022,12,NA,NA,"sample"
"1476","e02825-1-18S","Gastropoda","class",0,"e02825","18S",1,"94-77",2022,12,NA,NA,"sample"
"1477","e02825-1-18S","Mamiellaceae","family",0,"e02825","18S",1,"94-77",2022,12,NA,NA,"sample"
"1478","e02825-1-18S","Mammalia","class",920,"e02825","18S",1,"94-77",2022,12,NA,NA,"sample"
"1479","e02825-1-18S","Mataza hastifera","species",0,"e02825","18S",1,"94-77",2022,12,NA,NA,"sample"
"1480","e02825-1-18S","Pleurocybella porrigens","species",0,"e02825","18S",1,"94-77",2022,12,NA,NA,"sample"
"1481","e02825-1-18S","Polychaeta","class",0,"e02825","18S",1,"94-77",2022,12,NA,NA,"sample"
"1482","e02825-1-18S","Schizoporaceae","family",0,"e02825","18S",1,"94-77",2022,12,NA,NA,"sample"
"1483","e02825-1-18S","Strombidium biarmatum","species",0,"e02825","18S",1,"94-77",2022,12,NA,NA,"sample"
"1484","e02825-1-18S","Thaumatomonadida","order",0,"e02825","18S",1,"94-77",2022,12,NA,NA,"sample"
"1485","e02825-1-18S","Tintinnidium cf. primitivum","species",0,"e02825","18S",1,"94-77",2022,12,NA,NA,"sample"
"1486","e02825-1-18S","Tremellales","order",0,"e02825","18S",1,"94-77",2022,12,NA,NA,"sample"
"1487","e02825-1-18S","Triparmaceae","family",0,"e02825","18S",1,"94-77",2022,12,NA,NA,"sample"
"1488","e02825-1-18S",NA,NA,1582,"e02825","18S",1,"94-77",2022,12,NA,NA,"sample"
"1489","e02825-2-18S","Actinopteri","class",0,"e02825","18S",2,"94-77",2022,12,NA,NA,"sample"
"1490","e02825-2-18S","Agaricales","order",0,"e02825","18S",2,"94-77",2022,12,NA,NA,"sample"
"1491","e02825-2-18S","Agaricomycetes","class",5441,"e02825","18S",2,"94-77",2022,12,NA,NA,"sample"
"1492","e02825-2-18S","Amylocorticium cebennense","species",0,"e02825","18S",2,"94-77",2022,12,NA,NA,"sample"
"1493","e02825-2-18S","Ascomycota","phylum",18,"e02825","18S",2,"94-77",2022,12,NA,NA,"sample"
"1494","e02825-2-18S","Ascomycota/Basidiomycota","phylum",331,"e02825","18S",2,"94-77",2022,12,NA,NA,"sample"
"1495","e02825-2-18S","Auranticordis quadriverberis","species",0,"e02825","18S",2,"94-77",2022,12,NA,NA,"sample"
"1496","e02825-2-18S","Basidiomycota","phylum",0,"e02825","18S",2,"94-77",2022,12,NA,NA,"sample"
"1497","e02825-2-18S","Cercozoa","phylum",0,"e02825","18S",2,"94-77",2022,12,NA,NA,"sample"
"1498","e02825-2-18S","Chaetoceros","genus",961.769771169389,"e02825","18S",2,"94-77",2022,12,NA,NA,"sample"
"1499","e02825-2-18S","Coscinodiscophyceae","class",0,"e02825","18S",2,"94-77",2022,12,NA,NA,"sample"
"1500","e02825-2-18S","Curvibasidium","genus",0,"e02825","18S",2,"94-77",2022,12,NA,NA,"sample"
"1501","e02825-2-18S","Cyclotrichium cyclokaryon","species",0,"e02825","18S",2,"94-77",2022,12,NA,NA,"sample"
"1502","e02825-2-18S","Cyranomonas australis","species",0,"e02825","18S",2,"94-77",2022,12,NA,NA,"sample"
"1503","e02825-2-18S","Decapoda","order",14208.3642135642,"e02825","18S",2,"94-77",2022,12,NA,NA,"sample"
"1504","e02825-2-18S","Dichomitus squalens","species",0,"e02825","18S",2,"94-77",2022,12,NA,NA,"sample"
"1505","e02825-2-18S","Ebria tripartita","species",571,"e02825","18S",2,"94-77",2022,12,NA,NA,"sample"
"1506","e02825-2-18S","Esquamula lacrimiformis","species",0,"e02825","18S",2,"94-77",2022,12,NA,NA,"sample"
"1507","e02825-2-18S","Gastropoda","class",0,"e02825","18S",2,"94-77",2022,12,NA,NA,"sample"
"1508","e02825-2-18S","Mamiellaceae","family",0,"e02825","18S",2,"94-77",2022,12,NA,NA,"sample"
"1509","e02825-2-18S","Mammalia","class",1253,"e02825","18S",2,"94-77",2022,12,NA,NA,"sample"
"1510","e02825-2-18S","Mataza hastifera","species",25,"e02825","18S",2,"94-77",2022,12,NA,NA,"sample"
"1511","e02825-2-18S","Pleurocybella porrigens","species",0,"e02825","18S",2,"94-77",2022,12,NA,NA,"sample"
"1512","e02825-2-18S","Polychaeta","class",0,"e02825","18S",2,"94-77",2022,12,NA,NA,"sample"
"1513","e02825-2-18S","Schizoporaceae","family",0,"e02825","18S",2,"94-77",2022,12,NA,NA,"sample"
"1514","e02825-2-18S","Strombidium biarmatum","species",0,"e02825","18S",2,"94-77",2022,12,NA,NA,"sample"
"1515","e02825-2-18S","Thaumatomonadida","order",0,"e02825","18S",2,"94-77",2022,12,NA,NA,"sample"
"1516","e02825-2-18S","Tintinnidium cf. primitivum","species",0,"e02825","18S",2,"94-77",2022,12,NA,NA,"sample"
"1517","e02825-2-18S","Tremellales","order",0,"e02825","18S",2,"94-77",2022,12,NA,NA,"sample"
"1518","e02825-2-18S","Triparmaceae","family",0,"e02825","18S",2,"94-77",2022,12,NA,NA,"sample"
"1519","e02825-2-18S",NA,NA,599,"e02825","18S",2,"94-77",2022,12,NA,NA,"sample"
"1520","e02826-1-18S","Actinopteri","class",270,"e02826","18S",1,"NC1",NA,NA,NA,NA,"extraction_blank"
"1521","e02826-1-18S","Agaricales","order",0,"e02826","18S",1,"NC1",NA,NA,NA,NA,"extraction_blank"
"1522","e02826-1-18S","Agaricomycetes","class",680,"e02826","18S",1,"NC1",NA,NA,NA,NA,"extraction_blank"
"1523","e02826-1-18S","Amylocorticium cebennense","species",0,"e02826","18S",1,"NC1",NA,NA,NA,NA,"extraction_blank"
"1524","e02826-1-18S","Ascomycota","phylum",0,"e02826","18S",1,"NC1",NA,NA,NA,NA,"extraction_blank"
"1525","e02826-1-18S","Ascomycota/Basidiomycota","phylum",0,"e02826","18S",1,"NC1",NA,NA,NA,NA,"extraction_blank"
"1526","e02826-1-18S","Auranticordis quadriverberis","species",0,"e02826","18S",1,"NC1",NA,NA,NA,NA,"extraction_blank"
"1527","e02826-1-18S","Basidiomycota","phylum",0,"e02826","18S",1,"NC1",NA,NA,NA,NA,"extraction_blank"
"1528","e02826-1-18S","Cercozoa","phylum",0,"e02826","18S",1,"NC1",NA,NA,NA,NA,"extraction_blank"
"1529","e02826-1-18S","Chaetoceros","genus",0,"e02826","18S",1,"NC1",NA,NA,NA,NA,"extraction_blank"
"1530","e02826-1-18S","Coscinodiscophyceae","class",0,"e02826","18S",1,"NC1",NA,NA,NA,NA,"extraction_blank"
"1531","e02826-1-18S","Curvibasidium","genus",0,"e02826","18S",1,"NC1",NA,NA,NA,NA,"extraction_blank"
"1532","e02826-1-18S","Cyclotrichium cyclokaryon","species",0,"e02826","18S",1,"NC1",NA,NA,NA,NA,"extraction_blank"
"1533","e02826-1-18S","Cyranomonas australis","species",0,"e02826","18S",1,"NC1",NA,NA,NA,NA,"extraction_blank"
"1534","e02826-1-18S","Decapoda","order",23845.1396825397,"e02826","18S",1,"NC1",NA,NA,NA,NA,"extraction_blank"
"1535","e02826-1-18S","Dichomitus squalens","species",0,"e02826","18S",1,"NC1",NA,NA,NA,NA,"extraction_blank"
"1536","e02826-1-18S","Ebria tripartita","species",0,"e02826","18S",1,"NC1",NA,NA,NA,NA,"extraction_blank"
"1537","e02826-1-18S","Esquamula lacrimiformis","species",0,"e02826","18S",1,"NC1",NA,NA,NA,NA,"extraction_blank"
"1538","e02826-1-18S","Gastropoda","class",0,"e02826","18S",1,"NC1",NA,NA,NA,NA,"extraction_blank"
"1539","e02826-1-18S","Mamiellaceae","family",0,"e02826","18S",1,"NC1",NA,NA,NA,NA,"extraction_blank"
"1540","e02826-1-18S","Mammalia","class",28,"e02826","18S",1,"NC1",NA,NA,NA,NA,"extraction_blank"
"1541","e02826-1-18S","Mataza hastifera","species",0,"e02826","18S",1,"NC1",NA,NA,NA,NA,"extraction_blank"
"1542","e02826-1-18S","Pleurocybella porrigens","species",0,"e02826","18S",1,"NC1",NA,NA,NA,NA,"extraction_blank"
"1543","e02826-1-18S","Polychaeta","class",0,"e02826","18S",1,"NC1",NA,NA,NA,NA,"extraction_blank"
"1544","e02826-1-18S","Schizoporaceae","family",704,"e02826","18S",1,"NC1",NA,NA,NA,NA,"extraction_blank"
"1545","e02826-1-18S","Strombidium biarmatum","species",0,"e02826","18S",1,"NC1",NA,NA,NA,NA,"extraction_blank"
"1546","e02826-1-18S","Thaumatomonadida","order",0,"e02826","18S",1,"NC1",NA,NA,NA,NA,"extraction_blank"
"1547","e02826-1-18S","Tintinnidium cf. primitivum","species",0,"e02826","18S",1,"NC1",NA,NA,NA,NA,"extraction_blank"
"1548","e02826-1-18S","Tremellales","order",0,"e02826","18S",1,"NC1",NA,NA,NA,NA,"extraction_blank"
"1549","e02826-1-18S","Triparmaceae","family",0,"e02826","18S",1,"NC1",NA,NA,NA,NA,"extraction_blank"
"1550","e02826-1-18S",NA,NA,1673,"e02826","18S",1,"NC1",NA,NA,NA,NA,"extraction_blank"
"1551","e02826-2-18S","Actinopteri","class",2153,"e02826","18S",2,"NC1",NA,NA,NA,NA,"extraction_blank"
"1552","e02826-2-18S","Agaricales","order",0,"e02826","18S",2,"NC1",NA,NA,NA,NA,"extraction_blank"
"1553","e02826-2-18S","Agaricomycetes","class",0,"e02826","18S",2,"NC1",NA,NA,NA,NA,"extraction_blank"
"1554","e02826-2-18S","Amylocorticium cebennense","species",0,"e02826","18S",2,"NC1",NA,NA,NA,NA,"extraction_blank"
"1555","e02826-2-18S","Ascomycota","phylum",0,"e02826","18S",2,"NC1",NA,NA,NA,NA,"extraction_blank"
"1556","e02826-2-18S","Ascomycota/Basidiomycota","phylum",0,"e02826","18S",2,"NC1",NA,NA,NA,NA,"extraction_blank"
"1557","e02826-2-18S","Auranticordis quadriverberis","species",0,"e02826","18S",2,"NC1",NA,NA,NA,NA,"extraction_blank"
"1558","e02826-2-18S","Basidiomycota","phylum",0,"e02826","18S",2,"NC1",NA,NA,NA,NA,"extraction_blank"
"1559","e02826-2-18S","Cercozoa","phylum",0,"e02826","18S",2,"NC1",NA,NA,NA,NA,"extraction_blank"
"1560","e02826-2-18S","Chaetoceros","genus",0.0754356648364762,"e02826","18S",2,"NC1",NA,NA,NA,NA,"extraction_blank"
"1561","e02826-2-18S","Coscinodiscophyceae","class",0,"e02826","18S",2,"NC1",NA,NA,NA,NA,"extraction_blank"
"1562","e02826-2-18S","Curvibasidium","genus",0,"e02826","18S",2,"NC1",NA,NA,NA,NA,"extraction_blank"
"1563","e02826-2-18S","Cyclotrichium cyclokaryon","species",0,"e02826","18S",2,"NC1",NA,NA,NA,NA,"extraction_blank"
"1564","e02826-2-18S","Cyranomonas australis","species",0,"e02826","18S",2,"NC1",NA,NA,NA,NA,"extraction_blank"
"1565","e02826-2-18S","Decapoda","order",26453.4262626263,"e02826","18S",2,"NC1",NA,NA,NA,NA,"extraction_blank"
"1566","e02826-2-18S","Dichomitus squalens","species",0,"e02826","18S",2,"NC1",NA,NA,NA,NA,"extraction_blank"
"1567","e02826-2-18S","Ebria tripartita","species",0,"e02826","18S",2,"NC1",NA,NA,NA,NA,"extraction_blank"
"1568","e02826-2-18S","Esquamula lacrimiformis","species",0,"e02826","18S",2,"NC1",NA,NA,NA,NA,"extraction_blank"
"1569","e02826-2-18S","Gastropoda","class",0,"e02826","18S",2,"NC1",NA,NA,NA,NA,"extraction_blank"
"1570","e02826-2-18S","Mamiellaceae","family",0,"e02826","18S",2,"NC1",NA,NA,NA,NA,"extraction_blank"
"1571","e02826-2-18S","Mammalia","class",0,"e02826","18S",2,"NC1",NA,NA,NA,NA,"extraction_blank"
"1572","e02826-2-18S","Mataza hastifera","species",0,"e02826","18S",2,"NC1",NA,NA,NA,NA,"extraction_blank"
"1573","e02826-2-18S","Pleurocybella porrigens","species",0,"e02826","18S",2,"NC1",NA,NA,NA,NA,"extraction_blank"
"1574","e02826-2-18S","Polychaeta","class",0,"e02826","18S",2,"NC1",NA,NA,NA,NA,"extraction_blank"
"1575","e02826-2-18S","Schizoporaceae","family",0,"e02826","18S",2,"NC1",NA,NA,NA,NA,"extraction_blank"
"1576","e02826-2-18S","Strombidium biarmatum","species",0,"e02826","18S",2,"NC1",NA,NA,NA,NA,"extraction_blank"
"1577","e02826-2-18S","Thaumatomonadida","order",0,"e02826","18S",2,"NC1",NA,NA,NA,NA,"extraction_blank"
"1578","e02826-2-18S","Tintinnidium cf. primitivum","species",0,"e02826","18S",2,"NC1",NA,NA,NA,NA,"extraction_blank"
"1579","e02826-2-18S","Tremellales","order",0,"e02826","18S",2,"NC1",NA,NA,NA,NA,"extraction_blank"
"1580","e02826-2-18S","Triparmaceae","family",0,"e02826","18S",2,"NC1",NA,NA,NA,NA,"extraction_blank"
"1581","e02826-2-18S",NA,NA,3,"e02826","18S",2,"NC1",NA,NA,NA,NA,"extraction_blank"
"1582","e02827-1-18S","Actinopteri","class",51,"e02827","18S",1,"NC2",NA,NA,NA,NA,"extraction_blank"
"1583","e02827-1-18S","Agaricales","order",0,"e02827","18S",1,"NC2",NA,NA,NA,NA,"extraction_blank"
"1584","e02827-1-18S","Agaricomycetes","class",0,"e02827","18S",1,"NC2",NA,NA,NA,NA,"extraction_blank"
"1585","e02827-1-18S","Amylocorticium cebennense","species",0,"e02827","18S",1,"NC2",NA,NA,NA,NA,"extraction_blank"
"1586","e02827-1-18S","Ascomycota","phylum",23,"e02827","18S",1,"NC2",NA,NA,NA,NA,"extraction_blank"
"1587","e02827-1-18S","Ascomycota/Basidiomycota","phylum",0,"e02827","18S",1,"NC2",NA,NA,NA,NA,"extraction_blank"
"1588","e02827-1-18S","Auranticordis quadriverberis","species",0,"e02827","18S",1,"NC2",NA,NA,NA,NA,"extraction_blank"
"1589","e02827-1-18S","Basidiomycota","phylum",214,"e02827","18S",1,"NC2",NA,NA,NA,NA,"extraction_blank"
"1590","e02827-1-18S","Cercozoa","phylum",0,"e02827","18S",1,"NC2",NA,NA,NA,NA,"extraction_blank"
"1591","e02827-1-18S","Chaetoceros","genus",235.498755243324,"e02827","18S",1,"NC2",NA,NA,NA,NA,"extraction_blank"
"1592","e02827-1-18S","Coscinodiscophyceae","class",0,"e02827","18S",1,"NC2",NA,NA,NA,NA,"extraction_blank"
"1593","e02827-1-18S","Curvibasidium","genus",0,"e02827","18S",1,"NC2",NA,NA,NA,NA,"extraction_blank"
"1594","e02827-1-18S","Cyclotrichium cyclokaryon","species",0,"e02827","18S",1,"NC2",NA,NA,NA,NA,"extraction_blank"
"1595","e02827-1-18S","Cyranomonas australis","species",0,"e02827","18S",1,"NC2",NA,NA,NA,NA,"extraction_blank"
"1596","e02827-1-18S","Decapoda","order",14141.4487734488,"e02827","18S",1,"NC2",NA,NA,NA,NA,"extraction_blank"
"1597","e02827-1-18S","Dichomitus squalens","species",0,"e02827","18S",1,"NC2",NA,NA,NA,NA,"extraction_blank"
"1598","e02827-1-18S","Ebria tripartita","species",0,"e02827","18S",1,"NC2",NA,NA,NA,NA,"extraction_blank"
"1599","e02827-1-18S","Esquamula lacrimiformis","species",0,"e02827","18S",1,"NC2",NA,NA,NA,NA,"extraction_blank"
"1600","e02827-1-18S","Gastropoda","class",0,"e02827","18S",1,"NC2",NA,NA,NA,NA,"extraction_blank"
"1601","e02827-1-18S","Mamiellaceae","family",0,"e02827","18S",1,"NC2",NA,NA,NA,NA,"extraction_blank"
"1602","e02827-1-18S","Mammalia","class",1349,"e02827","18S",1,"NC2",NA,NA,NA,NA,"extraction_blank"
"1603","e02827-1-18S","Mataza hastifera","species",0,"e02827","18S",1,"NC2",NA,NA,NA,NA,"extraction_blank"
"1604","e02827-1-18S","Pleurocybella porrigens","species",0,"e02827","18S",1,"NC2",NA,NA,NA,NA,"extraction_blank"
"1605","e02827-1-18S","Polychaeta","class",0,"e02827","18S",1,"NC2",NA,NA,NA,NA,"extraction_blank"
"1606","e02827-1-18S","Schizoporaceae","family",0,"e02827","18S",1,"NC2",NA,NA,NA,NA,"extraction_blank"
"1607","e02827-1-18S","Strombidium biarmatum","species",0,"e02827","18S",1,"NC2",NA,NA,NA,NA,"extraction_blank"
"1608","e02827-1-18S","Thaumatomonadida","order",0,"e02827","18S",1,"NC2",NA,NA,NA,NA,"extraction_blank"
"1609","e02827-1-18S","Tintinnidium cf. primitivum","species",0,"e02827","18S",1,"NC2",NA,NA,NA,NA,"extraction_blank"
"1610","e02827-1-18S","Tremellales","order",0,"e02827","18S",1,"NC2",NA,NA,NA,NA,"extraction_blank"
"1611","e02827-1-18S","Triparmaceae","family",0,"e02827","18S",1,"NC2",NA,NA,NA,NA,"extraction_blank"
"1612","e02827-1-18S",NA,NA,1835,"e02827","18S",1,"NC2",NA,NA,NA,NA,"extraction_blank"
"1613","e02827-2-18S","Actinopteri","class",0,"e02827","18S",2,"NC2",NA,NA,NA,NA,"extraction_blank"
"1614","e02827-2-18S","Agaricales","order",0,"e02827","18S",2,"NC2",NA,NA,NA,NA,"extraction_blank"
"1615","e02827-2-18S","Agaricomycetes","class",0,"e02827","18S",2,"NC2",NA,NA,NA,NA,"extraction_blank"
"1616","e02827-2-18S","Amylocorticium cebennense","species",0,"e02827","18S",2,"NC2",NA,NA,NA,NA,"extraction_blank"
"1617","e02827-2-18S","Ascomycota","phylum",30,"e02827","18S",2,"NC2",NA,NA,NA,NA,"extraction_blank"
"1618","e02827-2-18S","Ascomycota/Basidiomycota","phylum",0,"e02827","18S",2,"NC2",NA,NA,NA,NA,"extraction_blank"
"1619","e02827-2-18S","Auranticordis quadriverberis","species",0,"e02827","18S",2,"NC2",NA,NA,NA,NA,"extraction_blank"
"1620","e02827-2-18S","Basidiomycota","phylum",0,"e02827","18S",2,"NC2",NA,NA,NA,NA,"extraction_blank"
"1621","e02827-2-18S","Cercozoa","phylum",0,"e02827","18S",2,"NC2",NA,NA,NA,NA,"extraction_blank"
"1622","e02827-2-18S","Chaetoceros","genus",0,"e02827","18S",2,"NC2",NA,NA,NA,NA,"extraction_blank"
"1623","e02827-2-18S","Coscinodiscophyceae","class",0,"e02827","18S",2,"NC2",NA,NA,NA,NA,"extraction_blank"
"1624","e02827-2-18S","Curvibasidium","genus",0,"e02827","18S",2,"NC2",NA,NA,NA,NA,"extraction_blank"
"1625","e02827-2-18S","Cyclotrichium cyclokaryon","species",0,"e02827","18S",2,"NC2",NA,NA,NA,NA,"extraction_blank"
"1626","e02827-2-18S","Cyranomonas australis","species",0,"e02827","18S",2,"NC2",NA,NA,NA,NA,"extraction_blank"
"1627","e02827-2-18S","Decapoda","order",11356.2386724387,"e02827","18S",2,"NC2",NA,NA,NA,NA,"extraction_blank"
"1628","e02827-2-18S","Dichomitus squalens","species",0,"e02827","18S",2,"NC2",NA,NA,NA,NA,"extraction_blank"
"1629","e02827-2-18S","Ebria tripartita","species",0,"e02827","18S",2,"NC2",NA,NA,NA,NA,"extraction_blank"
"1630","e02827-2-18S","Esquamula lacrimiformis","species",0,"e02827","18S",2,"NC2",NA,NA,NA,NA,"extraction_blank"
"1631","e02827-2-18S","Gastropoda","class",0,"e02827","18S",2,"NC2",NA,NA,NA,NA,"extraction_blank"
"1632","e02827-2-18S","Mamiellaceae","family",0,"e02827","18S",2,"NC2",NA,NA,NA,NA,"extraction_blank"
"1633","e02827-2-18S","Mammalia","class",0,"e02827","18S",2,"NC2",NA,NA,NA,NA,"extraction_blank"
"1634","e02827-2-18S","Mataza hastifera","species",0,"e02827","18S",2,"NC2",NA,NA,NA,NA,"extraction_blank"
"1635","e02827-2-18S","Pleurocybella porrigens","species",0,"e02827","18S",2,"NC2",NA,NA,NA,NA,"extraction_blank"
"1636","e02827-2-18S","Polychaeta","class",0,"e02827","18S",2,"NC2",NA,NA,NA,NA,"extraction_blank"
"1637","e02827-2-18S","Schizoporaceae","family",0,"e02827","18S",2,"NC2",NA,NA,NA,NA,"extraction_blank"
"1638","e02827-2-18S","Strombidium biarmatum","species",0,"e02827","18S",2,"NC2",NA,NA,NA,NA,"extraction_blank"
"1639","e02827-2-18S","Thaumatomonadida","order",0,"e02827","18S",2,"NC2",NA,NA,NA,NA,"extraction_blank"
"1640","e02827-2-18S","Tintinnidium cf. primitivum","species",0,"e02827","18S",2,"NC2",NA,NA,NA,NA,"extraction_blank"
"1641","e02827-2-18S","Tremellales","order",0,"e02827","18S",2,"NC2",NA,NA,NA,NA,"extraction_blank"
"1642","e02827-2-18S","Triparmaceae","family",0,"e02827","18S",2,"NC2",NA,NA,NA,NA,"extraction_blank"
"1643","e02827-2-18S",NA,NA,60,"e02827","18S",2,"NC2",NA,NA,NA,NA,"extraction_blank"
"1644","e02828-1-18S","Actinopteri","class",573,"e02828","18S",1,"NC3",NA,NA,NA,NA,"extraction_blank"
"1645","e02828-1-18S","Agaricales","order",0,"e02828","18S",1,"NC3",NA,NA,NA,NA,"extraction_blank"
"1646","e02828-1-18S","Agaricomycetes","class",561,"e02828","18S",1,"NC3",NA,NA,NA,NA,"extraction_blank"
"1647","e02828-1-18S","Amylocorticium cebennense","species",0,"e02828","18S",1,"NC3",NA,NA,NA,NA,"extraction_blank"
"1648","e02828-1-18S","Ascomycota","phylum",0,"e02828","18S",1,"NC3",NA,NA,NA,NA,"extraction_blank"
"1649","e02828-1-18S","Ascomycota/Basidiomycota","phylum",0,"e02828","18S",1,"NC3",NA,NA,NA,NA,"extraction_blank"
"1650","e02828-1-18S","Auranticordis quadriverberis","species",0,"e02828","18S",1,"NC3",NA,NA,NA,NA,"extraction_blank"
"1651","e02828-1-18S","Basidiomycota","phylum",0,"e02828","18S",1,"NC3",NA,NA,NA,NA,"extraction_blank"
"1652","e02828-1-18S","Cercozoa","phylum",0,"e02828","18S",1,"NC3",NA,NA,NA,NA,"extraction_blank"
"1653","e02828-1-18S","Chaetoceros","genus",0,"e02828","18S",1,"NC3",NA,NA,NA,NA,"extraction_blank"
"1654","e02828-1-18S","Coscinodiscophyceae","class",0,"e02828","18S",1,"NC3",NA,NA,NA,NA,"extraction_blank"
"1655","e02828-1-18S","Curvibasidium","genus",0,"e02828","18S",1,"NC3",NA,NA,NA,NA,"extraction_blank"
"1656","e02828-1-18S","Cyclotrichium cyclokaryon","species",0,"e02828","18S",1,"NC3",NA,NA,NA,NA,"extraction_blank"
"1657","e02828-1-18S","Cyranomonas australis","species",0,"e02828","18S",1,"NC3",NA,NA,NA,NA,"extraction_blank"
"1658","e02828-1-18S","Decapoda","order",32192.4502164502,"e02828","18S",1,"NC3",NA,NA,NA,NA,"extraction_blank"
"1659","e02828-1-18S","Dichomitus squalens","species",0,"e02828","18S",1,"NC3",NA,NA,NA,NA,"extraction_blank"
"1660","e02828-1-18S","Ebria tripartita","species",0,"e02828","18S",1,"NC3",NA,NA,NA,NA,"extraction_blank"
"1661","e02828-1-18S","Esquamula lacrimiformis","species",0,"e02828","18S",1,"NC3",NA,NA,NA,NA,"extraction_blank"
"1662","e02828-1-18S","Gastropoda","class",0,"e02828","18S",1,"NC3",NA,NA,NA,NA,"extraction_blank"
"1663","e02828-1-18S","Mamiellaceae","family",0,"e02828","18S",1,"NC3",NA,NA,NA,NA,"extraction_blank"
"1664","e02828-1-18S","Mammalia","class",0,"e02828","18S",1,"NC3",NA,NA,NA,NA,"extraction_blank"
"1665","e02828-1-18S","Mataza hastifera","species",0,"e02828","18S",1,"NC3",NA,NA,NA,NA,"extraction_blank"
"1666","e02828-1-18S","Pleurocybella porrigens","species",0,"e02828","18S",1,"NC3",NA,NA,NA,NA,"extraction_blank"
"1667","e02828-1-18S","Polychaeta","class",0,"e02828","18S",1,"NC3",NA,NA,NA,NA,"extraction_blank"
"1668","e02828-1-18S","Schizoporaceae","family",0,"e02828","18S",1,"NC3",NA,NA,NA,NA,"extraction_blank"
"1669","e02828-1-18S","Strombidium biarmatum","species",4,"e02828","18S",1,"NC3",NA,NA,NA,NA,"extraction_blank"
"1670","e02828-1-18S","Thaumatomonadida","order",0,"e02828","18S",1,"NC3",NA,NA,NA,NA,"extraction_blank"
"1671","e02828-1-18S","Tintinnidium cf. primitivum","species",0,"e02828","18S",1,"NC3",NA,NA,NA,NA,"extraction_blank"
"1672","e02828-1-18S","Tremellales","order",0,"e02828","18S",1,"NC3",NA,NA,NA,NA,"extraction_blank"
"1673","e02828-1-18S","Triparmaceae","family",0,"e02828","18S",1,"NC3",NA,NA,NA,NA,"extraction_blank"
"1674","e02828-1-18S",NA,NA,3965,"e02828","18S",1,"NC3",NA,NA,NA,NA,"extraction_blank"
"1675","e02828-2-18S","Actinopteri","class",0,"e02828","18S",2,"NC3",NA,NA,NA,NA,"extraction_blank"
"1676","e02828-2-18S","Agaricales","order",2267,"e02828","18S",2,"NC3",NA,NA,NA,NA,"extraction_blank"
"1677","e02828-2-18S","Agaricomycetes","class",641,"e02828","18S",2,"NC3",NA,NA,NA,NA,"extraction_blank"
"1678","e02828-2-18S","Amylocorticium cebennense","species",0,"e02828","18S",2,"NC3",NA,NA,NA,NA,"extraction_blank"
"1679","e02828-2-18S","Ascomycota","phylum",295,"e02828","18S",2,"NC3",NA,NA,NA,NA,"extraction_blank"
"1680","e02828-2-18S","Ascomycota/Basidiomycota","phylum",0,"e02828","18S",2,"NC3",NA,NA,NA,NA,"extraction_blank"
"1681","e02828-2-18S","Auranticordis quadriverberis","species",0,"e02828","18S",2,"NC3",NA,NA,NA,NA,"extraction_blank"
"1682","e02828-2-18S","Basidiomycota","phylum",0,"e02828","18S",2,"NC3",NA,NA,NA,NA,"extraction_blank"
"1683","e02828-2-18S","Cercozoa","phylum",0,"e02828","18S",2,"NC3",NA,NA,NA,NA,"extraction_blank"
"1684","e02828-2-18S","Chaetoceros","genus",100.884084166013,"e02828","18S",2,"NC3",NA,NA,NA,NA,"extraction_blank"
"1685","e02828-2-18S","Coscinodiscophyceae","class",0,"e02828","18S",2,"NC3",NA,NA,NA,NA,"extraction_blank"
"1686","e02828-2-18S","Curvibasidium","genus",0,"e02828","18S",2,"NC3",NA,NA,NA,NA,"extraction_blank"
"1687","e02828-2-18S","Cyclotrichium cyclokaryon","species",0,"e02828","18S",2,"NC3",NA,NA,NA,NA,"extraction_blank"
"1688","e02828-2-18S","Cyranomonas australis","species",0,"e02828","18S",2,"NC3",NA,NA,NA,NA,"extraction_blank"
"1689","e02828-2-18S","Decapoda","order",18776.8479076479,"e02828","18S",2,"NC3",NA,NA,NA,NA,"extraction_blank"
"1690","e02828-2-18S","Dichomitus squalens","species",0,"e02828","18S",2,"NC3",NA,NA,NA,NA,"extraction_blank"
"1691","e02828-2-18S","Ebria tripartita","species",0,"e02828","18S",2,"NC3",NA,NA,NA,NA,"extraction_blank"
"1692","e02828-2-18S","Esquamula lacrimiformis","species",0,"e02828","18S",2,"NC3",NA,NA,NA,NA,"extraction_blank"
"1693","e02828-2-18S","Gastropoda","class",0,"e02828","18S",2,"NC3",NA,NA,NA,NA,"extraction_blank"
"1694","e02828-2-18S","Mamiellaceae","family",0,"e02828","18S",2,"NC3",NA,NA,NA,NA,"extraction_blank"
"1695","e02828-2-18S","Mammalia","class",575,"e02828","18S",2,"NC3",NA,NA,NA,NA,"extraction_blank"
"1696","e02828-2-18S","Mataza hastifera","species",0,"e02828","18S",2,"NC3",NA,NA,NA,NA,"extraction_blank"
"1697","e02828-2-18S","Pleurocybella porrigens","species",0,"e02828","18S",2,"NC3",NA,NA,NA,NA,"extraction_blank"
"1698","e02828-2-18S","Polychaeta","class",0,"e02828","18S",2,"NC3",NA,NA,NA,NA,"extraction_blank"
"1699","e02828-2-18S","Schizoporaceae","family",0,"e02828","18S",2,"NC3",NA,NA,NA,NA,"extraction_blank"
"1700","e02828-2-18S","Strombidium biarmatum","species",36,"e02828","18S",2,"NC3",NA,NA,NA,NA,"extraction_blank"
"1701","e02828-2-18S","Thaumatomonadida","order",0,"e02828","18S",2,"NC3",NA,NA,NA,NA,"extraction_blank"
"1702","e02828-2-18S","Tintinnidium cf. primitivum","species",0,"e02828","18S",2,"NC3",NA,NA,NA,NA,"extraction_blank"
"1703","e02828-2-18S","Tremellales","order",0,"e02828","18S",2,"NC3",NA,NA,NA,NA,"extraction_blank"
"1704","e02828-2-18S","Triparmaceae","family",0,"e02828","18S",2,"NC3",NA,NA,NA,NA,"extraction_blank"
"1705","e02828-2-18S",NA,NA,27,"e02828","18S",2,"NC3",NA,NA,NA,NA,"extraction_blank"
"1706","e02829-1-18S","Actinopteri","class",490,"e02829","18S",1,"162-199",2022,12,16,"Haul 127","sample"
"1707","e02829-1-18S","Agaricales","order",0,"e02829","18S",1,"162-199",2022,12,16,"Haul 127","sample"
"1708","e02829-1-18S","Agaricomycetes","class",682,"e02829","18S",1,"162-199",2022,12,16,"Haul 127","sample"
"1709","e02829-1-18S","Amylocorticium cebennense","species",0,"e02829","18S",1,"162-199",2022,12,16,"Haul 127","sample"
"1710","e02829-1-18S","Ascomycota","phylum",483,"e02829","18S",1,"162-199",2022,12,16,"Haul 127","sample"
"1711","e02829-1-18S","Ascomycota/Basidiomycota","phylum",0,"e02829","18S",1,"162-199",2022,12,16,"Haul 127","sample"
"1712","e02829-1-18S","Auranticordis quadriverberis","species",0,"e02829","18S",1,"162-199",2022,12,16,"Haul 127","sample"
"1713","e02829-1-18S","Basidiomycota","phylum",174,"e02829","18S",1,"162-199",2022,12,16,"Haul 127","sample"
"1714","e02829-1-18S","Cercozoa","phylum",0,"e02829","18S",1,"162-199",2022,12,16,"Haul 127","sample"
"1715","e02829-1-18S","Chaetoceros","genus",26075.4070865873,"e02829","18S",1,"162-199",2022,12,16,"Haul 127","sample"
"1716","e02829-1-18S","Coscinodiscophyceae","class",0,"e02829","18S",1,"162-199",2022,12,16,"Haul 127","sample"
"1717","e02829-1-18S","Curvibasidium","genus",0,"e02829","18S",1,"162-199",2022,12,16,"Haul 127","sample"
"1718","e02829-1-18S","Cyclotrichium cyclokaryon","species",0,"e02829","18S",1,"162-199",2022,12,16,"Haul 127","sample"
"1719","e02829-1-18S","Cyranomonas australis","species",0,"e02829","18S",1,"162-199",2022,12,16,"Haul 127","sample"
"1720","e02829-1-18S","Decapoda","order",9285.13564213564,"e02829","18S",1,"162-199",2022,12,16,"Haul 127","sample"
"1721","e02829-1-18S","Dichomitus squalens","species",711,"e02829","18S",1,"162-199",2022,12,16,"Haul 127","sample"
"1722","e02829-1-18S","Ebria tripartita","species",911,"e02829","18S",1,"162-199",2022,12,16,"Haul 127","sample"
"1723","e02829-1-18S","Esquamula lacrimiformis","species",0,"e02829","18S",1,"162-199",2022,12,16,"Haul 127","sample"
"1724","e02829-1-18S","Gastropoda","class",0,"e02829","18S",1,"162-199",2022,12,16,"Haul 127","sample"
"1725","e02829-1-18S","Mamiellaceae","family",0,"e02829","18S",1,"162-199",2022,12,16,"Haul 127","sample"
"1726","e02829-1-18S","Mammalia","class",401,"e02829","18S",1,"162-199",2022,12,16,"Haul 127","sample"
"1727","e02829-1-18S","Mataza hastifera","species",674,"e02829","18S",1,"162-199",2022,12,16,"Haul 127","sample"
"1728","e02829-1-18S","Pleurocybella porrigens","species",0,"e02829","18S",1,"162-199",2022,12,16,"Haul 127","sample"
"1729","e02829-1-18S","Polychaeta","class",0,"e02829","18S",1,"162-199",2022,12,16,"Haul 127","sample"
"1730","e02829-1-18S","Schizoporaceae","family",0,"e02829","18S",1,"162-199",2022,12,16,"Haul 127","sample"
"1731","e02829-1-18S","Strombidium biarmatum","species",190,"e02829","18S",1,"162-199",2022,12,16,"Haul 127","sample"
"1732","e02829-1-18S","Thaumatomonadida","order",1192,"e02829","18S",1,"162-199",2022,12,16,"Haul 127","sample"
"1733","e02829-1-18S","Tintinnidium cf. primitivum","species",0,"e02829","18S",1,"162-199",2022,12,16,"Haul 127","sample"
"1734","e02829-1-18S","Tremellales","order",0,"e02829","18S",1,"162-199",2022,12,16,"Haul 127","sample"
"1735","e02829-1-18S","Triparmaceae","family",0,"e02829","18S",1,"162-199",2022,12,16,"Haul 127","sample"
"1736","e02829-1-18S",NA,NA,4882,"e02829","18S",1,"162-199",2022,12,16,"Haul 127","sample"
"1737","e02829-2-18S","Actinopteri","class",1495,"e02829","18S",2,"162-199",2022,12,16,"Haul 127","sample"
"1738","e02829-2-18S","Agaricales","order",0,"e02829","18S",2,"162-199",2022,12,16,"Haul 127","sample"
"1739","e02829-2-18S","Agaricomycetes","class",204,"e02829","18S",2,"162-199",2022,12,16,"Haul 127","sample"
"1740","e02829-2-18S","Amylocorticium cebennense","species",0,"e02829","18S",2,"162-199",2022,12,16,"Haul 127","sample"
"1741","e02829-2-18S","Ascomycota","phylum",0,"e02829","18S",2,"162-199",2022,12,16,"Haul 127","sample"
"1742","e02829-2-18S","Ascomycota/Basidiomycota","phylum",0,"e02829","18S",2,"162-199",2022,12,16,"Haul 127","sample"
"1743","e02829-2-18S","Auranticordis quadriverberis","species",0,"e02829","18S",2,"162-199",2022,12,16,"Haul 127","sample"
"1744","e02829-2-18S","Basidiomycota","phylum",233,"e02829","18S",2,"162-199",2022,12,16,"Haul 127","sample"
"1745","e02829-2-18S","Cercozoa","phylum",0,"e02829","18S",2,"162-199",2022,12,16,"Haul 127","sample"
"1746","e02829-2-18S","Chaetoceros","genus",8391.15827166388,"e02829","18S",2,"162-199",2022,12,16,"Haul 127","sample"
"1747","e02829-2-18S","Coscinodiscophyceae","class",0,"e02829","18S",2,"162-199",2022,12,16,"Haul 127","sample"
"1748","e02829-2-18S","Curvibasidium","genus",0,"e02829","18S",2,"162-199",2022,12,16,"Haul 127","sample"
"1749","e02829-2-18S","Cyclotrichium cyclokaryon","species",0,"e02829","18S",2,"162-199",2022,12,16,"Haul 127","sample"
"1750","e02829-2-18S","Cyranomonas australis","species",0,"e02829","18S",2,"162-199",2022,12,16,"Haul 127","sample"
"1751","e02829-2-18S","Decapoda","order",4735.00808080808,"e02829","18S",2,"162-199",2022,12,16,"Haul 127","sample"
"1752","e02829-2-18S","Dichomitus squalens","species",80,"e02829","18S",2,"162-199",2022,12,16,"Haul 127","sample"
"1753","e02829-2-18S","Ebria tripartita","species",600,"e02829","18S",2,"162-199",2022,12,16,"Haul 127","sample"
"1754","e02829-2-18S","Esquamula lacrimiformis","species",0,"e02829","18S",2,"162-199",2022,12,16,"Haul 127","sample"
"1755","e02829-2-18S","Gastropoda","class",0,"e02829","18S",2,"162-199",2022,12,16,"Haul 127","sample"
"1756","e02829-2-18S","Mamiellaceae","family",0,"e02829","18S",2,"162-199",2022,12,16,"Haul 127","sample"
"1757","e02829-2-18S","Mammalia","class",0,"e02829","18S",2,"162-199",2022,12,16,"Haul 127","sample"
"1758","e02829-2-18S","Mataza hastifera","species",571,"e02829","18S",2,"162-199",2022,12,16,"Haul 127","sample"
"1759","e02829-2-18S","Pleurocybella porrigens","species",0,"e02829","18S",2,"162-199",2022,12,16,"Haul 127","sample"
"1760","e02829-2-18S","Polychaeta","class",0,"e02829","18S",2,"162-199",2022,12,16,"Haul 127","sample"
"1761","e02829-2-18S","Schizoporaceae","family",0,"e02829","18S",2,"162-199",2022,12,16,"Haul 127","sample"
"1762","e02829-2-18S","Strombidium biarmatum","species",68,"e02829","18S",2,"162-199",2022,12,16,"Haul 127","sample"
"1763","e02829-2-18S","Thaumatomonadida","order",440,"e02829","18S",2,"162-199",2022,12,16,"Haul 127","sample"
"1764","e02829-2-18S","Tintinnidium cf. primitivum","species",0,"e02829","18S",2,"162-199",2022,12,16,"Haul 127","sample"
"1765","e02829-2-18S","Tremellales","order",0,"e02829","18S",2,"162-199",2022,12,16,"Haul 127","sample"
"1766","e02829-2-18S","Triparmaceae","family",0,"e02829","18S",2,"162-199",2022,12,16,"Haul 127","sample"
"1767","e02829-2-18S",NA,NA,3529,"e02829","18S",2,"162-199",2022,12,16,"Haul 127","sample"
"1768","e02830-1-18S","Actinopteri","class",0,"e02830","18S",1,"162-185",2022,12,14,"Haul 151","sample"
"1769","e02830-1-18S","Agaricales","order",0,"e02830","18S",1,"162-185",2022,12,14,"Haul 151","sample"
"1770","e02830-1-18S","Agaricomycetes","class",0,"e02830","18S",1,"162-185",2022,12,14,"Haul 151","sample"
"1771","e02830-1-18S","Amylocorticium cebennense","species",0,"e02830","18S",1,"162-185",2022,12,14,"Haul 151","sample"
"1772","e02830-1-18S","Ascomycota","phylum",0,"e02830","18S",1,"162-185",2022,12,14,"Haul 151","sample"
"1773","e02830-1-18S","Ascomycota/Basidiomycota","phylum",0,"e02830","18S",1,"162-185",2022,12,14,"Haul 151","sample"
"1774","e02830-1-18S","Auranticordis quadriverberis","species",0,"e02830","18S",1,"162-185",2022,12,14,"Haul 151","sample"
"1775","e02830-1-18S","Basidiomycota","phylum",0,"e02830","18S",1,"162-185",2022,12,14,"Haul 151","sample"
"1776","e02830-1-18S","Cercozoa","phylum",18,"e02830","18S",1,"162-185",2022,12,14,"Haul 151","sample"
"1777","e02830-1-18S","Chaetoceros","genus",64.7669065238891,"e02830","18S",1,"162-185",2022,12,14,"Haul 151","sample"
"1778","e02830-1-18S","Coscinodiscophyceae","class",0,"e02830","18S",1,"162-185",2022,12,14,"Haul 151","sample"
"1779","e02830-1-18S","Curvibasidium","genus",0,"e02830","18S",1,"162-185",2022,12,14,"Haul 151","sample"
"1780","e02830-1-18S","Cyclotrichium cyclokaryon","species",0,"e02830","18S",1,"162-185",2022,12,14,"Haul 151","sample"
"1781","e02830-1-18S","Cyranomonas australis","species",0,"e02830","18S",1,"162-185",2022,12,14,"Haul 151","sample"
"1782","e02830-1-18S","Decapoda","order",52175.4268398268,"e02830","18S",1,"162-185",2022,12,14,"Haul 151","sample"
"1783","e02830-1-18S","Dichomitus squalens","species",0,"e02830","18S",1,"162-185",2022,12,14,"Haul 151","sample"
"1784","e02830-1-18S","Ebria tripartita","species",0,"e02830","18S",1,"162-185",2022,12,14,"Haul 151","sample"
"1785","e02830-1-18S","Esquamula lacrimiformis","species",0,"e02830","18S",1,"162-185",2022,12,14,"Haul 151","sample"
"1786","e02830-1-18S","Gastropoda","class",0,"e02830","18S",1,"162-185",2022,12,14,"Haul 151","sample"
"1787","e02830-1-18S","Mamiellaceae","family",0,"e02830","18S",1,"162-185",2022,12,14,"Haul 151","sample"
"1788","e02830-1-18S","Mammalia","class",0,"e02830","18S",1,"162-185",2022,12,14,"Haul 151","sample"
"1789","e02830-1-18S","Mataza hastifera","species",0,"e02830","18S",1,"162-185",2022,12,14,"Haul 151","sample"
"1790","e02830-1-18S","Pleurocybella porrigens","species",0,"e02830","18S",1,"162-185",2022,12,14,"Haul 151","sample"
"1791","e02830-1-18S","Polychaeta","class",0,"e02830","18S",1,"162-185",2022,12,14,"Haul 151","sample"
"1792","e02830-1-18S","Schizoporaceae","family",0,"e02830","18S",1,"162-185",2022,12,14,"Haul 151","sample"
"1793","e02830-1-18S","Strombidium biarmatum","species",316,"e02830","18S",1,"162-185",2022,12,14,"Haul 151","sample"
"1794","e02830-1-18S","Thaumatomonadida","order",79,"e02830","18S",1,"162-185",2022,12,14,"Haul 151","sample"
"1795","e02830-1-18S","Tintinnidium cf. primitivum","species",0,"e02830","18S",1,"162-185",2022,12,14,"Haul 151","sample"
"1796","e02830-1-18S","Tremellales","order",0,"e02830","18S",1,"162-185",2022,12,14,"Haul 151","sample"
"1797","e02830-1-18S","Triparmaceae","family",0,"e02830","18S",1,"162-185",2022,12,14,"Haul 151","sample"
"1798","e02830-1-18S",NA,NA,216,"e02830","18S",1,"162-185",2022,12,14,"Haul 151","sample"
"1799","e02831-1-18S","Actinopteri","class",203,"e02831","18S",1,"162-185",2022,12,14,"Haul 151","sample"
"1800","e02831-1-18S","Agaricales","order",0,"e02831","18S",1,"162-185",2022,12,14,"Haul 151","sample"
"1801","e02831-1-18S","Agaricomycetes","class",2060,"e02831","18S",1,"162-185",2022,12,14,"Haul 151","sample"
"1802","e02831-1-18S","Amylocorticium cebennense","species",0,"e02831","18S",1,"162-185",2022,12,14,"Haul 151","sample"
"1803","e02831-1-18S","Ascomycota","phylum",635,"e02831","18S",1,"162-185",2022,12,14,"Haul 151","sample"
"1804","e02831-1-18S","Ascomycota/Basidiomycota","phylum",0,"e02831","18S",1,"162-185",2022,12,14,"Haul 151","sample"
"1805","e02831-1-18S","Auranticordis quadriverberis","species",0,"e02831","18S",1,"162-185",2022,12,14,"Haul 151","sample"
"1806","e02831-1-18S","Basidiomycota","phylum",94,"e02831","18S",1,"162-185",2022,12,14,"Haul 151","sample"
"1807","e02831-1-18S","Cercozoa","phylum",0,"e02831","18S",1,"162-185",2022,12,14,"Haul 151","sample"
"1808","e02831-1-18S","Chaetoceros","genus",19368.2438358967,"e02831","18S",1,"162-185",2022,12,14,"Haul 151","sample"
"1809","e02831-1-18S","Coscinodiscophyceae","class",0,"e02831","18S",1,"162-185",2022,12,14,"Haul 151","sample"
"1810","e02831-1-18S","Curvibasidium","genus",0,"e02831","18S",1,"162-185",2022,12,14,"Haul 151","sample"
"1811","e02831-1-18S","Cyclotrichium cyclokaryon","species",0,"e02831","18S",1,"162-185",2022,12,14,"Haul 151","sample"
"1812","e02831-1-18S","Cyranomonas australis","species",0,"e02831","18S",1,"162-185",2022,12,14,"Haul 151","sample"
"1813","e02831-1-18S","Decapoda","order",100850.124675325,"e02831","18S",1,"162-185",2022,12,14,"Haul 151","sample"
"1814","e02831-1-18S","Dichomitus squalens","species",0,"e02831","18S",1,"162-185",2022,12,14,"Haul 151","sample"
"1815","e02831-1-18S","Ebria tripartita","species",420,"e02831","18S",1,"162-185",2022,12,14,"Haul 151","sample"
"1816","e02831-1-18S","Esquamula lacrimiformis","species",0,"e02831","18S",1,"162-185",2022,12,14,"Haul 151","sample"
"1817","e02831-1-18S","Gastropoda","class",0,"e02831","18S",1,"162-185",2022,12,14,"Haul 151","sample"
"1818","e02831-1-18S","Mamiellaceae","family",0,"e02831","18S",1,"162-185",2022,12,14,"Haul 151","sample"
"1819","e02831-1-18S","Mammalia","class",1634,"e02831","18S",1,"162-185",2022,12,14,"Haul 151","sample"
"1820","e02831-1-18S","Mataza hastifera","species",139,"e02831","18S",1,"162-185",2022,12,14,"Haul 151","sample"
"1821","e02831-1-18S","Pleurocybella porrigens","species",0,"e02831","18S",1,"162-185",2022,12,14,"Haul 151","sample"
"1822","e02831-1-18S","Polychaeta","class",0,"e02831","18S",1,"162-185",2022,12,14,"Haul 151","sample"
"1823","e02831-1-18S","Schizoporaceae","family",0,"e02831","18S",1,"162-185",2022,12,14,"Haul 151","sample"
"1824","e02831-1-18S","Strombidium biarmatum","species",2602,"e02831","18S",1,"162-185",2022,12,14,"Haul 151","sample"
"1825","e02831-1-18S","Thaumatomonadida","order",970,"e02831","18S",1,"162-185",2022,12,14,"Haul 151","sample"
"1826","e02831-1-18S","Tintinnidium cf. primitivum","species",0,"e02831","18S",1,"162-185",2022,12,14,"Haul 151","sample"
"1827","e02831-1-18S","Tremellales","order",0,"e02831","18S",1,"162-185",2022,12,14,"Haul 151","sample"
"1828","e02831-1-18S","Triparmaceae","family",0,"e02831","18S",1,"162-185",2022,12,14,"Haul 151","sample"
"1829","e02831-1-18S",NA,NA,88697,"e02831","18S",1,"162-185",2022,12,14,"Haul 151","sample"
"1830","e02831-2-18S","Actinopteri","class",6,"e02831","18S",2,"162-185",2022,12,14,"Haul 151","sample"
"1831","e02831-2-18S","Agaricales","order",0,"e02831","18S",2,"162-185",2022,12,14,"Haul 151","sample"
"1832","e02831-2-18S","Agaricomycetes","class",164,"e02831","18S",2,"162-185",2022,12,14,"Haul 151","sample"
"1833","e02831-2-18S","Amylocorticium cebennense","species",0,"e02831","18S",2,"162-185",2022,12,14,"Haul 151","sample"
"1834","e02831-2-18S","Ascomycota","phylum",19,"e02831","18S",2,"162-185",2022,12,14,"Haul 151","sample"
"1835","e02831-2-18S","Ascomycota/Basidiomycota","phylum",0,"e02831","18S",2,"162-185",2022,12,14,"Haul 151","sample"
"1836","e02831-2-18S","Auranticordis quadriverberis","species",0,"e02831","18S",2,"162-185",2022,12,14,"Haul 151","sample"
"1837","e02831-2-18S","Basidiomycota","phylum",0,"e02831","18S",2,"162-185",2022,12,14,"Haul 151","sample"
"1838","e02831-2-18S","Cercozoa","phylum",0,"e02831","18S",2,"162-185",2022,12,14,"Haul 151","sample"
"1839","e02831-2-18S","Chaetoceros","genus",1966.86645295502,"e02831","18S",2,"162-185",2022,12,14,"Haul 151","sample"
"1840","e02831-2-18S","Coscinodiscophyceae","class",0,"e02831","18S",2,"162-185",2022,12,14,"Haul 151","sample"
"1841","e02831-2-18S","Curvibasidium","genus",0,"e02831","18S",2,"162-185",2022,12,14,"Haul 151","sample"
"1842","e02831-2-18S","Cyclotrichium cyclokaryon","species",0,"e02831","18S",2,"162-185",2022,12,14,"Haul 151","sample"
"1843","e02831-2-18S","Cyranomonas australis","species",0,"e02831","18S",2,"162-185",2022,12,14,"Haul 151","sample"
"1844","e02831-2-18S","Decapoda","order",15906.541991342,"e02831","18S",2,"162-185",2022,12,14,"Haul 151","sample"
"1845","e02831-2-18S","Dichomitus squalens","species",0,"e02831","18S",2,"162-185",2022,12,14,"Haul 151","sample"
"1846","e02831-2-18S","Ebria tripartita","species",0,"e02831","18S",2,"162-185",2022,12,14,"Haul 151","sample"
"1847","e02831-2-18S","Esquamula lacrimiformis","species",0,"e02831","18S",2,"162-185",2022,12,14,"Haul 151","sample"
"1848","e02831-2-18S","Gastropoda","class",0,"e02831","18S",2,"162-185",2022,12,14,"Haul 151","sample"
"1849","e02831-2-18S","Mamiellaceae","family",0,"e02831","18S",2,"162-185",2022,12,14,"Haul 151","sample"
"1850","e02831-2-18S","Mammalia","class",114,"e02831","18S",2,"162-185",2022,12,14,"Haul 151","sample"
"1851","e02831-2-18S","Mataza hastifera","species",0,"e02831","18S",2,"162-185",2022,12,14,"Haul 151","sample"
"1852","e02831-2-18S","Pleurocybella porrigens","species",0,"e02831","18S",2,"162-185",2022,12,14,"Haul 151","sample"
"1853","e02831-2-18S","Polychaeta","class",0,"e02831","18S",2,"162-185",2022,12,14,"Haul 151","sample"
"1854","e02831-2-18S","Schizoporaceae","family",0,"e02831","18S",2,"162-185",2022,12,14,"Haul 151","sample"
"1855","e02831-2-18S","Strombidium biarmatum","species",184,"e02831","18S",2,"162-185",2022,12,14,"Haul 151","sample"
"1856","e02831-2-18S","Thaumatomonadida","order",641,"e02831","18S",2,"162-185",2022,12,14,"Haul 151","sample"
"1857","e02831-2-18S","Tintinnidium cf. primitivum","species",0,"e02831","18S",2,"162-185",2022,12,14,"Haul 151","sample"
"1858","e02831-2-18S","Tremellales","order",0,"e02831","18S",2,"162-185",2022,12,14,"Haul 151","sample"
"1859","e02831-2-18S","Triparmaceae","family",0,"e02831","18S",2,"162-185",2022,12,14,"Haul 151","sample"
"1860","e02831-2-18S",NA,NA,11161,"e02831","18S",2,"162-185",2022,12,14,"Haul 151","sample"
"1861","e02832-1-18S","Actinopteri","class",0,"e02832","18S",1,"94-75",2022,12,NA,NA,"sample"
"1862","e02832-1-18S","Agaricales","order",0,"e02832","18S",1,"94-75",2022,12,NA,NA,"sample"
"1863","e02832-1-18S","Agaricomycetes","class",209,"e02832","18S",1,"94-75",2022,12,NA,NA,"sample"
"1864","e02832-1-18S","Amylocorticium cebennense","species",0,"e02832","18S",1,"94-75",2022,12,NA,NA,"sample"
"1865","e02832-1-18S","Ascomycota","phylum",0,"e02832","18S",1,"94-75",2022,12,NA,NA,"sample"
"1866","e02832-1-18S","Ascomycota/Basidiomycota","phylum",0,"e02832","18S",1,"94-75",2022,12,NA,NA,"sample"
"1867","e02832-1-18S","Auranticordis quadriverberis","species",0,"e02832","18S",1,"94-75",2022,12,NA,NA,"sample"
"1868","e02832-1-18S","Basidiomycota","phylum",581,"e02832","18S",1,"94-75",2022,12,NA,NA,"sample"
"1869","e02832-1-18S","Cercozoa","phylum",0,"e02832","18S",1,"94-75",2022,12,NA,NA,"sample"
"1870","e02832-1-18S","Chaetoceros","genus",14467.5100092078,"e02832","18S",1,"94-75",2022,12,NA,NA,"sample"
"1871","e02832-1-18S","Coscinodiscophyceae","class",0,"e02832","18S",1,"94-75",2022,12,NA,NA,"sample"
"1872","e02832-1-18S","Curvibasidium","genus",0,"e02832","18S",1,"94-75",2022,12,NA,NA,"sample"
"1873","e02832-1-18S","Cyclotrichium cyclokaryon","species",0,"e02832","18S",1,"94-75",2022,12,NA,NA,"sample"
"1874","e02832-1-18S","Cyranomonas australis","species",0,"e02832","18S",1,"94-75",2022,12,NA,NA,"sample"
"1875","e02832-1-18S","Decapoda","order",8494.03376623377,"e02832","18S",1,"94-75",2022,12,NA,NA,"sample"
"1876","e02832-1-18S","Dichomitus squalens","species",793,"e02832","18S",1,"94-75",2022,12,NA,NA,"sample"
"1877","e02832-1-18S","Ebria tripartita","species",1684,"e02832","18S",1,"94-75",2022,12,NA,NA,"sample"
"1878","e02832-1-18S","Esquamula lacrimiformis","species",0,"e02832","18S",1,"94-75",2022,12,NA,NA,"sample"
"1879","e02832-1-18S","Gastropoda","class",0,"e02832","18S",1,"94-75",2022,12,NA,NA,"sample"
"1880","e02832-1-18S","Mamiellaceae","family",0,"e02832","18S",1,"94-75",2022,12,NA,NA,"sample"
"1881","e02832-1-18S","Mammalia","class",268,"e02832","18S",1,"94-75",2022,12,NA,NA,"sample"
"1882","e02832-1-18S","Mataza hastifera","species",1123,"e02832","18S",1,"94-75",2022,12,NA,NA,"sample"
"1883","e02832-1-18S","Pleurocybella porrigens","species",0,"e02832","18S",1,"94-75",2022,12,NA,NA,"sample"
"1884","e02832-1-18S","Polychaeta","class",0,"e02832","18S",1,"94-75",2022,12,NA,NA,"sample"
"1885","e02832-1-18S","Schizoporaceae","family",0,"e02832","18S",1,"94-75",2022,12,NA,NA,"sample"
"1886","e02832-1-18S","Strombidium biarmatum","species",457,"e02832","18S",1,"94-75",2022,12,NA,NA,"sample"
"1887","e02832-1-18S","Thaumatomonadida","order",1420,"e02832","18S",1,"94-75",2022,12,NA,NA,"sample"
"1888","e02832-1-18S","Tintinnidium cf. primitivum","species",0,"e02832","18S",1,"94-75",2022,12,NA,NA,"sample"
"1889","e02832-1-18S","Tremellales","order",0,"e02832","18S",1,"94-75",2022,12,NA,NA,"sample"
"1890","e02832-1-18S","Triparmaceae","family",0,"e02832","18S",1,"94-75",2022,12,NA,NA,"sample"
"1891","e02832-1-18S",NA,NA,2748,"e02832","18S",1,"94-75",2022,12,NA,NA,"sample"
"1892","e02832-2-18S","Actinopteri","class",0,"e02832","18S",2,"94-75",2022,12,NA,NA,"sample"
"1893","e02832-2-18S","Agaricales","order",0,"e02832","18S",2,"94-75",2022,12,NA,NA,"sample"
"1894","e02832-2-18S","Agaricomycetes","class",0,"e02832","18S",2,"94-75",2022,12,NA,NA,"sample"
"1895","e02832-2-18S","Amylocorticium cebennense","species",0,"e02832","18S",2,"94-75",2022,12,NA,NA,"sample"
"1896","e02832-2-18S","Ascomycota","phylum",0,"e02832","18S",2,"94-75",2022,12,NA,NA,"sample"
"1897","e02832-2-18S","Ascomycota/Basidiomycota","phylum",0,"e02832","18S",2,"94-75",2022,12,NA,NA,"sample"
"1898","e02832-2-18S","Auranticordis quadriverberis","species",25,"e02832","18S",2,"94-75",2022,12,NA,NA,"sample"
"1899","e02832-2-18S","Basidiomycota","phylum",185,"e02832","18S",2,"94-75",2022,12,NA,NA,"sample"
"1900","e02832-2-18S","Cercozoa","phylum",0,"e02832","18S",2,"94-75",2022,12,NA,NA,"sample"
"1901","e02832-2-18S","Chaetoceros","genus",11990.6861508031,"e02832","18S",2,"94-75",2022,12,NA,NA,"sample"
"1902","e02832-2-18S","Coscinodiscophyceae","class",0,"e02832","18S",2,"94-75",2022,12,NA,NA,"sample"
"1903","e02832-2-18S","Curvibasidium","genus",0,"e02832","18S",2,"94-75",2022,12,NA,NA,"sample"
"1904","e02832-2-18S","Cyclotrichium cyclokaryon","species",0,"e02832","18S",2,"94-75",2022,12,NA,NA,"sample"
"1905","e02832-2-18S","Cyranomonas australis","species",0,"e02832","18S",2,"94-75",2022,12,NA,NA,"sample"
"1906","e02832-2-18S","Decapoda","order",7541.01038961039,"e02832","18S",2,"94-75",2022,12,NA,NA,"sample"
"1907","e02832-2-18S","Dichomitus squalens","species",228,"e02832","18S",2,"94-75",2022,12,NA,NA,"sample"
"1908","e02832-2-18S","Ebria tripartita","species",278,"e02832","18S",2,"94-75",2022,12,NA,NA,"sample"
"1909","e02832-2-18S","Esquamula lacrimiformis","species",0,"e02832","18S",2,"94-75",2022,12,NA,NA,"sample"
"1910","e02832-2-18S","Gastropoda","class",0,"e02832","18S",2,"94-75",2022,12,NA,NA,"sample"
"1911","e02832-2-18S","Mamiellaceae","family",0,"e02832","18S",2,"94-75",2022,12,NA,NA,"sample"
"1912","e02832-2-18S","Mammalia","class",0,"e02832","18S",2,"94-75",2022,12,NA,NA,"sample"
"1913","e02832-2-18S","Mataza hastifera","species",0,"e02832","18S",2,"94-75",2022,12,NA,NA,"sample"
"1914","e02832-2-18S","Pleurocybella porrigens","species",0,"e02832","18S",2,"94-75",2022,12,NA,NA,"sample"
"1915","e02832-2-18S","Polychaeta","class",0,"e02832","18S",2,"94-75",2022,12,NA,NA,"sample"
"1916","e02832-2-18S","Schizoporaceae","family",0,"e02832","18S",2,"94-75",2022,12,NA,NA,"sample"
"1917","e02832-2-18S","Strombidium biarmatum","species",0,"e02832","18S",2,"94-75",2022,12,NA,NA,"sample"
"1918","e02832-2-18S","Thaumatomonadida","order",52,"e02832","18S",2,"94-75",2022,12,NA,NA,"sample"
"1919","e02832-2-18S","Tintinnidium cf. primitivum","species",0,"e02832","18S",2,"94-75",2022,12,NA,NA,"sample"
"1920","e02832-2-18S","Tremellales","order",0,"e02832","18S",2,"94-75",2022,12,NA,NA,"sample"
"1921","e02832-2-18S","Triparmaceae","family",0,"e02832","18S",2,"94-75",2022,12,NA,NA,"sample"
"1922","e02832-2-18S",NA,NA,3177,"e02832","18S",2,"94-75",2022,12,NA,NA,"sample"
"1923","e02833-1-18S","Actinopteri","class",0,"e02833","18S",1,"94-75",2022,12,NA,NA,"sample"
"1924","e02833-1-18S","Agaricales","order",0,"e02833","18S",1,"94-75",2022,12,NA,NA,"sample"
"1925","e02833-1-18S","Agaricomycetes","class",1064,"e02833","18S",1,"94-75",2022,12,NA,NA,"sample"
"1926","e02833-1-18S","Amylocorticium cebennense","species",0,"e02833","18S",1,"94-75",2022,12,NA,NA,"sample"
"1927","e02833-1-18S","Ascomycota","phylum",23,"e02833","18S",1,"94-75",2022,12,NA,NA,"sample"
"1928","e02833-1-18S","Ascomycota/Basidiomycota","phylum",0,"e02833","18S",1,"94-75",2022,12,NA,NA,"sample"
"1929","e02833-1-18S","Auranticordis quadriverberis","species",471,"e02833","18S",1,"94-75",2022,12,NA,NA,"sample"
"1930","e02833-1-18S","Basidiomycota","phylum",0,"e02833","18S",1,"94-75",2022,12,NA,NA,"sample"
"1931","e02833-1-18S","Cercozoa","phylum",0,"e02833","18S",1,"94-75",2022,12,NA,NA,"sample"
"1932","e02833-1-18S","Chaetoceros","genus",5299.87767281656,"e02833","18S",1,"94-75",2022,12,NA,NA,"sample"
"1933","e02833-1-18S","Coscinodiscophyceae","class",0,"e02833","18S",1,"94-75",2022,12,NA,NA,"sample"
"1934","e02833-1-18S","Curvibasidium","genus",0,"e02833","18S",1,"94-75",2022,12,NA,NA,"sample"
"1935","e02833-1-18S","Cyclotrichium cyclokaryon","species",0,"e02833","18S",1,"94-75",2022,12,NA,NA,"sample"
"1936","e02833-1-18S","Cyranomonas australis","species",0,"e02833","18S",1,"94-75",2022,12,NA,NA,"sample"
"1937","e02833-1-18S","Decapoda","order",13670.8207792208,"e02833","18S",1,"94-75",2022,12,NA,NA,"sample"
"1938","e02833-1-18S","Dichomitus squalens","species",243,"e02833","18S",1,"94-75",2022,12,NA,NA,"sample"
"1939","e02833-1-18S","Ebria tripartita","species",89,"e02833","18S",1,"94-75",2022,12,NA,NA,"sample"
"1940","e02833-1-18S","Esquamula lacrimiformis","species",0,"e02833","18S",1,"94-75",2022,12,NA,NA,"sample"
"1941","e02833-1-18S","Gastropoda","class",0,"e02833","18S",1,"94-75",2022,12,NA,NA,"sample"
"1942","e02833-1-18S","Mamiellaceae","family",0,"e02833","18S",1,"94-75",2022,12,NA,NA,"sample"
"1943","e02833-1-18S","Mammalia","class",242,"e02833","18S",1,"94-75",2022,12,NA,NA,"sample"
"1944","e02833-1-18S","Mataza hastifera","species",0,"e02833","18S",1,"94-75",2022,12,NA,NA,"sample"
"1945","e02833-1-18S","Pleurocybella porrigens","species",0,"e02833","18S",1,"94-75",2022,12,NA,NA,"sample"
"1946","e02833-1-18S","Polychaeta","class",0,"e02833","18S",1,"94-75",2022,12,NA,NA,"sample"
"1947","e02833-1-18S","Schizoporaceae","family",0,"e02833","18S",1,"94-75",2022,12,NA,NA,"sample"
"1948","e02833-1-18S","Strombidium biarmatum","species",11,"e02833","18S",1,"94-75",2022,12,NA,NA,"sample"
"1949","e02833-1-18S","Thaumatomonadida","order",98,"e02833","18S",1,"94-75",2022,12,NA,NA,"sample"
"1950","e02833-1-18S","Tintinnidium cf. primitivum","species",0,"e02833","18S",1,"94-75",2022,12,NA,NA,"sample"
"1951","e02833-1-18S","Tremellales","order",0,"e02833","18S",1,"94-75",2022,12,NA,NA,"sample"
"1952","e02833-1-18S","Triparmaceae","family",0,"e02833","18S",1,"94-75",2022,12,NA,NA,"sample"
"1953","e02833-1-18S",NA,NA,1546,"e02833","18S",1,"94-75",2022,12,NA,NA,"sample"
"1954","e02833-2-18S","Actinopteri","class",0,"e02833","18S",2,"94-75",2022,12,NA,NA,"sample"
"1955","e02833-2-18S","Agaricales","order",0,"e02833","18S",2,"94-75",2022,12,NA,NA,"sample"
"1956","e02833-2-18S","Agaricomycetes","class",1092,"e02833","18S",2,"94-75",2022,12,NA,NA,"sample"
"1957","e02833-2-18S","Amylocorticium cebennense","species",0,"e02833","18S",2,"94-75",2022,12,NA,NA,"sample"
"1958","e02833-2-18S","Ascomycota","phylum",0,"e02833","18S",2,"94-75",2022,12,NA,NA,"sample"
"1959","e02833-2-18S","Ascomycota/Basidiomycota","phylum",0,"e02833","18S",2,"94-75",2022,12,NA,NA,"sample"
"1960","e02833-2-18S","Auranticordis quadriverberis","species",176,"e02833","18S",2,"94-75",2022,12,NA,NA,"sample"
"1961","e02833-2-18S","Basidiomycota","phylum",0,"e02833","18S",2,"94-75",2022,12,NA,NA,"sample"
"1962","e02833-2-18S","Cercozoa","phylum",0,"e02833","18S",2,"94-75",2022,12,NA,NA,"sample"
"1963","e02833-2-18S","Chaetoceros","genus",4561.15758960543,"e02833","18S",2,"94-75",2022,12,NA,NA,"sample"
"1964","e02833-2-18S","Coscinodiscophyceae","class",0,"e02833","18S",2,"94-75",2022,12,NA,NA,"sample"
"1965","e02833-2-18S","Curvibasidium","genus",0,"e02833","18S",2,"94-75",2022,12,NA,NA,"sample"
"1966","e02833-2-18S","Cyclotrichium cyclokaryon","species",0,"e02833","18S",2,"94-75",2022,12,NA,NA,"sample"
"1967","e02833-2-18S","Cyranomonas australis","species",0,"e02833","18S",2,"94-75",2022,12,NA,NA,"sample"
"1968","e02833-2-18S","Decapoda","order",12244.0051948052,"e02833","18S",2,"94-75",2022,12,NA,NA,"sample"
"1969","e02833-2-18S","Dichomitus squalens","species",18,"e02833","18S",2,"94-75",2022,12,NA,NA,"sample"
"1970","e02833-2-18S","Ebria tripartita","species",0,"e02833","18S",2,"94-75",2022,12,NA,NA,"sample"
"1971","e02833-2-18S","Esquamula lacrimiformis","species",0,"e02833","18S",2,"94-75",2022,12,NA,NA,"sample"
"1972","e02833-2-18S","Gastropoda","class",0,"e02833","18S",2,"94-75",2022,12,NA,NA,"sample"
"1973","e02833-2-18S","Mamiellaceae","family",0,"e02833","18S",2,"94-75",2022,12,NA,NA,"sample"
"1974","e02833-2-18S","Mammalia","class",28,"e02833","18S",2,"94-75",2022,12,NA,NA,"sample"
"1975","e02833-2-18S","Mataza hastifera","species",333,"e02833","18S",2,"94-75",2022,12,NA,NA,"sample"
"1976","e02833-2-18S","Pleurocybella porrigens","species",0,"e02833","18S",2,"94-75",2022,12,NA,NA,"sample"
"1977","e02833-2-18S","Polychaeta","class",0,"e02833","18S",2,"94-75",2022,12,NA,NA,"sample"
"1978","e02833-2-18S","Schizoporaceae","family",0,"e02833","18S",2,"94-75",2022,12,NA,NA,"sample"
"1979","e02833-2-18S","Strombidium biarmatum","species",10,"e02833","18S",2,"94-75",2022,12,NA,NA,"sample"
"1980","e02833-2-18S","Thaumatomonadida","order",148,"e02833","18S",2,"94-75",2022,12,NA,NA,"sample"
"1981","e02833-2-18S","Tintinnidium cf. primitivum","species",0,"e02833","18S",2,"94-75",2022,12,NA,NA,"sample"
"1982","e02833-2-18S","Tremellales","order",0,"e02833","18S",2,"94-75",2022,12,NA,NA,"sample"
"1983","e02833-2-18S","Triparmaceae","family",0,"e02833","18S",2,"94-75",2022,12,NA,NA,"sample"
"1984","e02833-2-18S",NA,NA,1962,"e02833","18S",2,"94-75",2022,12,NA,NA,"sample"
"1985","e02834-2-18S","Actinopteri","class",0,"e02834","18S",2,"162-9",2022,12,16,"Haul 1","sample"
"1986","e02834-2-18S","Agaricales","order",0,"e02834","18S",2,"162-9",2022,12,16,"Haul 1","sample"
"1987","e02834-2-18S","Agaricomycetes","class",158,"e02834","18S",2,"162-9",2022,12,16,"Haul 1","sample"
"1988","e02834-2-18S","Amylocorticium cebennense","species",0,"e02834","18S",2,"162-9",2022,12,16,"Haul 1","sample"
"1989","e02834-2-18S","Ascomycota","phylum",0,"e02834","18S",2,"162-9",2022,12,16,"Haul 1","sample"
"1990","e02834-2-18S","Ascomycota/Basidiomycota","phylum",0,"e02834","18S",2,"162-9",2022,12,16,"Haul 1","sample"
"1991","e02834-2-18S","Auranticordis quadriverberis","species",13625,"e02834","18S",2,"162-9",2022,12,16,"Haul 1","sample"
"1992","e02834-2-18S","Basidiomycota","phylum",0,"e02834","18S",2,"162-9",2022,12,16,"Haul 1","sample"
"1993","e02834-2-18S","Cercozoa","phylum",8202,"e02834","18S",2,"162-9",2022,12,16,"Haul 1","sample"
"1994","e02834-2-18S","Chaetoceros","genus",270.914572178836,"e02834","18S",2,"162-9",2022,12,16,"Haul 1","sample"
"1995","e02834-2-18S","Coscinodiscophyceae","class",248,"e02834","18S",2,"162-9",2022,12,16,"Haul 1","sample"
"1996","e02834-2-18S","Curvibasidium","genus",0,"e02834","18S",2,"162-9",2022,12,16,"Haul 1","sample"
"1997","e02834-2-18S","Cyclotrichium cyclokaryon","species",0,"e02834","18S",2,"162-9",2022,12,16,"Haul 1","sample"
"1998","e02834-2-18S","Cyranomonas australis","species",802,"e02834","18S",2,"162-9",2022,12,16,"Haul 1","sample"
"1999","e02834-2-18S","Decapoda","order",345.514285714286,"e02834","18S",2,"162-9",2022,12,16,"Haul 1","sample"
"2000","e02834-2-18S","Dichomitus squalens","species",633,"e02834","18S",2,"162-9",2022,12,16,"Haul 1","sample"
"2001","e02834-2-18S","Ebria tripartita","species",0,"e02834","18S",2,"162-9",2022,12,16,"Haul 1","sample"
"2002","e02834-2-18S","Esquamula lacrimiformis","species",661,"e02834","18S",2,"162-9",2022,12,16,"Haul 1","sample"
"2003","e02834-2-18S","Gastropoda","class",0,"e02834","18S",2,"162-9",2022,12,16,"Haul 1","sample"
"2004","e02834-2-18S","Mamiellaceae","family",163,"e02834","18S",2,"162-9",2022,12,16,"Haul 1","sample"
"2005","e02834-2-18S","Mammalia","class",9,"e02834","18S",2,"162-9",2022,12,16,"Haul 1","sample"
"2006","e02834-2-18S","Mataza hastifera","species",875,"e02834","18S",2,"162-9",2022,12,16,"Haul 1","sample"
"2007","e02834-2-18S","Pleurocybella porrigens","species",0,"e02834","18S",2,"162-9",2022,12,16,"Haul 1","sample"
"2008","e02834-2-18S","Polychaeta","class",0,"e02834","18S",2,"162-9",2022,12,16,"Haul 1","sample"
"2009","e02834-2-18S","Schizoporaceae","family",0,"e02834","18S",2,"162-9",2022,12,16,"Haul 1","sample"
"2010","e02834-2-18S","Strombidium biarmatum","species",325,"e02834","18S",2,"162-9",2022,12,16,"Haul 1","sample"
"2011","e02834-2-18S","Thaumatomonadida","order",1494,"e02834","18S",2,"162-9",2022,12,16,"Haul 1","sample"
"2012","e02834-2-18S","Tintinnidium cf. primitivum","species",0,"e02834","18S",2,"162-9",2022,12,16,"Haul 1","sample"
"2013","e02834-2-18S","Tremellales","order",0,"e02834","18S",2,"162-9",2022,12,16,"Haul 1","sample"
"2014","e02834-2-18S","Triparmaceae","family",22,"e02834","18S",2,"162-9",2022,12,16,"Haul 1","sample"
"2015","e02834-2-18S",NA,NA,6836,"e02834","18S",2,"162-9",2022,12,16,"Haul 1","sample"
"2016","e02835-1-18S","Actinopteri","class",2892,"e02835","18S",1,"94-75",2022,12,NA,NA,"sample"
"2017","e02835-1-18S","Agaricales","order",0,"e02835","18S",1,"94-75",2022,12,NA,NA,"sample"
"2018","e02835-1-18S","Agaricomycetes","class",331,"e02835","18S",1,"94-75",2022,12,NA,NA,"sample"
"2019","e02835-1-18S","Amylocorticium cebennense","species",0,"e02835","18S",1,"94-75",2022,12,NA,NA,"sample"
"2020","e02835-1-18S","Ascomycota","phylum",185,"e02835","18S",1,"94-75",2022,12,NA,NA,"sample"
"2021","e02835-1-18S","Ascomycota/Basidiomycota","phylum",0,"e02835","18S",1,"94-75",2022,12,NA,NA,"sample"
"2022","e02835-1-18S","Auranticordis quadriverberis","species",53,"e02835","18S",1,"94-75",2022,12,NA,NA,"sample"
"2023","e02835-1-18S","Basidiomycota","phylum",141,"e02835","18S",1,"94-75",2022,12,NA,NA,"sample"
"2024","e02835-1-18S","Cercozoa","phylum",0,"e02835","18S",1,"94-75",2022,12,NA,NA,"sample"
"2025","e02835-1-18S","Chaetoceros","genus",1858.55185349384,"e02835","18S",1,"94-75",2022,12,NA,NA,"sample"
"2026","e02835-1-18S","Coscinodiscophyceae","class",0,"e02835","18S",1,"94-75",2022,12,NA,NA,"sample"
"2027","e02835-1-18S","Curvibasidium","genus",0,"e02835","18S",1,"94-75",2022,12,NA,NA,"sample"
"2028","e02835-1-18S","Cyclotrichium cyclokaryon","species",0,"e02835","18S",1,"94-75",2022,12,NA,NA,"sample"
"2029","e02835-1-18S","Cyranomonas australis","species",0,"e02835","18S",1,"94-75",2022,12,NA,NA,"sample"
"2030","e02835-1-18S","Decapoda","order",2977.90476190476,"e02835","18S",1,"94-75",2022,12,NA,NA,"sample"
"2031","e02835-1-18S","Dichomitus squalens","species",0,"e02835","18S",1,"94-75",2022,12,NA,NA,"sample"
"2032","e02835-1-18S","Ebria tripartita","species",0,"e02835","18S",1,"94-75",2022,12,NA,NA,"sample"
"2033","e02835-1-18S","Esquamula lacrimiformis","species",7,"e02835","18S",1,"94-75",2022,12,NA,NA,"sample"
"2034","e02835-1-18S","Gastropoda","class",0,"e02835","18S",1,"94-75",2022,12,NA,NA,"sample"
"2035","e02835-1-18S","Mamiellaceae","family",0,"e02835","18S",1,"94-75",2022,12,NA,NA,"sample"
"2036","e02835-1-18S","Mammalia","class",0,"e02835","18S",1,"94-75",2022,12,NA,NA,"sample"
"2037","e02835-1-18S","Mataza hastifera","species",0,"e02835","18S",1,"94-75",2022,12,NA,NA,"sample"
"2038","e02835-1-18S","Pleurocybella porrigens","species",0,"e02835","18S",1,"94-75",2022,12,NA,NA,"sample"
"2039","e02835-1-18S","Polychaeta","class",0,"e02835","18S",1,"94-75",2022,12,NA,NA,"sample"
"2040","e02835-1-18S","Schizoporaceae","family",0,"e02835","18S",1,"94-75",2022,12,NA,NA,"sample"
"2041","e02835-1-18S","Strombidium biarmatum","species",0,"e02835","18S",1,"94-75",2022,12,NA,NA,"sample"
"2042","e02835-1-18S","Thaumatomonadida","order",0,"e02835","18S",1,"94-75",2022,12,NA,NA,"sample"
"2043","e02835-1-18S","Tintinnidium cf. primitivum","species",0,"e02835","18S",1,"94-75",2022,12,NA,NA,"sample"
"2044","e02835-1-18S","Tremellales","order",0,"e02835","18S",1,"94-75",2022,12,NA,NA,"sample"
"2045","e02835-1-18S","Triparmaceae","family",0,"e02835","18S",1,"94-75",2022,12,NA,NA,"sample"
"2046","e02835-1-18S",NA,NA,1426,"e02835","18S",1,"94-75",2022,12,NA,NA,"sample"
"2047","e02835-2-18S","Actinopteri","class",4469,"e02835","18S",2,"94-75",2022,12,NA,NA,"sample"
"2048","e02835-2-18S","Agaricales","order",273,"e02835","18S",2,"94-75",2022,12,NA,NA,"sample"
"2049","e02835-2-18S","Agaricomycetes","class",198,"e02835","18S",2,"94-75",2022,12,NA,NA,"sample"
"2050","e02835-2-18S","Amylocorticium cebennense","species",227,"e02835","18S",2,"94-75",2022,12,NA,NA,"sample"
"2051","e02835-2-18S","Ascomycota","phylum",0,"e02835","18S",2,"94-75",2022,12,NA,NA,"sample"
"2052","e02835-2-18S","Ascomycota/Basidiomycota","phylum",0,"e02835","18S",2,"94-75",2022,12,NA,NA,"sample"
"2053","e02835-2-18S","Auranticordis quadriverberis","species",22,"e02835","18S",2,"94-75",2022,12,NA,NA,"sample"
"2054","e02835-2-18S","Basidiomycota","phylum",0,"e02835","18S",2,"94-75",2022,12,NA,NA,"sample"
"2055","e02835-2-18S","Cercozoa","phylum",0,"e02835","18S",2,"94-75",2022,12,NA,NA,"sample"
"2056","e02835-2-18S","Chaetoceros","genus",458.484602530437,"e02835","18S",2,"94-75",2022,12,NA,NA,"sample"
"2057","e02835-2-18S","Coscinodiscophyceae","class",0,"e02835","18S",2,"94-75",2022,12,NA,NA,"sample"
"2058","e02835-2-18S","Curvibasidium","genus",0,"e02835","18S",2,"94-75",2022,12,NA,NA,"sample"
"2059","e02835-2-18S","Cyclotrichium cyclokaryon","species",3,"e02835","18S",2,"94-75",2022,12,NA,NA,"sample"
"2060","e02835-2-18S","Cyranomonas australis","species",0,"e02835","18S",2,"94-75",2022,12,NA,NA,"sample"
"2061","e02835-2-18S","Decapoda","order",2521.6202020202,"e02835","18S",2,"94-75",2022,12,NA,NA,"sample"
"2062","e02835-2-18S","Dichomitus squalens","species",0,"e02835","18S",2,"94-75",2022,12,NA,NA,"sample"
"2063","e02835-2-18S","Ebria tripartita","species",0,"e02835","18S",2,"94-75",2022,12,NA,NA,"sample"
"2064","e02835-2-18S","Esquamula lacrimiformis","species",13,"e02835","18S",2,"94-75",2022,12,NA,NA,"sample"
"2065","e02835-2-18S","Gastropoda","class",0,"e02835","18S",2,"94-75",2022,12,NA,NA,"sample"
"2066","e02835-2-18S","Mamiellaceae","family",0,"e02835","18S",2,"94-75",2022,12,NA,NA,"sample"
"2067","e02835-2-18S","Mammalia","class",0,"e02835","18S",2,"94-75",2022,12,NA,NA,"sample"
"2068","e02835-2-18S","Mataza hastifera","species",0,"e02835","18S",2,"94-75",2022,12,NA,NA,"sample"
"2069","e02835-2-18S","Pleurocybella porrigens","species",0,"e02835","18S",2,"94-75",2022,12,NA,NA,"sample"
"2070","e02835-2-18S","Polychaeta","class",0,"e02835","18S",2,"94-75",2022,12,NA,NA,"sample"
"2071","e02835-2-18S","Schizoporaceae","family",0,"e02835","18S",2,"94-75",2022,12,NA,NA,"sample"
"2072","e02835-2-18S","Strombidium biarmatum","species",4,"e02835","18S",2,"94-75",2022,12,NA,NA,"sample"
"2073","e02835-2-18S","Thaumatomonadida","order",200,"e02835","18S",2,"94-75",2022,12,NA,NA,"sample"
"2074","e02835-2-18S","Tintinnidium cf. primitivum","species",0,"e02835","18S",2,"94-75",2022,12,NA,NA,"sample"
"2075","e02835-2-18S","Tremellales","order",0,"e02835","18S",2,"94-75",2022,12,NA,NA,"sample"
"2076","e02835-2-18S","Triparmaceae","family",0,"e02835","18S",2,"94-75",2022,12,NA,NA,"sample"
"2077","e02835-2-18S",NA,NA,2011,"e02835","18S",2,"94-75",2022,12,NA,NA,"sample"
